{"data":[{"AreaShortName":"ZAMN","AreaPrice":210,"AreaColor":null},{"AreaShortName":"ZAMM","AreaPrice":210,"AreaColor":null},{"AreaShortName":"ANG","AreaPrice":0,"AreaColor":null},{"AreaShortName":"BOT","AreaPrice":210,"AreaColor":null},{"AreaShortName":"DRC","AreaPrice":210,"AreaColor":null},{"AreaShortName":"LES","AreaPrice":210,"AreaColor":null},{"AreaShortName":"MAL","AreaPrice":0,"AreaColor":null},{"AreaShortName":"MOZS","AreaPrice":210,"AreaColor":null},{"AreaShortName":"NAM","AreaPrice":210,"AreaColor":null},{"AreaShortName":"RSAN","AreaPrice":210,"AreaColor":null},{"AreaShortName":"RSAS","AreaPrice":210,"AreaColor":null},{"AreaShortName":"TAN","AreaPrice":0,"AreaColor":null},{"AreaShortName":"ZAMZ","AreaPrice":210,"AreaColor":null},{"AreaShortName":"ZIM","AreaPrice":210,"AreaColor":null},{"AreaShortName":"ZIMA","AreaPrice":210,"AreaColor":null},{"AreaShortName":"ZAMC","AreaPrice":210,"AreaColor":null},{"AreaShortName":"MOZN_EDM","AreaPrice":210,"AreaColor":null},{"AreaShortName":"MOZN_HCB","AreaPrice":210,"AreaColor":null},{"AreaShortName":"MOZC_EDM","AreaPrice":210,"AreaColor":null},{"AreaShortName":"ESW","AreaPrice":210,"AreaColor":null},{"AreaShortName":"ZAML","AreaPrice":210,"AreaColor":null}],"success":true,"error":"","avgPRZAR":2763.18,"avgPRUSD":138.21,"dateToday":"2023/05/12","currenrPrice":138.21,"matchVolume":0,"tradeVolume":0,"rate":0,"mapColors":[{"ColorName":"Red","RGB1":"rgb(168,70,91)","RGB2":"rgb(89,0,19)","AreaName":"ZAMN"},{"ColorName":"Red","RGB1":"rgb(168,70,91)","RGB2":"rgb(89,0,19)","AreaName":"ZAMM"},{"ColorName":"Red","RGB1":"rgb(168,70,91)","RGB2":"rgb(89,0,19)","AreaName":"BOT"},{"ColorName":"Red","RGB1":"rgb(168,70,91)","RGB2":"rgb(89,0,19)","AreaName":"DRC"},{"ColorName":"Red","RGB1":"rgb(168,70,91)","RGB2":"rgb(89,0,19)","AreaName":"LES"},{"ColorName":"Red","RGB1":"rgb(168,70,91)","RGB2":"rgb(89,0,19)","AreaName":"MOZS"},{"ColorName":"Red","RGB1":"rgb(168,70,91)","RGB2":"rgb(89,0,19)","AreaName":"NAM"},{"ColorName":"Red","RGB1":"rgb(168,70,91)","RGB2":"rgb(89,0,19)","AreaName":"RSAN"},{"ColorName":"Red","RGB1":"rgb(168,70,91)","RGB2":"rgb(89,0,19)","AreaName":"RSAS"},{"ColorName":"Red","RGB1":"rgb(168,70,91)","RGB2":"rgb(89,0,19)","AreaName":"ZAMZ"},{"ColorName":"Red","RGB1":"rgb(168,70,91)","RGB2":"rgb(89,0,19)","AreaName":"ZIM"},{"ColorName":"Red","RGB1":"rgb(168,70,91)","RGB2":"rgb(89,0,19)","AreaName":"ZIMA"},{"ColorName":"Red","RGB1":"rgb(168,70,91)","RGB2":"rgb(89,0,19)","AreaName":"ZAMC"},{"ColorName":"Red","RGB1":"rgb(168,70,91)","RGB2":"rgb(89,0,19)","AreaName":"MOZN_EDM"},{"ColorName":"Red","RGB1":"rgb(168,70,91)","RGB2":"rgb(89,0,19)","AreaName":"MOZN_HCB"},{"ColorName":"Red","RGB1":"rgb(168,70,91)","RGB2":"rgb(89,0,19)","AreaName":"MOZC_EDM"},{"ColorName":"Red","RGB1":"rgb(168,70,91)","RGB2":"rgb(89,0,19)","AreaName":"ESW"},{"ColorName":"Red","RGB1":"rgb(168,70,91)","RGB2":"rgb(89,0,19)","AreaName":"ZAML"},{"ColorName":"Yellow","RGB1":"rgb(249,198,103)","RGB2":"rgb(249,116,0)","AreaName":"ANG"},{"ColorName":"Yellow","RGB1":"rgb(249,198,103)","RGB2":"rgb(249,116,0)","AreaName":"MAL"},{"ColorName":"Yellow","RGB1":"rgb(249,198,103)","RGB2":"rgb(249,116,0)","AreaName":"TAN"}],"excelData":[["Area Name","Price"],["ZAMN",210],["ZAMM",210],["ANG",0],["BOT",210],["DRC",210],["LES",210],["MAL",0],["MOZS",210],["NAM",210],["RSAN",210],["RSAS",210],["TAN",0],["ZAMZ",210],["ZIM",210],["ZIMA",210],["ZAMC",210],["MOZN_EDM",210],["MOZN_HCB",210],["MOZC_EDM",210],["ESW",210],["ZAML",210]]}