{"data":[{"AreaShortName":"ZAMN","AreaPrice":98,"AreaColor":null},{"AreaShortName":"ZAMM","AreaPrice":98,"AreaColor":null},{"AreaShortName":"ANG","AreaPrice":0,"AreaColor":null},{"AreaShortName":"BOT","AreaPrice":24.88,"AreaColor":null},{"AreaShortName":"DRC","AreaPrice":98,"AreaColor":null},{"AreaShortName":"LES","AreaPrice":24.88,"AreaColor":null},{"AreaShortName":"MAL","AreaPrice":0,"AreaColor":null},{"AreaShortName":"MOZS","AreaPrice":24.88,"AreaColor":null},{"AreaShortName":"NAM","AreaPrice":24.88,"AreaColor":null},{"AreaShortName":"RSAN","AreaPrice":24.88,"AreaColor":null},{"AreaShortName":"RSAS","AreaPrice":24.88,"AreaColor":null},{"AreaShortName":"TAN","AreaPrice":0,"AreaColor":null},{"AreaShortName":"ZAMZ","AreaPrice":98,"AreaColor":null},{"AreaShortName":"ZIM","AreaPrice":98,"AreaColor":null},{"AreaShortName":"ZIMA","AreaPrice":98,"AreaColor":null},{"AreaShortName":"ZAMC","AreaPrice":98,"AreaColor":null},{"AreaShortName":"MOZN_EDM","AreaPrice":98,"AreaColor":null},{"AreaShortName":"MOZN_HCB","AreaPrice":98,"AreaColor":null},{"AreaShortName":"MOZC_EDM","AreaPrice":98,"AreaColor":null},{"AreaShortName":"ESW","AreaPrice":24.88,"AreaColor":null},{"AreaShortName":"ZAML","AreaPrice":98,"AreaColor":null}],"success":true,"error":"","avgPRZAR":2763.18,"avgPRUSD":138.21,"dateToday":"2023/05/12","currenrPrice":138.21,"matchVolume":0,"tradeVolume":0,"rate":0,"mapColors":[{"ColorName":"Red","RGB1":"rgb(168,70,91)","RGB2":"rgb(89,0,19)","AreaName":"ZAMN"},{"ColorName":"Red","RGB1":"rgb(168,70,91)","RGB2":"rgb(89,0,19)","AreaName":"ZAMM"},{"ColorName":"Red","RGB1":"rgb(168,70,91)","RGB2":"rgb(89,0,19)","AreaName":"DRC"},{"ColorName":"Red","RGB1":"rgb(168,70,91)","RGB2":"rgb(89,0,19)","AreaName":"ZAMZ"},{"ColorName":"Red","RGB1":"rgb(168,70,91)","RGB2":"rgb(89,0,19)","AreaName":"ZIM"},{"ColorName":"Red","RGB1":"rgb(168,70,91)","RGB2":"rgb(89,0,19)","AreaName":"ZIMA"},{"ColorName":"Red","RGB1":"rgb(168,70,91)","RGB2":"rgb(89,0,19)","AreaName":"ZAMC"},{"ColorName":"Red","RGB1":"rgb(168,70,91)","RGB2":"rgb(89,0,19)","AreaName":"MOZN_EDM"},{"ColorName":"Red","RGB1":"rgb(168,70,91)","RGB2":"rgb(89,0,19)","AreaName":"MOZN_HCB"},{"ColorName":"Red","RGB1":"rgb(168,70,91)","RGB2":"rgb(89,0,19)","AreaName":"MOZC_EDM"},{"ColorName":"Red","RGB1":"rgb(168,70,91)","RGB2":"rgb(89,0,19)","AreaName":"ZAML"},{"ColorName":"Yellow","RGB1":"rgb(249,198,103)","RGB2":"rgb(249,116,0)","AreaName":"ANG"},{"ColorName":"Yellow","RGB1":"rgb(249,198,103)","RGB2":"rgb(249,116,0)","AreaName":"MAL"},{"ColorName":"Yellow","RGB1":"rgb(249,198,103)","RGB2":"rgb(249,116,0)","AreaName":"TAN"},{"ColorName":"Green","RGB1":"rgb(186,221,95)","RGB2":"rgb(57,130,53)","AreaName":"BOT"},{"ColorName":"Green","RGB1":"rgb(186,221,95)","RGB2":"rgb(57,130,53)","AreaName":"LES"},{"ColorName":"Green","RGB1":"rgb(186,221,95)","RGB2":"rgb(57,130,53)","AreaName":"MOZS"},{"ColorName":"Green","RGB1":"rgb(186,221,95)","RGB2":"rgb(57,130,53)","AreaName":"NAM"},{"ColorName":"Green","RGB1":"rgb(186,221,95)","RGB2":"rgb(57,130,53)","AreaName":"RSAN"},{"ColorName":"Green","RGB1":"rgb(186,221,95)","RGB2":"rgb(57,130,53)","AreaName":"RSAS"},{"ColorName":"Green","RGB1":"rgb(186,221,95)","RGB2":"rgb(57,130,53)","AreaName":"ESW"}],"excelData":[["Area Name","Price"],["ZAMN",98],["ZAMM",98],["ANG",0],["BOT",24.88],["DRC",98],["LES",24.88],["MAL",0],["MOZS",24.88],["NAM",24.88],["RSAN",24.88],["RSAS",24.88],["TAN",0],["ZAMZ",98],["ZIM",98],["ZIMA",98],["ZAMC",98],["MOZN_EDM",98],["MOZN_HCB",98],["MOZC_EDM",98],["ESW",24.88],["ZAML",98]]}