{"data":[{"AreaShortName":"ZAMN","AreaPrice":110,"AreaColor":null},{"AreaShortName":"ZAMM","AreaPrice":110,"AreaColor":null},{"AreaShortName":"ANG","AreaPrice":0,"AreaColor":null},{"AreaShortName":"BOT","AreaPrice":110,"AreaColor":null},{"AreaShortName":"DRC","AreaPrice":110,"AreaColor":null},{"AreaShortName":"LES","AreaPrice":110,"AreaColor":null},{"AreaShortName":"MAL","AreaPrice":0,"AreaColor":null},{"AreaShortName":"MOZS","AreaPrice":110,"AreaColor":null},{"AreaShortName":"NAM","AreaPrice":110,"AreaColor":null},{"AreaShortName":"RSAN","AreaPrice":110,"AreaColor":null},{"AreaShortName":"RSAS","AreaPrice":110,"AreaColor":null},{"AreaShortName":"TAN","AreaPrice":0,"AreaColor":null},{"AreaShortName":"ZAMZ","AreaPrice":110,"AreaColor":null},{"AreaShortName":"ZIM","AreaPrice":110,"AreaColor":null},{"AreaShortName":"ZIMA","AreaPrice":110,"AreaColor":null},{"AreaShortName":"ZAMC","AreaPrice":110,"AreaColor":null},{"AreaShortName":"MOZN_EDM","AreaPrice":110,"AreaColor":null},{"AreaShortName":"MOZN_HCB","AreaPrice":110,"AreaColor":null},{"AreaShortName":"MOZC_EDM","AreaPrice":110,"AreaColor":null},{"AreaShortName":"ESW","AreaPrice":110,"AreaColor":null},{"AreaShortName":"ZAML","AreaPrice":110,"AreaColor":null}],"success":true,"error":"","avgPRZAR":2763.18,"avgPRUSD":138.21,"dateToday":"2023/05/12","currenrPrice":138.21,"matchVolume":0,"tradeVolume":0,"rate":0,"mapColors":[{"ColorName":"Red","RGB1":"rgb(168,70,91)","RGB2":"rgb(89,0,19)","AreaName":"ZAMN"},{"ColorName":"Red","RGB1":"rgb(168,70,91)","RGB2":"rgb(89,0,19)","AreaName":"ZAMM"},{"ColorName":"Red","RGB1":"rgb(168,70,91)","RGB2":"rgb(89,0,19)","AreaName":"BOT"},{"ColorName":"Red","RGB1":"rgb(168,70,91)","RGB2":"rgb(89,0,19)","AreaName":"DRC"},{"ColorName":"Red","RGB1":"rgb(168,70,91)","RGB2":"rgb(89,0,19)","AreaName":"LES"},{"ColorName":"Red","RGB1":"rgb(168,70,91)","RGB2":"rgb(89,0,19)","AreaName":"MOZS"},{"ColorName":"Red","RGB1":"rgb(168,70,91)","RGB2":"rgb(89,0,19)","AreaName":"NAM"},{"ColorName":"Red","RGB1":"rgb(168,70,91)","RGB2":"rgb(89,0,19)","AreaName":"RSAN"},{"ColorName":"Red","RGB1":"rgb(168,70,91)","RGB2":"rgb(89,0,19)","AreaName":"RSAS"},{"ColorName":"Red","RGB1":"rgb(168,70,91)","RGB2":"rgb(89,0,19)","AreaName":"ZAMZ"},{"ColorName":"Red","RGB1":"rgb(168,70,91)","RGB2":"rgb(89,0,19)","AreaName":"ZIM"},{"ColorName":"Red","RGB1":"rgb(168,70,91)","RGB2":"rgb(89,0,19)","AreaName":"ZIMA"},{"ColorName":"Red","RGB1":"rgb(168,70,91)","RGB2":"rgb(89,0,19)","AreaName":"ZAMC"},{"ColorName":"Red","RGB1":"rgb(168,70,91)","RGB2":"rgb(89,0,19)","AreaName":"MOZN_EDM"},{"ColorName":"Red","RGB1":"rgb(168,70,91)","RGB2":"rgb(89,0,19)","AreaName":"MOZN_HCB"},{"ColorName":"Red","RGB1":"rgb(168,70,91)","RGB2":"rgb(89,0,19)","AreaName":"MOZC_EDM"},{"ColorName":"Red","RGB1":"rgb(168,70,91)","RGB2":"rgb(89,0,19)","AreaName":"ESW"},{"ColorName":"Red","RGB1":"rgb(168,70,91)","RGB2":"rgb(89,0,19)","AreaName":"ZAML"},{"ColorName":"Yellow","RGB1":"rgb(249,198,103)","RGB2":"rgb(249,116,0)","AreaName":"ANG"},{"ColorName":"Yellow","RGB1":"rgb(249,198,103)","RGB2":"rgb(249,116,0)","AreaName":"MAL"},{"ColorName":"Yellow","RGB1":"rgb(249,198,103)","RGB2":"rgb(249,116,0)","AreaName":"TAN"}],"excelData":[["Area Name","Price"],["ZAMN",110],["ZAMM",110],["ANG",0],["BOT",110],["DRC",110],["LES",110],["MAL",0],["MOZS",110],["NAM",110],["RSAN",110],["RSAS",110],["TAN",0],["ZAMZ",110],["ZIM",110],["ZIMA",110],["ZAMC",110],["MOZN_EDM",110],["MOZN_HCB",110],["MOZC_EDM",110],["ESW",110],["ZAML",110]]}