{"data":[{"AreaShortName":"ZAMN","AreaPrice":260.15,"AreaColor":null},{"AreaShortName":"ZAMM","AreaPrice":260.15,"AreaColor":null},{"AreaShortName":"ANG","AreaPrice":0,"AreaColor":null},{"AreaShortName":"BOT","AreaPrice":38.95,"AreaColor":null},{"AreaShortName":"DRC","AreaPrice":260.15,"AreaColor":null},{"AreaShortName":"LES","AreaPrice":38.95,"AreaColor":null},{"AreaShortName":"MAL","AreaPrice":0,"AreaColor":null},{"AreaShortName":"MOZS","AreaPrice":38.95,"AreaColor":null},{"AreaShortName":"NAM","AreaPrice":38.95,"AreaColor":null},{"AreaShortName":"RSAN","AreaPrice":38.95,"AreaColor":null},{"AreaShortName":"RSAS","AreaPrice":38.95,"AreaColor":null},{"AreaShortName":"TAN","AreaPrice":0,"AreaColor":null},{"AreaShortName":"ZAMZ","AreaPrice":260.15,"AreaColor":null},{"AreaShortName":"ZIM","AreaPrice":260.15,"AreaColor":null},{"AreaShortName":"ZIMA","AreaPrice":260.15,"AreaColor":null},{"AreaShortName":"ZAMC","AreaPrice":260.15,"AreaColor":null},{"AreaShortName":"MOZN_EDM","AreaPrice":260.15,"AreaColor":null},{"AreaShortName":"MOZN_HCB","AreaPrice":260.15,"AreaColor":null},{"AreaShortName":"MOZC_EDM","AreaPrice":260.15,"AreaColor":null},{"AreaShortName":"ESW","AreaPrice":38.95,"AreaColor":null},{"AreaShortName":"ZAML","AreaPrice":260.15,"AreaColor":null}],"success":true,"error":"","avgPRZAR":1139.61,"avgPRUSD":58.24,"dateToday":"2023/05/05","currenrPrice":58.24,"matchVolume":0,"tradeVolume":0,"rate":0,"mapColors":[{"ColorName":"Red","RGB1":"rgb(168,70,91)","RGB2":"rgb(89,0,19)","AreaName":"ZAMN"},{"ColorName":"Red","RGB1":"rgb(168,70,91)","RGB2":"rgb(89,0,19)","AreaName":"ZAMM"},{"ColorName":"Red","RGB1":"rgb(168,70,91)","RGB2":"rgb(89,0,19)","AreaName":"DRC"},{"ColorName":"Red","RGB1":"rgb(168,70,91)","RGB2":"rgb(89,0,19)","AreaName":"ZAMZ"},{"ColorName":"Red","RGB1":"rgb(168,70,91)","RGB2":"rgb(89,0,19)","AreaName":"ZIM"},{"ColorName":"Red","RGB1":"rgb(168,70,91)","RGB2":"rgb(89,0,19)","AreaName":"ZIMA"},{"ColorName":"Red","RGB1":"rgb(168,70,91)","RGB2":"rgb(89,0,19)","AreaName":"ZAMC"},{"ColorName":"Red","RGB1":"rgb(168,70,91)","RGB2":"rgb(89,0,19)","AreaName":"MOZN_EDM"},{"ColorName":"Red","RGB1":"rgb(168,70,91)","RGB2":"rgb(89,0,19)","AreaName":"MOZN_HCB"},{"ColorName":"Red","RGB1":"rgb(168,70,91)","RGB2":"rgb(89,0,19)","AreaName":"MOZC_EDM"},{"ColorName":"Red","RGB1":"rgb(168,70,91)","RGB2":"rgb(89,0,19)","AreaName":"ZAML"},{"ColorName":"Yellow","RGB1":"rgb(249,198,103)","RGB2":"rgb(249,116,0)","AreaName":"ANG"},{"ColorName":"Yellow","RGB1":"rgb(249,198,103)","RGB2":"rgb(249,116,0)","AreaName":"MAL"},{"ColorName":"Yellow","RGB1":"rgb(249,198,103)","RGB2":"rgb(249,116,0)","AreaName":"TAN"},{"ColorName":"Green","RGB1":"rgb(186,221,95)","RGB2":"rgb(57,130,53)","AreaName":"BOT"},{"ColorName":"Green","RGB1":"rgb(186,221,95)","RGB2":"rgb(57,130,53)","AreaName":"LES"},{"ColorName":"Green","RGB1":"rgb(186,221,95)","RGB2":"rgb(57,130,53)","AreaName":"MOZS"},{"ColorName":"Green","RGB1":"rgb(186,221,95)","RGB2":"rgb(57,130,53)","AreaName":"NAM"},{"ColorName":"Green","RGB1":"rgb(186,221,95)","RGB2":"rgb(57,130,53)","AreaName":"RSAN"},{"ColorName":"Green","RGB1":"rgb(186,221,95)","RGB2":"rgb(57,130,53)","AreaName":"RSAS"},{"ColorName":"Green","RGB1":"rgb(186,221,95)","RGB2":"rgb(57,130,53)","AreaName":"ESW"}],"excelData":[["Area Name","Price"],["ZAMN",260.15],["ZAMM",260.15],["ANG",0],["BOT",38.95],["DRC",260.15],["LES",38.95],["MAL",0],["MOZS",38.95],["NAM",38.95],["RSAN",38.95],["RSAS",38.95],["TAN",0],["ZAMZ",260.15],["ZIM",260.15],["ZIMA",260.15],["ZAMC",260.15],["MOZN_EDM",260.15],["MOZN_HCB",260.15],["MOZC_EDM",260.15],["ESW",38.95],["ZAML",260.15]]}