{"data":[{"AreaShortName":"ZAMN","AreaPrice":36,"AreaColor":null},{"AreaShortName":"ZAMM","AreaPrice":36,"AreaColor":null},{"AreaShortName":"ANG","AreaPrice":0,"AreaColor":null},{"AreaShortName":"BOT","AreaPrice":36,"AreaColor":null},{"AreaShortName":"DRC","AreaPrice":36,"AreaColor":null},{"AreaShortName":"LES","AreaPrice":36,"AreaColor":null},{"AreaShortName":"MAL","AreaPrice":0,"AreaColor":null},{"AreaShortName":"MOZS","AreaPrice":36,"AreaColor":null},{"AreaShortName":"NAM","AreaPrice":36,"AreaColor":null},{"AreaShortName":"RSAN","AreaPrice":36,"AreaColor":null},{"AreaShortName":"RSAS","AreaPrice":36,"AreaColor":null},{"AreaShortName":"TAN","AreaPrice":0,"AreaColor":null},{"AreaShortName":"ZAMZ","AreaPrice":36,"AreaColor":null},{"AreaShortName":"ZIM","AreaPrice":36,"AreaColor":null},{"AreaShortName":"ZIMA","AreaPrice":36,"AreaColor":null},{"AreaShortName":"ZAMC","AreaPrice":36,"AreaColor":null},{"AreaShortName":"MOZN_EDM","AreaPrice":36,"AreaColor":null},{"AreaShortName":"MOZN_HCB","AreaPrice":36,"AreaColor":null},{"AreaShortName":"MOZC_EDM","AreaPrice":36,"AreaColor":null},{"AreaShortName":"ESW","AreaPrice":36,"AreaColor":null},{"AreaShortName":"ZAML","AreaPrice":36,"AreaColor":null}],"success":true,"error":"","avgPRZAR":1283.18,"avgPRUSD":65.94,"dateToday":"2023/05/01","currenrPrice":65.94,"matchVolume":0,"tradeVolume":0,"rate":0,"mapColors":[{"ColorName":"Red","RGB1":"rgb(168,70,91)","RGB2":"rgb(89,0,19)","AreaName":"ZAMN"},{"ColorName":"Red","RGB1":"rgb(168,70,91)","RGB2":"rgb(89,0,19)","AreaName":"ZAMM"},{"ColorName":"Red","RGB1":"rgb(168,70,91)","RGB2":"rgb(89,0,19)","AreaName":"BOT"},{"ColorName":"Red","RGB1":"rgb(168,70,91)","RGB2":"rgb(89,0,19)","AreaName":"DRC"},{"ColorName":"Red","RGB1":"rgb(168,70,91)","RGB2":"rgb(89,0,19)","AreaName":"LES"},{"ColorName":"Red","RGB1":"rgb(168,70,91)","RGB2":"rgb(89,0,19)","AreaName":"MOZS"},{"ColorName":"Red","RGB1":"rgb(168,70,91)","RGB2":"rgb(89,0,19)","AreaName":"NAM"},{"ColorName":"Red","RGB1":"rgb(168,70,91)","RGB2":"rgb(89,0,19)","AreaName":"RSAN"},{"ColorName":"Red","RGB1":"rgb(168,70,91)","RGB2":"rgb(89,0,19)","AreaName":"RSAS"},{"ColorName":"Red","RGB1":"rgb(168,70,91)","RGB2":"rgb(89,0,19)","AreaName":"ZAMZ"},{"ColorName":"Red","RGB1":"rgb(168,70,91)","RGB2":"rgb(89,0,19)","AreaName":"ZIM"},{"ColorName":"Red","RGB1":"rgb(168,70,91)","RGB2":"rgb(89,0,19)","AreaName":"ZIMA"},{"ColorName":"Red","RGB1":"rgb(168,70,91)","RGB2":"rgb(89,0,19)","AreaName":"ZAMC"},{"ColorName":"Red","RGB1":"rgb(168,70,91)","RGB2":"rgb(89,0,19)","AreaName":"MOZN_EDM"},{"ColorName":"Red","RGB1":"rgb(168,70,91)","RGB2":"rgb(89,0,19)","AreaName":"MOZN_HCB"},{"ColorName":"Red","RGB1":"rgb(168,70,91)","RGB2":"rgb(89,0,19)","AreaName":"MOZC_EDM"},{"ColorName":"Red","RGB1":"rgb(168,70,91)","RGB2":"rgb(89,0,19)","AreaName":"ESW"},{"ColorName":"Red","RGB1":"rgb(168,70,91)","RGB2":"rgb(89,0,19)","AreaName":"ZAML"},{"ColorName":"Yellow","RGB1":"rgb(249,198,103)","RGB2":"rgb(249,116,0)","AreaName":"ANG"},{"ColorName":"Yellow","RGB1":"rgb(249,198,103)","RGB2":"rgb(249,116,0)","AreaName":"MAL"},{"ColorName":"Yellow","RGB1":"rgb(249,198,103)","RGB2":"rgb(249,116,0)","AreaName":"TAN"}],"excelData":[["Area Name","Price"],["ZAMN",36],["ZAMM",36],["ANG",0],["BOT",36],["DRC",36],["LES",36],["MAL",0],["MOZS",36],["NAM",36],["RSAN",36],["RSAS",36],["TAN",0],["ZAMZ",36],["ZIM",36],["ZIMA",36],["ZAMC",36],["MOZN_EDM",36],["MOZN_HCB",36],["MOZC_EDM",36],["ESW",36],["ZAML",36]]}