{"data":[{"AreaShortName":"ZAMN","AreaPrice":86.6,"AreaColor":null},{"AreaShortName":"ZAMM","AreaPrice":86.6,"AreaColor":null},{"AreaShortName":"ANG","AreaPrice":0,"AreaColor":null},{"AreaShortName":"BOT","AreaPrice":86.6,"AreaColor":null},{"AreaShortName":"DRC","AreaPrice":86.6,"AreaColor":null},{"AreaShortName":"LES","AreaPrice":86.6,"AreaColor":null},{"AreaShortName":"MAL","AreaPrice":0,"AreaColor":null},{"AreaShortName":"MOZS","AreaPrice":86.6,"AreaColor":null},{"AreaShortName":"NAM","AreaPrice":86.6,"AreaColor":null},{"AreaShortName":"RSAN","AreaPrice":86.6,"AreaColor":null},{"AreaShortName":"RSAS","AreaPrice":86.6,"AreaColor":null},{"AreaShortName":"TAN","AreaPrice":0,"AreaColor":null},{"AreaShortName":"ZAMZ","AreaPrice":86.6,"AreaColor":null},{"AreaShortName":"ZIM","AreaPrice":86.6,"AreaColor":null},{"AreaShortName":"ZIMA","AreaPrice":86.6,"AreaColor":null},{"AreaShortName":"ZAMC","AreaPrice":86.6,"AreaColor":null},{"AreaShortName":"MOZN_EDM","AreaPrice":86.6,"AreaColor":null},{"AreaShortName":"MOZN_HCB","AreaPrice":86.6,"AreaColor":null},{"AreaShortName":"MOZC_EDM","AreaPrice":86.6,"AreaColor":null},{"AreaShortName":"ESW","AreaPrice":86.6,"AreaColor":null},{"AreaShortName":"ZAML","AreaPrice":86.6,"AreaColor":null}],"success":true,"error":"","avgPRZAR":1283.18,"avgPRUSD":65.94,"dateToday":"2023/05/01","currenrPrice":65.94,"matchVolume":0,"tradeVolume":0,"rate":0,"mapColors":[{"ColorName":"Red","RGB1":"rgb(168,70,91)","RGB2":"rgb(89,0,19)","AreaName":"ZAMN"},{"ColorName":"Red","RGB1":"rgb(168,70,91)","RGB2":"rgb(89,0,19)","AreaName":"ZAMM"},{"ColorName":"Red","RGB1":"rgb(168,70,91)","RGB2":"rgb(89,0,19)","AreaName":"BOT"},{"ColorName":"Red","RGB1":"rgb(168,70,91)","RGB2":"rgb(89,0,19)","AreaName":"DRC"},{"ColorName":"Red","RGB1":"rgb(168,70,91)","RGB2":"rgb(89,0,19)","AreaName":"LES"},{"ColorName":"Red","RGB1":"rgb(168,70,91)","RGB2":"rgb(89,0,19)","AreaName":"MOZS"},{"ColorName":"Red","RGB1":"rgb(168,70,91)","RGB2":"rgb(89,0,19)","AreaName":"NAM"},{"ColorName":"Red","RGB1":"rgb(168,70,91)","RGB2":"rgb(89,0,19)","AreaName":"RSAN"},{"ColorName":"Red","RGB1":"rgb(168,70,91)","RGB2":"rgb(89,0,19)","AreaName":"RSAS"},{"ColorName":"Red","RGB1":"rgb(168,70,91)","RGB2":"rgb(89,0,19)","AreaName":"ZAMZ"},{"ColorName":"Red","RGB1":"rgb(168,70,91)","RGB2":"rgb(89,0,19)","AreaName":"ZIM"},{"ColorName":"Red","RGB1":"rgb(168,70,91)","RGB2":"rgb(89,0,19)","AreaName":"ZIMA"},{"ColorName":"Red","RGB1":"rgb(168,70,91)","RGB2":"rgb(89,0,19)","AreaName":"ZAMC"},{"ColorName":"Red","RGB1":"rgb(168,70,91)","RGB2":"rgb(89,0,19)","AreaName":"MOZN_EDM"},{"ColorName":"Red","RGB1":"rgb(168,70,91)","RGB2":"rgb(89,0,19)","AreaName":"MOZN_HCB"},{"ColorName":"Red","RGB1":"rgb(168,70,91)","RGB2":"rgb(89,0,19)","AreaName":"MOZC_EDM"},{"ColorName":"Red","RGB1":"rgb(168,70,91)","RGB2":"rgb(89,0,19)","AreaName":"ESW"},{"ColorName":"Red","RGB1":"rgb(168,70,91)","RGB2":"rgb(89,0,19)","AreaName":"ZAML"},{"ColorName":"Yellow","RGB1":"rgb(249,198,103)","RGB2":"rgb(249,116,0)","AreaName":"ANG"},{"ColorName":"Yellow","RGB1":"rgb(249,198,103)","RGB2":"rgb(249,116,0)","AreaName":"MAL"},{"ColorName":"Yellow","RGB1":"rgb(249,198,103)","RGB2":"rgb(249,116,0)","AreaName":"TAN"}],"excelData":[["Area Name","Price"],["ZAMN",86.6],["ZAMM",86.6],["ANG",0],["BOT",86.6],["DRC",86.6],["LES",86.6],["MAL",0],["MOZS",86.6],["NAM",86.6],["RSAN",86.6],["RSAS",86.6],["TAN",0],["ZAMZ",86.6],["ZIM",86.6],["ZIMA",86.6],["ZAMC",86.6],["MOZN_EDM",86.6],["MOZN_HCB",86.6],["MOZC_EDM",86.6],["ESW",86.6],["ZAML",86.6]]}