{"data":[{"AreaShortName":"ZAMN","AreaPrice":31.97,"AreaColor":null},{"AreaShortName":"ZAMM","AreaPrice":31.97,"AreaColor":null},{"AreaShortName":"ANG","AreaPrice":0,"AreaColor":null},{"AreaShortName":"BOT","AreaPrice":31.97,"AreaColor":null},{"AreaShortName":"DRC","AreaPrice":31.97,"AreaColor":null},{"AreaShortName":"LES","AreaPrice":31.97,"AreaColor":null},{"AreaShortName":"MAL","AreaPrice":0,"AreaColor":null},{"AreaShortName":"MOZS","AreaPrice":31.97,"AreaColor":null},{"AreaShortName":"NAM","AreaPrice":31.97,"AreaColor":null},{"AreaShortName":"RSAN","AreaPrice":31.97,"AreaColor":null},{"AreaShortName":"RSAS","AreaPrice":31.97,"AreaColor":null},{"AreaShortName":"TAN","AreaPrice":0,"AreaColor":null},{"AreaShortName":"ZAMZ","AreaPrice":31.97,"AreaColor":null},{"AreaShortName":"ZIM","AreaPrice":31.97,"AreaColor":null},{"AreaShortName":"ZIMA","AreaPrice":31.97,"AreaColor":null},{"AreaShortName":"ZAMC","AreaPrice":31.97,"AreaColor":null},{"AreaShortName":"MOZN_EDM","AreaPrice":31.97,"AreaColor":null},{"AreaShortName":"MOZN_HCB","AreaPrice":31.97,"AreaColor":null},{"AreaShortName":"MOZC_EDM","AreaPrice":31.97,"AreaColor":null},{"AreaShortName":"ESW","AreaPrice":31.97,"AreaColor":null},{"AreaShortName":"ZAML","AreaPrice":31.97,"AreaColor":null}],"success":true,"error":"","avgPRZAR":1283.18,"avgPRUSD":65.94,"dateToday":"2023/05/01","currenrPrice":65.94,"matchVolume":0,"tradeVolume":0,"rate":0,"mapColors":[{"ColorName":"Red","RGB1":"rgb(168,70,91)","RGB2":"rgb(89,0,19)","AreaName":"ZAMN"},{"ColorName":"Red","RGB1":"rgb(168,70,91)","RGB2":"rgb(89,0,19)","AreaName":"ZAMM"},{"ColorName":"Red","RGB1":"rgb(168,70,91)","RGB2":"rgb(89,0,19)","AreaName":"BOT"},{"ColorName":"Red","RGB1":"rgb(168,70,91)","RGB2":"rgb(89,0,19)","AreaName":"DRC"},{"ColorName":"Red","RGB1":"rgb(168,70,91)","RGB2":"rgb(89,0,19)","AreaName":"LES"},{"ColorName":"Red","RGB1":"rgb(168,70,91)","RGB2":"rgb(89,0,19)","AreaName":"MOZS"},{"ColorName":"Red","RGB1":"rgb(168,70,91)","RGB2":"rgb(89,0,19)","AreaName":"NAM"},{"ColorName":"Red","RGB1":"rgb(168,70,91)","RGB2":"rgb(89,0,19)","AreaName":"RSAN"},{"ColorName":"Red","RGB1":"rgb(168,70,91)","RGB2":"rgb(89,0,19)","AreaName":"RSAS"},{"ColorName":"Red","RGB1":"rgb(168,70,91)","RGB2":"rgb(89,0,19)","AreaName":"ZAMZ"},{"ColorName":"Red","RGB1":"rgb(168,70,91)","RGB2":"rgb(89,0,19)","AreaName":"ZIM"},{"ColorName":"Red","RGB1":"rgb(168,70,91)","RGB2":"rgb(89,0,19)","AreaName":"ZIMA"},{"ColorName":"Red","RGB1":"rgb(168,70,91)","RGB2":"rgb(89,0,19)","AreaName":"ZAMC"},{"ColorName":"Red","RGB1":"rgb(168,70,91)","RGB2":"rgb(89,0,19)","AreaName":"MOZN_EDM"},{"ColorName":"Red","RGB1":"rgb(168,70,91)","RGB2":"rgb(89,0,19)","AreaName":"MOZN_HCB"},{"ColorName":"Red","RGB1":"rgb(168,70,91)","RGB2":"rgb(89,0,19)","AreaName":"MOZC_EDM"},{"ColorName":"Red","RGB1":"rgb(168,70,91)","RGB2":"rgb(89,0,19)","AreaName":"ESW"},{"ColorName":"Red","RGB1":"rgb(168,70,91)","RGB2":"rgb(89,0,19)","AreaName":"ZAML"},{"ColorName":"Yellow","RGB1":"rgb(249,198,103)","RGB2":"rgb(249,116,0)","AreaName":"ANG"},{"ColorName":"Yellow","RGB1":"rgb(249,198,103)","RGB2":"rgb(249,116,0)","AreaName":"MAL"},{"ColorName":"Yellow","RGB1":"rgb(249,198,103)","RGB2":"rgb(249,116,0)","AreaName":"TAN"}],"excelData":[["Area Name","Price"],["ZAMN",31.97],["ZAMM",31.97],["ANG",0],["BOT",31.97],["DRC",31.97],["LES",31.97],["MAL",0],["MOZS",31.97],["NAM",31.97],["RSAN",31.97],["RSAS",31.97],["TAN",0],["ZAMZ",31.97],["ZIM",31.97],["ZIMA",31.97],["ZAMC",31.97],["MOZN_EDM",31.97],["MOZN_HCB",31.97],["MOZC_EDM",31.97],["ESW",31.97],["ZAML",31.97]]}