{"data":[{"AreaShortName":"ZAMN","AreaPrice":95.81,"AreaColor":null},{"AreaShortName":"ZAMM","AreaPrice":95.81,"AreaColor":null},{"AreaShortName":"ANG","AreaPrice":0,"AreaColor":null},{"AreaShortName":"BOT","AreaPrice":17.96,"AreaColor":null},{"AreaShortName":"DRC","AreaPrice":95.81,"AreaColor":null},{"AreaShortName":"LES","AreaPrice":17.96,"AreaColor":null},{"AreaShortName":"MAL","AreaPrice":0,"AreaColor":null},{"AreaShortName":"MOZS","AreaPrice":17.96,"AreaColor":null},{"AreaShortName":"NAM","AreaPrice":17.96,"AreaColor":null},{"AreaShortName":"RSAN","AreaPrice":17.96,"AreaColor":null},{"AreaShortName":"RSAS","AreaPrice":17.96,"AreaColor":null},{"AreaShortName":"TAN","AreaPrice":0,"AreaColor":null},{"AreaShortName":"ZAMZ","AreaPrice":95.81,"AreaColor":null},{"AreaShortName":"ZIM","AreaPrice":95.81,"AreaColor":null},{"AreaShortName":"ZIMA","AreaPrice":95.81,"AreaColor":null},{"AreaShortName":"ZAMC","AreaPrice":95.81,"AreaColor":null},{"AreaShortName":"MOZN_EDM","AreaPrice":95.81,"AreaColor":null},{"AreaShortName":"MOZN_HCB","AreaPrice":95.81,"AreaColor":null},{"AreaShortName":"MOZC_EDM","AreaPrice":95.81,"AreaColor":null},{"AreaShortName":"ESW","AreaPrice":17.96,"AreaColor":null},{"AreaShortName":"ZAML","AreaPrice":95.81,"AreaColor":null}],"success":true,"error":"","avgPRZAR":1169.92,"avgPRUSD":60.38,"dateToday":"2023/05/08","currenrPrice":60.38,"matchVolume":0,"tradeVolume":0,"rate":0,"mapColors":[{"ColorName":"Red","RGB1":"rgb(168,70,91)","RGB2":"rgb(89,0,19)","AreaName":"ZAMN"},{"ColorName":"Red","RGB1":"rgb(168,70,91)","RGB2":"rgb(89,0,19)","AreaName":"ZAMM"},{"ColorName":"Red","RGB1":"rgb(168,70,91)","RGB2":"rgb(89,0,19)","AreaName":"DRC"},{"ColorName":"Red","RGB1":"rgb(168,70,91)","RGB2":"rgb(89,0,19)","AreaName":"ZAMZ"},{"ColorName":"Red","RGB1":"rgb(168,70,91)","RGB2":"rgb(89,0,19)","AreaName":"ZIM"},{"ColorName":"Red","RGB1":"rgb(168,70,91)","RGB2":"rgb(89,0,19)","AreaName":"ZIMA"},{"ColorName":"Red","RGB1":"rgb(168,70,91)","RGB2":"rgb(89,0,19)","AreaName":"ZAMC"},{"ColorName":"Red","RGB1":"rgb(168,70,91)","RGB2":"rgb(89,0,19)","AreaName":"MOZN_EDM"},{"ColorName":"Red","RGB1":"rgb(168,70,91)","RGB2":"rgb(89,0,19)","AreaName":"MOZN_HCB"},{"ColorName":"Red","RGB1":"rgb(168,70,91)","RGB2":"rgb(89,0,19)","AreaName":"MOZC_EDM"},{"ColorName":"Red","RGB1":"rgb(168,70,91)","RGB2":"rgb(89,0,19)","AreaName":"ZAML"},{"ColorName":"Yellow","RGB1":"rgb(249,198,103)","RGB2":"rgb(249,116,0)","AreaName":"ANG"},{"ColorName":"Yellow","RGB1":"rgb(249,198,103)","RGB2":"rgb(249,116,0)","AreaName":"MAL"},{"ColorName":"Yellow","RGB1":"rgb(249,198,103)","RGB2":"rgb(249,116,0)","AreaName":"TAN"},{"ColorName":"Green","RGB1":"rgb(186,221,95)","RGB2":"rgb(57,130,53)","AreaName":"BOT"},{"ColorName":"Green","RGB1":"rgb(186,221,95)","RGB2":"rgb(57,130,53)","AreaName":"LES"},{"ColorName":"Green","RGB1":"rgb(186,221,95)","RGB2":"rgb(57,130,53)","AreaName":"MOZS"},{"ColorName":"Green","RGB1":"rgb(186,221,95)","RGB2":"rgb(57,130,53)","AreaName":"NAM"},{"ColorName":"Green","RGB1":"rgb(186,221,95)","RGB2":"rgb(57,130,53)","AreaName":"RSAN"},{"ColorName":"Green","RGB1":"rgb(186,221,95)","RGB2":"rgb(57,130,53)","AreaName":"RSAS"},{"ColorName":"Green","RGB1":"rgb(186,221,95)","RGB2":"rgb(57,130,53)","AreaName":"ESW"}],"excelData":[["Area Name","Price"],["ZAMN",95.81],["ZAMM",95.81],["ANG",0],["BOT",17.96],["DRC",95.81],["LES",17.96],["MAL",0],["MOZS",17.96],["NAM",17.96],["RSAN",17.96],["RSAS",17.96],["TAN",0],["ZAMZ",95.81],["ZIM",95.81],["ZIMA",95.81],["ZAMC",95.81],["MOZN_EDM",95.81],["MOZN_HCB",95.81],["MOZC_EDM",95.81],["ESW",17.96],["ZAML",95.81]]}