{"data":[{"AreaShortName":"ZAMN","AreaPrice":121.05,"AreaColor":null},{"AreaShortName":"ZAMM","AreaPrice":121.05,"AreaColor":null},{"AreaShortName":"ANG","AreaPrice":0,"AreaColor":null},{"AreaShortName":"BOT","AreaPrice":39.91,"AreaColor":null},{"AreaShortName":"DRC","AreaPrice":121.05,"AreaColor":null},{"AreaShortName":"LES","AreaPrice":39.91,"AreaColor":null},{"AreaShortName":"MAL","AreaPrice":0,"AreaColor":null},{"AreaShortName":"MOZS","AreaPrice":39.91,"AreaColor":null},{"AreaShortName":"NAM","AreaPrice":39.91,"AreaColor":null},{"AreaShortName":"RSAN","AreaPrice":39.91,"AreaColor":null},{"AreaShortName":"RSAS","AreaPrice":39.91,"AreaColor":null},{"AreaShortName":"TAN","AreaPrice":0,"AreaColor":null},{"AreaShortName":"ZAMZ","AreaPrice":121.05,"AreaColor":null},{"AreaShortName":"ZIM","AreaPrice":121.05,"AreaColor":null},{"AreaShortName":"ZIMA","AreaPrice":121.05,"AreaColor":null},{"AreaShortName":"ZAMC","AreaPrice":121.05,"AreaColor":null},{"AreaShortName":"MOZN_EDM","AreaPrice":121.05,"AreaColor":null},{"AreaShortName":"MOZN_HCB","AreaPrice":121.05,"AreaColor":null},{"AreaShortName":"MOZC_EDM","AreaPrice":121.05,"AreaColor":null},{"AreaShortName":"ESW","AreaPrice":39.91,"AreaColor":null},{"AreaShortName":"ZAML","AreaPrice":121.05,"AreaColor":null}],"success":true,"error":"","avgPRZAR":1169.92,"avgPRUSD":60.38,"dateToday":"2023/05/08","currenrPrice":60.38,"matchVolume":0,"tradeVolume":0,"rate":0,"mapColors":[{"ColorName":"Red","RGB1":"rgb(168,70,91)","RGB2":"rgb(89,0,19)","AreaName":"ZAMN"},{"ColorName":"Red","RGB1":"rgb(168,70,91)","RGB2":"rgb(89,0,19)","AreaName":"ZAMM"},{"ColorName":"Red","RGB1":"rgb(168,70,91)","RGB2":"rgb(89,0,19)","AreaName":"DRC"},{"ColorName":"Red","RGB1":"rgb(168,70,91)","RGB2":"rgb(89,0,19)","AreaName":"ZAMZ"},{"ColorName":"Red","RGB1":"rgb(168,70,91)","RGB2":"rgb(89,0,19)","AreaName":"ZIM"},{"ColorName":"Red","RGB1":"rgb(168,70,91)","RGB2":"rgb(89,0,19)","AreaName":"ZIMA"},{"ColorName":"Red","RGB1":"rgb(168,70,91)","RGB2":"rgb(89,0,19)","AreaName":"ZAMC"},{"ColorName":"Red","RGB1":"rgb(168,70,91)","RGB2":"rgb(89,0,19)","AreaName":"MOZN_EDM"},{"ColorName":"Red","RGB1":"rgb(168,70,91)","RGB2":"rgb(89,0,19)","AreaName":"MOZN_HCB"},{"ColorName":"Red","RGB1":"rgb(168,70,91)","RGB2":"rgb(89,0,19)","AreaName":"MOZC_EDM"},{"ColorName":"Red","RGB1":"rgb(168,70,91)","RGB2":"rgb(89,0,19)","AreaName":"ZAML"},{"ColorName":"Yellow","RGB1":"rgb(249,198,103)","RGB2":"rgb(249,116,0)","AreaName":"ANG"},{"ColorName":"Yellow","RGB1":"rgb(249,198,103)","RGB2":"rgb(249,116,0)","AreaName":"MAL"},{"ColorName":"Yellow","RGB1":"rgb(249,198,103)","RGB2":"rgb(249,116,0)","AreaName":"TAN"},{"ColorName":"Green","RGB1":"rgb(186,221,95)","RGB2":"rgb(57,130,53)","AreaName":"BOT"},{"ColorName":"Green","RGB1":"rgb(186,221,95)","RGB2":"rgb(57,130,53)","AreaName":"LES"},{"ColorName":"Green","RGB1":"rgb(186,221,95)","RGB2":"rgb(57,130,53)","AreaName":"MOZS"},{"ColorName":"Green","RGB1":"rgb(186,221,95)","RGB2":"rgb(57,130,53)","AreaName":"NAM"},{"ColorName":"Green","RGB1":"rgb(186,221,95)","RGB2":"rgb(57,130,53)","AreaName":"RSAN"},{"ColorName":"Green","RGB1":"rgb(186,221,95)","RGB2":"rgb(57,130,53)","AreaName":"RSAS"},{"ColorName":"Green","RGB1":"rgb(186,221,95)","RGB2":"rgb(57,130,53)","AreaName":"ESW"}],"excelData":[["Area Name","Price"],["ZAMN",121.05],["ZAMM",121.05],["ANG",0],["BOT",39.91],["DRC",121.05],["LES",39.91],["MAL",0],["MOZS",39.91],["NAM",39.91],["RSAN",39.91],["RSAS",39.91],["TAN",0],["ZAMZ",121.05],["ZIM",121.05],["ZIMA",121.05],["ZAMC",121.05],["MOZN_EDM",121.05],["MOZN_HCB",121.05],["MOZC_EDM",121.05],["ESW",39.91],["ZAML",121.05]]}