{"data":[{"AreaShortName":"ZAMN","AreaPrice":216,"AreaColor":null},{"AreaShortName":"ZAMM","AreaPrice":216,"AreaColor":null},{"AreaShortName":"ANG","AreaPrice":0,"AreaColor":null},{"AreaShortName":"BOT","AreaPrice":216,"AreaColor":null},{"AreaShortName":"DRC","AreaPrice":216,"AreaColor":null},{"AreaShortName":"LES","AreaPrice":216,"AreaColor":null},{"AreaShortName":"MAL","AreaPrice":0,"AreaColor":null},{"AreaShortName":"MOZS","AreaPrice":216,"AreaColor":null},{"AreaShortName":"NAM","AreaPrice":216,"AreaColor":null},{"AreaShortName":"RSAN","AreaPrice":216,"AreaColor":null},{"AreaShortName":"RSAS","AreaPrice":216,"AreaColor":null},{"AreaShortName":"TAN","AreaPrice":0,"AreaColor":null},{"AreaShortName":"ZAMZ","AreaPrice":216,"AreaColor":null},{"AreaShortName":"ZIM","AreaPrice":216,"AreaColor":null},{"AreaShortName":"ZIMA","AreaPrice":216,"AreaColor":null},{"AreaShortName":"ZAMC","AreaPrice":216,"AreaColor":null},{"AreaShortName":"MOZN_EDM","AreaPrice":216,"AreaColor":null},{"AreaShortName":"MOZN_HCB","AreaPrice":216,"AreaColor":null},{"AreaShortName":"MOZC_EDM","AreaPrice":216,"AreaColor":null},{"AreaShortName":"ESW","AreaPrice":216,"AreaColor":null},{"AreaShortName":"ZAML","AreaPrice":216,"AreaColor":null}],"success":true,"error":"","avgPRZAR":1111.33,"avgPRUSD":54.63,"dateToday":"2023/05/18","currenrPrice":54.63,"matchVolume":0,"tradeVolume":0,"rate":0,"mapColors":[{"ColorName":"Red","RGB1":"rgb(168,70,91)","RGB2":"rgb(89,0,19)","AreaName":"ZAMN"},{"ColorName":"Red","RGB1":"rgb(168,70,91)","RGB2":"rgb(89,0,19)","AreaName":"ZAMM"},{"ColorName":"Red","RGB1":"rgb(168,70,91)","RGB2":"rgb(89,0,19)","AreaName":"BOT"},{"ColorName":"Red","RGB1":"rgb(168,70,91)","RGB2":"rgb(89,0,19)","AreaName":"DRC"},{"ColorName":"Red","RGB1":"rgb(168,70,91)","RGB2":"rgb(89,0,19)","AreaName":"LES"},{"ColorName":"Red","RGB1":"rgb(168,70,91)","RGB2":"rgb(89,0,19)","AreaName":"MOZS"},{"ColorName":"Red","RGB1":"rgb(168,70,91)","RGB2":"rgb(89,0,19)","AreaName":"NAM"},{"ColorName":"Red","RGB1":"rgb(168,70,91)","RGB2":"rgb(89,0,19)","AreaName":"RSAN"},{"ColorName":"Red","RGB1":"rgb(168,70,91)","RGB2":"rgb(89,0,19)","AreaName":"RSAS"},{"ColorName":"Red","RGB1":"rgb(168,70,91)","RGB2":"rgb(89,0,19)","AreaName":"ZAMZ"},{"ColorName":"Red","RGB1":"rgb(168,70,91)","RGB2":"rgb(89,0,19)","AreaName":"ZIM"},{"ColorName":"Red","RGB1":"rgb(168,70,91)","RGB2":"rgb(89,0,19)","AreaName":"ZIMA"},{"ColorName":"Red","RGB1":"rgb(168,70,91)","RGB2":"rgb(89,0,19)","AreaName":"ZAMC"},{"ColorName":"Red","RGB1":"rgb(168,70,91)","RGB2":"rgb(89,0,19)","AreaName":"MOZN_EDM"},{"ColorName":"Red","RGB1":"rgb(168,70,91)","RGB2":"rgb(89,0,19)","AreaName":"MOZN_HCB"},{"ColorName":"Red","RGB1":"rgb(168,70,91)","RGB2":"rgb(89,0,19)","AreaName":"MOZC_EDM"},{"ColorName":"Red","RGB1":"rgb(168,70,91)","RGB2":"rgb(89,0,19)","AreaName":"ESW"},{"ColorName":"Red","RGB1":"rgb(168,70,91)","RGB2":"rgb(89,0,19)","AreaName":"ZAML"},{"ColorName":"Yellow","RGB1":"rgb(249,198,103)","RGB2":"rgb(249,116,0)","AreaName":"ANG"},{"ColorName":"Yellow","RGB1":"rgb(249,198,103)","RGB2":"rgb(249,116,0)","AreaName":"MAL"},{"ColorName":"Yellow","RGB1":"rgb(249,198,103)","RGB2":"rgb(249,116,0)","AreaName":"TAN"}],"excelData":[["Area Name","Price"],["ZAMN",216],["ZAMM",216],["ANG",0],["BOT",216],["DRC",216],["LES",216],["MAL",0],["MOZS",216],["NAM",216],["RSAN",216],["RSAS",216],["TAN",0],["ZAMZ",216],["ZIM",216],["ZIMA",216],["ZAMC",216],["MOZN_EDM",216],["MOZN_HCB",216],["MOZC_EDM",216],["ESW",216],["ZAML",216]]}