{"data":[{"AreaShortName":"ZAMN","AreaPrice":109.98,"AreaColor":null},{"AreaShortName":"ZAMM","AreaPrice":109.98,"AreaColor":null},{"AreaShortName":"ANG","AreaPrice":0,"AreaColor":null},{"AreaShortName":"BOT","AreaPrice":109.98,"AreaColor":null},{"AreaShortName":"DRC","AreaPrice":109.98,"AreaColor":null},{"AreaShortName":"LES","AreaPrice":109.98,"AreaColor":null},{"AreaShortName":"MAL","AreaPrice":0,"AreaColor":null},{"AreaShortName":"MOZS","AreaPrice":109.98,"AreaColor":null},{"AreaShortName":"NAM","AreaPrice":109.98,"AreaColor":null},{"AreaShortName":"RSAN","AreaPrice":109.98,"AreaColor":null},{"AreaShortName":"RSAS","AreaPrice":109.98,"AreaColor":null},{"AreaShortName":"TAN","AreaPrice":0,"AreaColor":null},{"AreaShortName":"ZAMZ","AreaPrice":109.98,"AreaColor":null},{"AreaShortName":"ZIM","AreaPrice":109.98,"AreaColor":null},{"AreaShortName":"ZIMA","AreaPrice":109.98,"AreaColor":null},{"AreaShortName":"ZAMC","AreaPrice":109.98,"AreaColor":null},{"AreaShortName":"MOZN_EDM","AreaPrice":109.98,"AreaColor":null},{"AreaShortName":"MOZN_HCB","AreaPrice":109.98,"AreaColor":null},{"AreaShortName":"MOZC_EDM","AreaPrice":109.98,"AreaColor":null},{"AreaShortName":"ESW","AreaPrice":109.98,"AreaColor":null},{"AreaShortName":"ZAML","AreaPrice":109.98,"AreaColor":null}],"success":true,"error":"","avgPRZAR":1111.33,"avgPRUSD":54.63,"dateToday":"2023/05/18","currenrPrice":54.63,"matchVolume":0,"tradeVolume":0,"rate":0,"mapColors":[{"ColorName":"Red","RGB1":"rgb(168,70,91)","RGB2":"rgb(89,0,19)","AreaName":"ZAMN"},{"ColorName":"Red","RGB1":"rgb(168,70,91)","RGB2":"rgb(89,0,19)","AreaName":"ZAMM"},{"ColorName":"Red","RGB1":"rgb(168,70,91)","RGB2":"rgb(89,0,19)","AreaName":"BOT"},{"ColorName":"Red","RGB1":"rgb(168,70,91)","RGB2":"rgb(89,0,19)","AreaName":"DRC"},{"ColorName":"Red","RGB1":"rgb(168,70,91)","RGB2":"rgb(89,0,19)","AreaName":"LES"},{"ColorName":"Red","RGB1":"rgb(168,70,91)","RGB2":"rgb(89,0,19)","AreaName":"MOZS"},{"ColorName":"Red","RGB1":"rgb(168,70,91)","RGB2":"rgb(89,0,19)","AreaName":"NAM"},{"ColorName":"Red","RGB1":"rgb(168,70,91)","RGB2":"rgb(89,0,19)","AreaName":"RSAN"},{"ColorName":"Red","RGB1":"rgb(168,70,91)","RGB2":"rgb(89,0,19)","AreaName":"RSAS"},{"ColorName":"Red","RGB1":"rgb(168,70,91)","RGB2":"rgb(89,0,19)","AreaName":"ZAMZ"},{"ColorName":"Red","RGB1":"rgb(168,70,91)","RGB2":"rgb(89,0,19)","AreaName":"ZIM"},{"ColorName":"Red","RGB1":"rgb(168,70,91)","RGB2":"rgb(89,0,19)","AreaName":"ZIMA"},{"ColorName":"Red","RGB1":"rgb(168,70,91)","RGB2":"rgb(89,0,19)","AreaName":"ZAMC"},{"ColorName":"Red","RGB1":"rgb(168,70,91)","RGB2":"rgb(89,0,19)","AreaName":"MOZN_EDM"},{"ColorName":"Red","RGB1":"rgb(168,70,91)","RGB2":"rgb(89,0,19)","AreaName":"MOZN_HCB"},{"ColorName":"Red","RGB1":"rgb(168,70,91)","RGB2":"rgb(89,0,19)","AreaName":"MOZC_EDM"},{"ColorName":"Red","RGB1":"rgb(168,70,91)","RGB2":"rgb(89,0,19)","AreaName":"ESW"},{"ColorName":"Red","RGB1":"rgb(168,70,91)","RGB2":"rgb(89,0,19)","AreaName":"ZAML"},{"ColorName":"Yellow","RGB1":"rgb(249,198,103)","RGB2":"rgb(249,116,0)","AreaName":"ANG"},{"ColorName":"Yellow","RGB1":"rgb(249,198,103)","RGB2":"rgb(249,116,0)","AreaName":"MAL"},{"ColorName":"Yellow","RGB1":"rgb(249,198,103)","RGB2":"rgb(249,116,0)","AreaName":"TAN"}],"excelData":[["Area Name","Price"],["ZAMN",109.98],["ZAMM",109.98],["ANG",0],["BOT",109.98],["DRC",109.98],["LES",109.98],["MAL",0],["MOZS",109.98],["NAM",109.98],["RSAN",109.98],["RSAS",109.98],["TAN",0],["ZAMZ",109.98],["ZIM",109.98],["ZIMA",109.98],["ZAMC",109.98],["MOZN_EDM",109.98],["MOZN_HCB",109.98],["MOZC_EDM",109.98],["ESW",109.98],["ZAML",109.98]]}