{"data":[{"AreaShortName":"ZAMN","AreaPrice":95.7,"AreaColor":null},{"AreaShortName":"ZAMM","AreaPrice":95.7,"AreaColor":null},{"AreaShortName":"ANG","AreaPrice":0,"AreaColor":null},{"AreaShortName":"BOT","AreaPrice":95.7,"AreaColor":null},{"AreaShortName":"DRC","AreaPrice":95.7,"AreaColor":null},{"AreaShortName":"LES","AreaPrice":95.7,"AreaColor":null},{"AreaShortName":"MAL","AreaPrice":0,"AreaColor":null},{"AreaShortName":"MOZS","AreaPrice":95.7,"AreaColor":null},{"AreaShortName":"NAM","AreaPrice":95.7,"AreaColor":null},{"AreaShortName":"RSAN","AreaPrice":95.7,"AreaColor":null},{"AreaShortName":"RSAS","AreaPrice":95.7,"AreaColor":null},{"AreaShortName":"TAN","AreaPrice":0,"AreaColor":null},{"AreaShortName":"ZAMZ","AreaPrice":95.7,"AreaColor":null},{"AreaShortName":"ZIM","AreaPrice":95.7,"AreaColor":null},{"AreaShortName":"ZIMA","AreaPrice":95.7,"AreaColor":null},{"AreaShortName":"ZAMC","AreaPrice":95.7,"AreaColor":null},{"AreaShortName":"MOZN_EDM","AreaPrice":95.7,"AreaColor":null},{"AreaShortName":"MOZN_HCB","AreaPrice":95.7,"AreaColor":null},{"AreaShortName":"MOZC_EDM","AreaPrice":95.7,"AreaColor":null},{"AreaShortName":"ESW","AreaPrice":95.7,"AreaColor":null},{"AreaShortName":"ZAML","AreaPrice":95.7,"AreaColor":null}],"success":true,"error":"","avgPRZAR":1111.33,"avgPRUSD":54.63,"dateToday":"2023/05/18","currenrPrice":54.63,"matchVolume":0,"tradeVolume":0,"rate":0,"mapColors":[{"ColorName":"Red","RGB1":"rgb(168,70,91)","RGB2":"rgb(89,0,19)","AreaName":"ZAMN"},{"ColorName":"Red","RGB1":"rgb(168,70,91)","RGB2":"rgb(89,0,19)","AreaName":"ZAMM"},{"ColorName":"Red","RGB1":"rgb(168,70,91)","RGB2":"rgb(89,0,19)","AreaName":"BOT"},{"ColorName":"Red","RGB1":"rgb(168,70,91)","RGB2":"rgb(89,0,19)","AreaName":"DRC"},{"ColorName":"Red","RGB1":"rgb(168,70,91)","RGB2":"rgb(89,0,19)","AreaName":"LES"},{"ColorName":"Red","RGB1":"rgb(168,70,91)","RGB2":"rgb(89,0,19)","AreaName":"MOZS"},{"ColorName":"Red","RGB1":"rgb(168,70,91)","RGB2":"rgb(89,0,19)","AreaName":"NAM"},{"ColorName":"Red","RGB1":"rgb(168,70,91)","RGB2":"rgb(89,0,19)","AreaName":"RSAN"},{"ColorName":"Red","RGB1":"rgb(168,70,91)","RGB2":"rgb(89,0,19)","AreaName":"RSAS"},{"ColorName":"Red","RGB1":"rgb(168,70,91)","RGB2":"rgb(89,0,19)","AreaName":"ZAMZ"},{"ColorName":"Red","RGB1":"rgb(168,70,91)","RGB2":"rgb(89,0,19)","AreaName":"ZIM"},{"ColorName":"Red","RGB1":"rgb(168,70,91)","RGB2":"rgb(89,0,19)","AreaName":"ZIMA"},{"ColorName":"Red","RGB1":"rgb(168,70,91)","RGB2":"rgb(89,0,19)","AreaName":"ZAMC"},{"ColorName":"Red","RGB1":"rgb(168,70,91)","RGB2":"rgb(89,0,19)","AreaName":"MOZN_EDM"},{"ColorName":"Red","RGB1":"rgb(168,70,91)","RGB2":"rgb(89,0,19)","AreaName":"MOZN_HCB"},{"ColorName":"Red","RGB1":"rgb(168,70,91)","RGB2":"rgb(89,0,19)","AreaName":"MOZC_EDM"},{"ColorName":"Red","RGB1":"rgb(168,70,91)","RGB2":"rgb(89,0,19)","AreaName":"ESW"},{"ColorName":"Red","RGB1":"rgb(168,70,91)","RGB2":"rgb(89,0,19)","AreaName":"ZAML"},{"ColorName":"Yellow","RGB1":"rgb(249,198,103)","RGB2":"rgb(249,116,0)","AreaName":"ANG"},{"ColorName":"Yellow","RGB1":"rgb(249,198,103)","RGB2":"rgb(249,116,0)","AreaName":"MAL"},{"ColorName":"Yellow","RGB1":"rgb(249,198,103)","RGB2":"rgb(249,116,0)","AreaName":"TAN"}],"excelData":[["Area Name","Price"],["ZAMN",95.7],["ZAMM",95.7],["ANG",0],["BOT",95.7],["DRC",95.7],["LES",95.7],["MAL",0],["MOZS",95.7],["NAM",95.7],["RSAN",95.7],["RSAS",95.7],["TAN",0],["ZAMZ",95.7],["ZIM",95.7],["ZIMA",95.7],["ZAMC",95.7],["MOZN_EDM",95.7],["MOZN_HCB",95.7],["MOZC_EDM",95.7],["ESW",95.7],["ZAML",95.7]]}