{"data":[{"AreaShortName":"ZAMN","AreaPrice":25.8,"AreaColor":null},{"AreaShortName":"ZAMM","AreaPrice":25.8,"AreaColor":null},{"AreaShortName":"ANG","AreaPrice":0,"AreaColor":null},{"AreaShortName":"BOT","AreaPrice":25.8,"AreaColor":null},{"AreaShortName":"DRC","AreaPrice":25.8,"AreaColor":null},{"AreaShortName":"LES","AreaPrice":25.8,"AreaColor":null},{"AreaShortName":"MAL","AreaPrice":0,"AreaColor":null},{"AreaShortName":"MOZS","AreaPrice":25.8,"AreaColor":null},{"AreaShortName":"NAM","AreaPrice":25.8,"AreaColor":null},{"AreaShortName":"RSAN","AreaPrice":25.8,"AreaColor":null},{"AreaShortName":"RSAS","AreaPrice":25.8,"AreaColor":null},{"AreaShortName":"TAN","AreaPrice":0,"AreaColor":null},{"AreaShortName":"ZAMZ","AreaPrice":25.8,"AreaColor":null},{"AreaShortName":"ZIM","AreaPrice":25.8,"AreaColor":null},{"AreaShortName":"ZIMA","AreaPrice":25.8,"AreaColor":null},{"AreaShortName":"ZAMC","AreaPrice":25.8,"AreaColor":null},{"AreaShortName":"MOZN_EDM","AreaPrice":25.8,"AreaColor":null},{"AreaShortName":"MOZN_HCB","AreaPrice":25.8,"AreaColor":null},{"AreaShortName":"MOZC_EDM","AreaPrice":25.8,"AreaColor":null},{"AreaShortName":"ESW","AreaPrice":25.8,"AreaColor":null},{"AreaShortName":"ZAML","AreaPrice":25.8,"AreaColor":null}],"success":true,"error":"","avgPRZAR":1111.33,"avgPRUSD":54.63,"dateToday":"2023/05/18","currenrPrice":54.63,"matchVolume":0,"tradeVolume":0,"rate":0,"mapColors":[{"ColorName":"Red","RGB1":"rgb(168,70,91)","RGB2":"rgb(89,0,19)","AreaName":"ZAMN"},{"ColorName":"Red","RGB1":"rgb(168,70,91)","RGB2":"rgb(89,0,19)","AreaName":"ZAMM"},{"ColorName":"Red","RGB1":"rgb(168,70,91)","RGB2":"rgb(89,0,19)","AreaName":"BOT"},{"ColorName":"Red","RGB1":"rgb(168,70,91)","RGB2":"rgb(89,0,19)","AreaName":"DRC"},{"ColorName":"Red","RGB1":"rgb(168,70,91)","RGB2":"rgb(89,0,19)","AreaName":"LES"},{"ColorName":"Red","RGB1":"rgb(168,70,91)","RGB2":"rgb(89,0,19)","AreaName":"MOZS"},{"ColorName":"Red","RGB1":"rgb(168,70,91)","RGB2":"rgb(89,0,19)","AreaName":"NAM"},{"ColorName":"Red","RGB1":"rgb(168,70,91)","RGB2":"rgb(89,0,19)","AreaName":"RSAN"},{"ColorName":"Red","RGB1":"rgb(168,70,91)","RGB2":"rgb(89,0,19)","AreaName":"RSAS"},{"ColorName":"Red","RGB1":"rgb(168,70,91)","RGB2":"rgb(89,0,19)","AreaName":"ZAMZ"},{"ColorName":"Red","RGB1":"rgb(168,70,91)","RGB2":"rgb(89,0,19)","AreaName":"ZIM"},{"ColorName":"Red","RGB1":"rgb(168,70,91)","RGB2":"rgb(89,0,19)","AreaName":"ZIMA"},{"ColorName":"Red","RGB1":"rgb(168,70,91)","RGB2":"rgb(89,0,19)","AreaName":"ZAMC"},{"ColorName":"Red","RGB1":"rgb(168,70,91)","RGB2":"rgb(89,0,19)","AreaName":"MOZN_EDM"},{"ColorName":"Red","RGB1":"rgb(168,70,91)","RGB2":"rgb(89,0,19)","AreaName":"MOZN_HCB"},{"ColorName":"Red","RGB1":"rgb(168,70,91)","RGB2":"rgb(89,0,19)","AreaName":"MOZC_EDM"},{"ColorName":"Red","RGB1":"rgb(168,70,91)","RGB2":"rgb(89,0,19)","AreaName":"ESW"},{"ColorName":"Red","RGB1":"rgb(168,70,91)","RGB2":"rgb(89,0,19)","AreaName":"ZAML"},{"ColorName":"Yellow","RGB1":"rgb(249,198,103)","RGB2":"rgb(249,116,0)","AreaName":"ANG"},{"ColorName":"Yellow","RGB1":"rgb(249,198,103)","RGB2":"rgb(249,116,0)","AreaName":"MAL"},{"ColorName":"Yellow","RGB1":"rgb(249,198,103)","RGB2":"rgb(249,116,0)","AreaName":"TAN"}],"excelData":[["Area Name","Price"],["ZAMN",25.8],["ZAMM",25.8],["ANG",0],["BOT",25.8],["DRC",25.8],["LES",25.8],["MAL",0],["MOZS",25.8],["NAM",25.8],["RSAN",25.8],["RSAS",25.8],["TAN",0],["ZAMZ",25.8],["ZIM",25.8],["ZIMA",25.8],["ZAMC",25.8],["MOZN_EDM",25.8],["MOZN_HCB",25.8],["MOZC_EDM",25.8],["ESW",25.8],["ZAML",25.8]]}