{"data":[{"AreaShortName":"ZAMN","AreaPrice":249.92,"AreaColor":null},{"AreaShortName":"ZAMM","AreaPrice":249.92,"AreaColor":null},{"AreaShortName":"ANG","AreaPrice":0,"AreaColor":null},{"AreaShortName":"BOT","AreaPrice":249.92,"AreaColor":null},{"AreaShortName":"DRC","AreaPrice":249.92,"AreaColor":null},{"AreaShortName":"LES","AreaPrice":249.92,"AreaColor":null},{"AreaShortName":"MAL","AreaPrice":0,"AreaColor":null},{"AreaShortName":"MOZS","AreaPrice":249.92,"AreaColor":null},{"AreaShortName":"NAM","AreaPrice":249.92,"AreaColor":null},{"AreaShortName":"RSAN","AreaPrice":249.92,"AreaColor":null},{"AreaShortName":"RSAS","AreaPrice":249.92,"AreaColor":null},{"AreaShortName":"TAN","AreaPrice":0,"AreaColor":null},{"AreaShortName":"ZAMZ","AreaPrice":249.92,"AreaColor":null},{"AreaShortName":"ZIM","AreaPrice":249.92,"AreaColor":null},{"AreaShortName":"ZIMA","AreaPrice":249.92,"AreaColor":null},{"AreaShortName":"ZAMC","AreaPrice":249.92,"AreaColor":null},{"AreaShortName":"MOZN_EDM","AreaPrice":249.92,"AreaColor":null},{"AreaShortName":"MOZN_HCB","AreaPrice":249.92,"AreaColor":null},{"AreaShortName":"MOZC_EDM","AreaPrice":249.92,"AreaColor":null},{"AreaShortName":"ESW","AreaPrice":249.92,"AreaColor":null},{"AreaShortName":"ZAML","AreaPrice":249.92,"AreaColor":null}],"success":true,"error":"","avgPRZAR":1209.47,"avgPRUSD":61.97,"dateToday":"2023/05/03","currenrPrice":61.97,"matchVolume":0,"tradeVolume":0,"rate":0,"mapColors":[{"ColorName":"Red","RGB1":"rgb(168,70,91)","RGB2":"rgb(89,0,19)","AreaName":"ZAMN"},{"ColorName":"Red","RGB1":"rgb(168,70,91)","RGB2":"rgb(89,0,19)","AreaName":"ZAMM"},{"ColorName":"Red","RGB1":"rgb(168,70,91)","RGB2":"rgb(89,0,19)","AreaName":"BOT"},{"ColorName":"Red","RGB1":"rgb(168,70,91)","RGB2":"rgb(89,0,19)","AreaName":"DRC"},{"ColorName":"Red","RGB1":"rgb(168,70,91)","RGB2":"rgb(89,0,19)","AreaName":"LES"},{"ColorName":"Red","RGB1":"rgb(168,70,91)","RGB2":"rgb(89,0,19)","AreaName":"MOZS"},{"ColorName":"Red","RGB1":"rgb(168,70,91)","RGB2":"rgb(89,0,19)","AreaName":"NAM"},{"ColorName":"Red","RGB1":"rgb(168,70,91)","RGB2":"rgb(89,0,19)","AreaName":"RSAN"},{"ColorName":"Red","RGB1":"rgb(168,70,91)","RGB2":"rgb(89,0,19)","AreaName":"RSAS"},{"ColorName":"Red","RGB1":"rgb(168,70,91)","RGB2":"rgb(89,0,19)","AreaName":"ZAMZ"},{"ColorName":"Red","RGB1":"rgb(168,70,91)","RGB2":"rgb(89,0,19)","AreaName":"ZIM"},{"ColorName":"Red","RGB1":"rgb(168,70,91)","RGB2":"rgb(89,0,19)","AreaName":"ZIMA"},{"ColorName":"Red","RGB1":"rgb(168,70,91)","RGB2":"rgb(89,0,19)","AreaName":"ZAMC"},{"ColorName":"Red","RGB1":"rgb(168,70,91)","RGB2":"rgb(89,0,19)","AreaName":"MOZN_EDM"},{"ColorName":"Red","RGB1":"rgb(168,70,91)","RGB2":"rgb(89,0,19)","AreaName":"MOZN_HCB"},{"ColorName":"Red","RGB1":"rgb(168,70,91)","RGB2":"rgb(89,0,19)","AreaName":"MOZC_EDM"},{"ColorName":"Red","RGB1":"rgb(168,70,91)","RGB2":"rgb(89,0,19)","AreaName":"ESW"},{"ColorName":"Red","RGB1":"rgb(168,70,91)","RGB2":"rgb(89,0,19)","AreaName":"ZAML"},{"ColorName":"Yellow","RGB1":"rgb(249,198,103)","RGB2":"rgb(249,116,0)","AreaName":"ANG"},{"ColorName":"Yellow","RGB1":"rgb(249,198,103)","RGB2":"rgb(249,116,0)","AreaName":"MAL"},{"ColorName":"Yellow","RGB1":"rgb(249,198,103)","RGB2":"rgb(249,116,0)","AreaName":"TAN"}],"excelData":[["Area Name","Price"],["ZAMN",249.92],["ZAMM",249.92],["ANG",0],["BOT",249.92],["DRC",249.92],["LES",249.92],["MAL",0],["MOZS",249.92],["NAM",249.92],["RSAN",249.92],["RSAS",249.92],["TAN",0],["ZAMZ",249.92],["ZIM",249.92],["ZIMA",249.92],["ZAMC",249.92],["MOZN_EDM",249.92],["MOZN_HCB",249.92],["MOZC_EDM",249.92],["ESW",249.92],["ZAML",249.92]]}