{"data":[{"AreaShortName":"ZAMN","AreaPrice":58.9,"AreaColor":null},{"AreaShortName":"ZAMM","AreaPrice":58.9,"AreaColor":null},{"AreaShortName":"ANG","AreaPrice":0,"AreaColor":null},{"AreaShortName":"BOT","AreaPrice":58.9,"AreaColor":null},{"AreaShortName":"DRC","AreaPrice":58.9,"AreaColor":null},{"AreaShortName":"LES","AreaPrice":58.9,"AreaColor":null},{"AreaShortName":"MAL","AreaPrice":0,"AreaColor":null},{"AreaShortName":"MOZS","AreaPrice":58.9,"AreaColor":null},{"AreaShortName":"NAM","AreaPrice":58.9,"AreaColor":null},{"AreaShortName":"RSAN","AreaPrice":58.9,"AreaColor":null},{"AreaShortName":"RSAS","AreaPrice":58.9,"AreaColor":null},{"AreaShortName":"TAN","AreaPrice":0,"AreaColor":null},{"AreaShortName":"ZAMZ","AreaPrice":58.9,"AreaColor":null},{"AreaShortName":"ZIM","AreaPrice":58.9,"AreaColor":null},{"AreaShortName":"ZIMA","AreaPrice":58.9,"AreaColor":null},{"AreaShortName":"ZAMC","AreaPrice":58.9,"AreaColor":null},{"AreaShortName":"MOZN_EDM","AreaPrice":58.9,"AreaColor":null},{"AreaShortName":"MOZN_HCB","AreaPrice":58.9,"AreaColor":null},{"AreaShortName":"MOZC_EDM","AreaPrice":58.9,"AreaColor":null},{"AreaShortName":"ESW","AreaPrice":58.9,"AreaColor":null},{"AreaShortName":"ZAML","AreaPrice":58.9,"AreaColor":null}],"success":true,"error":"","avgPRZAR":1209.47,"avgPRUSD":61.97,"dateToday":"2023/05/03","currenrPrice":61.97,"matchVolume":0,"tradeVolume":0,"rate":0,"mapColors":[{"ColorName":"Red","RGB1":"rgb(168,70,91)","RGB2":"rgb(89,0,19)","AreaName":"ZAMN"},{"ColorName":"Red","RGB1":"rgb(168,70,91)","RGB2":"rgb(89,0,19)","AreaName":"ZAMM"},{"ColorName":"Red","RGB1":"rgb(168,70,91)","RGB2":"rgb(89,0,19)","AreaName":"BOT"},{"ColorName":"Red","RGB1":"rgb(168,70,91)","RGB2":"rgb(89,0,19)","AreaName":"DRC"},{"ColorName":"Red","RGB1":"rgb(168,70,91)","RGB2":"rgb(89,0,19)","AreaName":"LES"},{"ColorName":"Red","RGB1":"rgb(168,70,91)","RGB2":"rgb(89,0,19)","AreaName":"MOZS"},{"ColorName":"Red","RGB1":"rgb(168,70,91)","RGB2":"rgb(89,0,19)","AreaName":"NAM"},{"ColorName":"Red","RGB1":"rgb(168,70,91)","RGB2":"rgb(89,0,19)","AreaName":"RSAN"},{"ColorName":"Red","RGB1":"rgb(168,70,91)","RGB2":"rgb(89,0,19)","AreaName":"RSAS"},{"ColorName":"Red","RGB1":"rgb(168,70,91)","RGB2":"rgb(89,0,19)","AreaName":"ZAMZ"},{"ColorName":"Red","RGB1":"rgb(168,70,91)","RGB2":"rgb(89,0,19)","AreaName":"ZIM"},{"ColorName":"Red","RGB1":"rgb(168,70,91)","RGB2":"rgb(89,0,19)","AreaName":"ZIMA"},{"ColorName":"Red","RGB1":"rgb(168,70,91)","RGB2":"rgb(89,0,19)","AreaName":"ZAMC"},{"ColorName":"Red","RGB1":"rgb(168,70,91)","RGB2":"rgb(89,0,19)","AreaName":"MOZN_EDM"},{"ColorName":"Red","RGB1":"rgb(168,70,91)","RGB2":"rgb(89,0,19)","AreaName":"MOZN_HCB"},{"ColorName":"Red","RGB1":"rgb(168,70,91)","RGB2":"rgb(89,0,19)","AreaName":"MOZC_EDM"},{"ColorName":"Red","RGB1":"rgb(168,70,91)","RGB2":"rgb(89,0,19)","AreaName":"ESW"},{"ColorName":"Red","RGB1":"rgb(168,70,91)","RGB2":"rgb(89,0,19)","AreaName":"ZAML"},{"ColorName":"Yellow","RGB1":"rgb(249,198,103)","RGB2":"rgb(249,116,0)","AreaName":"ANG"},{"ColorName":"Yellow","RGB1":"rgb(249,198,103)","RGB2":"rgb(249,116,0)","AreaName":"MAL"},{"ColorName":"Yellow","RGB1":"rgb(249,198,103)","RGB2":"rgb(249,116,0)","AreaName":"TAN"}],"excelData":[["Area Name","Price"],["ZAMN",58.9],["ZAMM",58.9],["ANG",0],["BOT",58.9],["DRC",58.9],["LES",58.9],["MAL",0],["MOZS",58.9],["NAM",58.9],["RSAN",58.9],["RSAS",58.9],["TAN",0],["ZAMZ",58.9],["ZIM",58.9],["ZIMA",58.9],["ZAMC",58.9],["MOZN_EDM",58.9],["MOZN_HCB",58.9],["MOZC_EDM",58.9],["ESW",58.9],["ZAML",58.9]]}