{"data":[{"AreaShortName":"ZAMN","AreaPrice":40.03,"AreaColor":null},{"AreaShortName":"ZAMM","AreaPrice":40.03,"AreaColor":null},{"AreaShortName":"ANG","AreaPrice":0,"AreaColor":null},{"AreaShortName":"BOT","AreaPrice":40.03,"AreaColor":null},{"AreaShortName":"DRC","AreaPrice":40.03,"AreaColor":null},{"AreaShortName":"LES","AreaPrice":40.03,"AreaColor":null},{"AreaShortName":"MAL","AreaPrice":0,"AreaColor":null},{"AreaShortName":"MOZS","AreaPrice":40.03,"AreaColor":null},{"AreaShortName":"NAM","AreaPrice":40.03,"AreaColor":null},{"AreaShortName":"RSAN","AreaPrice":40.03,"AreaColor":null},{"AreaShortName":"RSAS","AreaPrice":40.03,"AreaColor":null},{"AreaShortName":"TAN","AreaPrice":0,"AreaColor":null},{"AreaShortName":"ZAMZ","AreaPrice":40.03,"AreaColor":null},{"AreaShortName":"ZIM","AreaPrice":40.03,"AreaColor":null},{"AreaShortName":"ZIMA","AreaPrice":40.03,"AreaColor":null},{"AreaShortName":"ZAMC","AreaPrice":40.03,"AreaColor":null},{"AreaShortName":"MOZN_EDM","AreaPrice":40.03,"AreaColor":null},{"AreaShortName":"MOZN_HCB","AreaPrice":40.03,"AreaColor":null},{"AreaShortName":"MOZC_EDM","AreaPrice":40.03,"AreaColor":null},{"AreaShortName":"ESW","AreaPrice":40.03,"AreaColor":null},{"AreaShortName":"ZAML","AreaPrice":40.03,"AreaColor":null}],"success":true,"error":"","avgPRZAR":1651.75,"avgPRUSD":81.16,"dateToday":"2023/05/19","currenrPrice":81.16,"matchVolume":0,"tradeVolume":0,"rate":0,"mapColors":[{"ColorName":"Red","RGB1":"rgb(168,70,91)","RGB2":"rgb(89,0,19)","AreaName":"ZAMN"},{"ColorName":"Red","RGB1":"rgb(168,70,91)","RGB2":"rgb(89,0,19)","AreaName":"ZAMM"},{"ColorName":"Red","RGB1":"rgb(168,70,91)","RGB2":"rgb(89,0,19)","AreaName":"BOT"},{"ColorName":"Red","RGB1":"rgb(168,70,91)","RGB2":"rgb(89,0,19)","AreaName":"DRC"},{"ColorName":"Red","RGB1":"rgb(168,70,91)","RGB2":"rgb(89,0,19)","AreaName":"LES"},{"ColorName":"Red","RGB1":"rgb(168,70,91)","RGB2":"rgb(89,0,19)","AreaName":"MOZS"},{"ColorName":"Red","RGB1":"rgb(168,70,91)","RGB2":"rgb(89,0,19)","AreaName":"NAM"},{"ColorName":"Red","RGB1":"rgb(168,70,91)","RGB2":"rgb(89,0,19)","AreaName":"RSAN"},{"ColorName":"Red","RGB1":"rgb(168,70,91)","RGB2":"rgb(89,0,19)","AreaName":"RSAS"},{"ColorName":"Red","RGB1":"rgb(168,70,91)","RGB2":"rgb(89,0,19)","AreaName":"ZAMZ"},{"ColorName":"Red","RGB1":"rgb(168,70,91)","RGB2":"rgb(89,0,19)","AreaName":"ZIM"},{"ColorName":"Red","RGB1":"rgb(168,70,91)","RGB2":"rgb(89,0,19)","AreaName":"ZIMA"},{"ColorName":"Red","RGB1":"rgb(168,70,91)","RGB2":"rgb(89,0,19)","AreaName":"ZAMC"},{"ColorName":"Red","RGB1":"rgb(168,70,91)","RGB2":"rgb(89,0,19)","AreaName":"MOZN_EDM"},{"ColorName":"Red","RGB1":"rgb(168,70,91)","RGB2":"rgb(89,0,19)","AreaName":"MOZN_HCB"},{"ColorName":"Red","RGB1":"rgb(168,70,91)","RGB2":"rgb(89,0,19)","AreaName":"MOZC_EDM"},{"ColorName":"Red","RGB1":"rgb(168,70,91)","RGB2":"rgb(89,0,19)","AreaName":"ESW"},{"ColorName":"Red","RGB1":"rgb(168,70,91)","RGB2":"rgb(89,0,19)","AreaName":"ZAML"},{"ColorName":"Yellow","RGB1":"rgb(249,198,103)","RGB2":"rgb(249,116,0)","AreaName":"ANG"},{"ColorName":"Yellow","RGB1":"rgb(249,198,103)","RGB2":"rgb(249,116,0)","AreaName":"MAL"},{"ColorName":"Yellow","RGB1":"rgb(249,198,103)","RGB2":"rgb(249,116,0)","AreaName":"TAN"}],"excelData":[["Area Name","Price"],["ZAMN",40.03],["ZAMM",40.03],["ANG",0],["BOT",40.03],["DRC",40.03],["LES",40.03],["MAL",0],["MOZS",40.03],["NAM",40.03],["RSAN",40.03],["RSAS",40.03],["TAN",0],["ZAMZ",40.03],["ZIM",40.03],["ZIMA",40.03],["ZAMC",40.03],["MOZN_EDM",40.03],["MOZN_HCB",40.03],["MOZC_EDM",40.03],["ESW",40.03],["ZAML",40.03]]}