{"data":[{"AreaShortName":"ZAMN","AreaPrice":208.21,"AreaColor":null},{"AreaShortName":"ZAMM","AreaPrice":208.21,"AreaColor":null},{"AreaShortName":"ANG","AreaPrice":0,"AreaColor":null},{"AreaShortName":"BOT","AreaPrice":208.21,"AreaColor":null},{"AreaShortName":"DRC","AreaPrice":208.21,"AreaColor":null},{"AreaShortName":"LES","AreaPrice":208.21,"AreaColor":null},{"AreaShortName":"MAL","AreaPrice":0,"AreaColor":null},{"AreaShortName":"MOZS","AreaPrice":208.21,"AreaColor":null},{"AreaShortName":"NAM","AreaPrice":208.21,"AreaColor":null},{"AreaShortName":"RSAN","AreaPrice":208.21,"AreaColor":null},{"AreaShortName":"RSAS","AreaPrice":208.21,"AreaColor":null},{"AreaShortName":"TAN","AreaPrice":0,"AreaColor":null},{"AreaShortName":"ZAMZ","AreaPrice":208.21,"AreaColor":null},{"AreaShortName":"ZIM","AreaPrice":208.21,"AreaColor":null},{"AreaShortName":"ZIMA","AreaPrice":208.21,"AreaColor":null},{"AreaShortName":"ZAMC","AreaPrice":208.21,"AreaColor":null},{"AreaShortName":"MOZN_EDM","AreaPrice":208.21,"AreaColor":null},{"AreaShortName":"MOZN_HCB","AreaPrice":208.21,"AreaColor":null},{"AreaShortName":"MOZC_EDM","AreaPrice":208.21,"AreaColor":null},{"AreaShortName":"ESW","AreaPrice":208.21,"AreaColor":null},{"AreaShortName":"ZAML","AreaPrice":208.21,"AreaColor":null}],"success":true,"error":"","avgPRZAR":1651.75,"avgPRUSD":81.16,"dateToday":"2023/05/19","currenrPrice":81.16,"matchVolume":0,"tradeVolume":0,"rate":0,"mapColors":[{"ColorName":"Red","RGB1":"rgb(168,70,91)","RGB2":"rgb(89,0,19)","AreaName":"ZAMN"},{"ColorName":"Red","RGB1":"rgb(168,70,91)","RGB2":"rgb(89,0,19)","AreaName":"ZAMM"},{"ColorName":"Red","RGB1":"rgb(168,70,91)","RGB2":"rgb(89,0,19)","AreaName":"BOT"},{"ColorName":"Red","RGB1":"rgb(168,70,91)","RGB2":"rgb(89,0,19)","AreaName":"DRC"},{"ColorName":"Red","RGB1":"rgb(168,70,91)","RGB2":"rgb(89,0,19)","AreaName":"LES"},{"ColorName":"Red","RGB1":"rgb(168,70,91)","RGB2":"rgb(89,0,19)","AreaName":"MOZS"},{"ColorName":"Red","RGB1":"rgb(168,70,91)","RGB2":"rgb(89,0,19)","AreaName":"NAM"},{"ColorName":"Red","RGB1":"rgb(168,70,91)","RGB2":"rgb(89,0,19)","AreaName":"RSAN"},{"ColorName":"Red","RGB1":"rgb(168,70,91)","RGB2":"rgb(89,0,19)","AreaName":"RSAS"},{"ColorName":"Red","RGB1":"rgb(168,70,91)","RGB2":"rgb(89,0,19)","AreaName":"ZAMZ"},{"ColorName":"Red","RGB1":"rgb(168,70,91)","RGB2":"rgb(89,0,19)","AreaName":"ZIM"},{"ColorName":"Red","RGB1":"rgb(168,70,91)","RGB2":"rgb(89,0,19)","AreaName":"ZIMA"},{"ColorName":"Red","RGB1":"rgb(168,70,91)","RGB2":"rgb(89,0,19)","AreaName":"ZAMC"},{"ColorName":"Red","RGB1":"rgb(168,70,91)","RGB2":"rgb(89,0,19)","AreaName":"MOZN_EDM"},{"ColorName":"Red","RGB1":"rgb(168,70,91)","RGB2":"rgb(89,0,19)","AreaName":"MOZN_HCB"},{"ColorName":"Red","RGB1":"rgb(168,70,91)","RGB2":"rgb(89,0,19)","AreaName":"MOZC_EDM"},{"ColorName":"Red","RGB1":"rgb(168,70,91)","RGB2":"rgb(89,0,19)","AreaName":"ESW"},{"ColorName":"Red","RGB1":"rgb(168,70,91)","RGB2":"rgb(89,0,19)","AreaName":"ZAML"},{"ColorName":"Yellow","RGB1":"rgb(249,198,103)","RGB2":"rgb(249,116,0)","AreaName":"ANG"},{"ColorName":"Yellow","RGB1":"rgb(249,198,103)","RGB2":"rgb(249,116,0)","AreaName":"MAL"},{"ColorName":"Yellow","RGB1":"rgb(249,198,103)","RGB2":"rgb(249,116,0)","AreaName":"TAN"}],"excelData":[["Area Name","Price"],["ZAMN",208.21],["ZAMM",208.21],["ANG",0],["BOT",208.21],["DRC",208.21],["LES",208.21],["MAL",0],["MOZS",208.21],["NAM",208.21],["RSAN",208.21],["RSAS",208.21],["TAN",0],["ZAMZ",208.21],["ZIM",208.21],["ZIMA",208.21],["ZAMC",208.21],["MOZN_EDM",208.21],["MOZN_HCB",208.21],["MOZC_EDM",208.21],["ESW",208.21],["ZAML",208.21]]}