{"data":[{"AreaShortName":"ZAMN","AreaPrice":104.9,"AreaColor":null},{"AreaShortName":"ZAMM","AreaPrice":104.9,"AreaColor":null},{"AreaShortName":"ANG","AreaPrice":0,"AreaColor":null},{"AreaShortName":"BOT","AreaPrice":104.9,"AreaColor":null},{"AreaShortName":"DRC","AreaPrice":104.9,"AreaColor":null},{"AreaShortName":"LES","AreaPrice":104.9,"AreaColor":null},{"AreaShortName":"MAL","AreaPrice":0,"AreaColor":null},{"AreaShortName":"MOZS","AreaPrice":104.9,"AreaColor":null},{"AreaShortName":"NAM","AreaPrice":104.9,"AreaColor":null},{"AreaShortName":"RSAN","AreaPrice":104.9,"AreaColor":null},{"AreaShortName":"RSAS","AreaPrice":104.9,"AreaColor":null},{"AreaShortName":"TAN","AreaPrice":0,"AreaColor":null},{"AreaShortName":"ZAMZ","AreaPrice":104.9,"AreaColor":null},{"AreaShortName":"ZIM","AreaPrice":104.9,"AreaColor":null},{"AreaShortName":"ZIMA","AreaPrice":104.9,"AreaColor":null},{"AreaShortName":"ZAMC","AreaPrice":104.9,"AreaColor":null},{"AreaShortName":"MOZN_EDM","AreaPrice":104.9,"AreaColor":null},{"AreaShortName":"MOZN_HCB","AreaPrice":104.9,"AreaColor":null},{"AreaShortName":"MOZC_EDM","AreaPrice":104.9,"AreaColor":null},{"AreaShortName":"ESW","AreaPrice":104.9,"AreaColor":null},{"AreaShortName":"ZAML","AreaPrice":104.9,"AreaColor":null}],"success":true,"error":"","avgPRZAR":1651.75,"avgPRUSD":81.16,"dateToday":"2023/05/19","currenrPrice":81.16,"matchVolume":0,"tradeVolume":0,"rate":0,"mapColors":[{"ColorName":"Red","RGB1":"rgb(168,70,91)","RGB2":"rgb(89,0,19)","AreaName":"ZAMN"},{"ColorName":"Red","RGB1":"rgb(168,70,91)","RGB2":"rgb(89,0,19)","AreaName":"ZAMM"},{"ColorName":"Red","RGB1":"rgb(168,70,91)","RGB2":"rgb(89,0,19)","AreaName":"BOT"},{"ColorName":"Red","RGB1":"rgb(168,70,91)","RGB2":"rgb(89,0,19)","AreaName":"DRC"},{"ColorName":"Red","RGB1":"rgb(168,70,91)","RGB2":"rgb(89,0,19)","AreaName":"LES"},{"ColorName":"Red","RGB1":"rgb(168,70,91)","RGB2":"rgb(89,0,19)","AreaName":"MOZS"},{"ColorName":"Red","RGB1":"rgb(168,70,91)","RGB2":"rgb(89,0,19)","AreaName":"NAM"},{"ColorName":"Red","RGB1":"rgb(168,70,91)","RGB2":"rgb(89,0,19)","AreaName":"RSAN"},{"ColorName":"Red","RGB1":"rgb(168,70,91)","RGB2":"rgb(89,0,19)","AreaName":"RSAS"},{"ColorName":"Red","RGB1":"rgb(168,70,91)","RGB2":"rgb(89,0,19)","AreaName":"ZAMZ"},{"ColorName":"Red","RGB1":"rgb(168,70,91)","RGB2":"rgb(89,0,19)","AreaName":"ZIM"},{"ColorName":"Red","RGB1":"rgb(168,70,91)","RGB2":"rgb(89,0,19)","AreaName":"ZIMA"},{"ColorName":"Red","RGB1":"rgb(168,70,91)","RGB2":"rgb(89,0,19)","AreaName":"ZAMC"},{"ColorName":"Red","RGB1":"rgb(168,70,91)","RGB2":"rgb(89,0,19)","AreaName":"MOZN_EDM"},{"ColorName":"Red","RGB1":"rgb(168,70,91)","RGB2":"rgb(89,0,19)","AreaName":"MOZN_HCB"},{"ColorName":"Red","RGB1":"rgb(168,70,91)","RGB2":"rgb(89,0,19)","AreaName":"MOZC_EDM"},{"ColorName":"Red","RGB1":"rgb(168,70,91)","RGB2":"rgb(89,0,19)","AreaName":"ESW"},{"ColorName":"Red","RGB1":"rgb(168,70,91)","RGB2":"rgb(89,0,19)","AreaName":"ZAML"},{"ColorName":"Yellow","RGB1":"rgb(249,198,103)","RGB2":"rgb(249,116,0)","AreaName":"ANG"},{"ColorName":"Yellow","RGB1":"rgb(249,198,103)","RGB2":"rgb(249,116,0)","AreaName":"MAL"},{"ColorName":"Yellow","RGB1":"rgb(249,198,103)","RGB2":"rgb(249,116,0)","AreaName":"TAN"}],"excelData":[["Area Name","Price"],["ZAMN",104.9],["ZAMM",104.9],["ANG",0],["BOT",104.9],["DRC",104.9],["LES",104.9],["MAL",0],["MOZS",104.9],["NAM",104.9],["RSAN",104.9],["RSAS",104.9],["TAN",0],["ZAMZ",104.9],["ZIM",104.9],["ZIMA",104.9],["ZAMC",104.9],["MOZN_EDM",104.9],["MOZN_HCB",104.9],["MOZC_EDM",104.9],["ESW",104.9],["ZAML",104.9]]}