{"data":[{"AreaShortName":"ZAMN","AreaPrice":105.4,"AreaColor":null},{"AreaShortName":"ZAMM","AreaPrice":105.4,"AreaColor":null},{"AreaShortName":"ANG","AreaPrice":0,"AreaColor":null},{"AreaShortName":"BOT","AreaPrice":105.4,"AreaColor":null},{"AreaShortName":"DRC","AreaPrice":105.4,"AreaColor":null},{"AreaShortName":"LES","AreaPrice":105.4,"AreaColor":null},{"AreaShortName":"MAL","AreaPrice":0,"AreaColor":null},{"AreaShortName":"MOZS","AreaPrice":105.4,"AreaColor":null},{"AreaShortName":"NAM","AreaPrice":105.4,"AreaColor":null},{"AreaShortName":"RSAN","AreaPrice":105.4,"AreaColor":null},{"AreaShortName":"RSAS","AreaPrice":105.4,"AreaColor":null},{"AreaShortName":"TAN","AreaPrice":0,"AreaColor":null},{"AreaShortName":"ZAMZ","AreaPrice":105.4,"AreaColor":null},{"AreaShortName":"ZIM","AreaPrice":105.4,"AreaColor":null},{"AreaShortName":"ZIMA","AreaPrice":105.4,"AreaColor":null},{"AreaShortName":"ZAMC","AreaPrice":105.4,"AreaColor":null},{"AreaShortName":"MOZN_EDM","AreaPrice":105.4,"AreaColor":null},{"AreaShortName":"MOZN_HCB","AreaPrice":105.4,"AreaColor":null},{"AreaShortName":"MOZC_EDM","AreaPrice":105.4,"AreaColor":null},{"AreaShortName":"ESW","AreaPrice":105.4,"AreaColor":null},{"AreaShortName":"ZAML","AreaPrice":105.4,"AreaColor":null}],"success":true,"error":"","avgPRZAR":1651.75,"avgPRUSD":81.16,"dateToday":"2023/05/19","currenrPrice":81.16,"matchVolume":0,"tradeVolume":0,"rate":0,"mapColors":[{"ColorName":"Red","RGB1":"rgb(168,70,91)","RGB2":"rgb(89,0,19)","AreaName":"ZAMN"},{"ColorName":"Red","RGB1":"rgb(168,70,91)","RGB2":"rgb(89,0,19)","AreaName":"ZAMM"},{"ColorName":"Red","RGB1":"rgb(168,70,91)","RGB2":"rgb(89,0,19)","AreaName":"BOT"},{"ColorName":"Red","RGB1":"rgb(168,70,91)","RGB2":"rgb(89,0,19)","AreaName":"DRC"},{"ColorName":"Red","RGB1":"rgb(168,70,91)","RGB2":"rgb(89,0,19)","AreaName":"LES"},{"ColorName":"Red","RGB1":"rgb(168,70,91)","RGB2":"rgb(89,0,19)","AreaName":"MOZS"},{"ColorName":"Red","RGB1":"rgb(168,70,91)","RGB2":"rgb(89,0,19)","AreaName":"NAM"},{"ColorName":"Red","RGB1":"rgb(168,70,91)","RGB2":"rgb(89,0,19)","AreaName":"RSAN"},{"ColorName":"Red","RGB1":"rgb(168,70,91)","RGB2":"rgb(89,0,19)","AreaName":"RSAS"},{"ColorName":"Red","RGB1":"rgb(168,70,91)","RGB2":"rgb(89,0,19)","AreaName":"ZAMZ"},{"ColorName":"Red","RGB1":"rgb(168,70,91)","RGB2":"rgb(89,0,19)","AreaName":"ZIM"},{"ColorName":"Red","RGB1":"rgb(168,70,91)","RGB2":"rgb(89,0,19)","AreaName":"ZIMA"},{"ColorName":"Red","RGB1":"rgb(168,70,91)","RGB2":"rgb(89,0,19)","AreaName":"ZAMC"},{"ColorName":"Red","RGB1":"rgb(168,70,91)","RGB2":"rgb(89,0,19)","AreaName":"MOZN_EDM"},{"ColorName":"Red","RGB1":"rgb(168,70,91)","RGB2":"rgb(89,0,19)","AreaName":"MOZN_HCB"},{"ColorName":"Red","RGB1":"rgb(168,70,91)","RGB2":"rgb(89,0,19)","AreaName":"MOZC_EDM"},{"ColorName":"Red","RGB1":"rgb(168,70,91)","RGB2":"rgb(89,0,19)","AreaName":"ESW"},{"ColorName":"Red","RGB1":"rgb(168,70,91)","RGB2":"rgb(89,0,19)","AreaName":"ZAML"},{"ColorName":"Yellow","RGB1":"rgb(249,198,103)","RGB2":"rgb(249,116,0)","AreaName":"ANG"},{"ColorName":"Yellow","RGB1":"rgb(249,198,103)","RGB2":"rgb(249,116,0)","AreaName":"MAL"},{"ColorName":"Yellow","RGB1":"rgb(249,198,103)","RGB2":"rgb(249,116,0)","AreaName":"TAN"}],"excelData":[["Area Name","Price"],["ZAMN",105.4],["ZAMM",105.4],["ANG",0],["BOT",105.4],["DRC",105.4],["LES",105.4],["MAL",0],["MOZS",105.4],["NAM",105.4],["RSAN",105.4],["RSAS",105.4],["TAN",0],["ZAMZ",105.4],["ZIM",105.4],["ZIMA",105.4],["ZAMC",105.4],["MOZN_EDM",105.4],["MOZN_HCB",105.4],["MOZC_EDM",105.4],["ESW",105.4],["ZAML",105.4]]}