{"data":[{"AreaShortName":"ZAMN","AreaPrice":86.9,"AreaColor":null},{"AreaShortName":"ZAMM","AreaPrice":86.9,"AreaColor":null},{"AreaShortName":"ANG","AreaPrice":0,"AreaColor":null},{"AreaShortName":"BOT","AreaPrice":86.9,"AreaColor":null},{"AreaShortName":"DRC","AreaPrice":86.9,"AreaColor":null},{"AreaShortName":"LES","AreaPrice":86.9,"AreaColor":null},{"AreaShortName":"MAL","AreaPrice":0,"AreaColor":null},{"AreaShortName":"MOZS","AreaPrice":86.9,"AreaColor":null},{"AreaShortName":"NAM","AreaPrice":86.9,"AreaColor":null},{"AreaShortName":"RSAN","AreaPrice":86.9,"AreaColor":null},{"AreaShortName":"RSAS","AreaPrice":86.9,"AreaColor":null},{"AreaShortName":"TAN","AreaPrice":0,"AreaColor":null},{"AreaShortName":"ZAMZ","AreaPrice":86.9,"AreaColor":null},{"AreaShortName":"ZIM","AreaPrice":86.9,"AreaColor":null},{"AreaShortName":"ZIMA","AreaPrice":86.9,"AreaColor":null},{"AreaShortName":"ZAMC","AreaPrice":86.9,"AreaColor":null},{"AreaShortName":"MOZN_EDM","AreaPrice":86.9,"AreaColor":null},{"AreaShortName":"MOZN_HCB","AreaPrice":86.9,"AreaColor":null},{"AreaShortName":"MOZC_EDM","AreaPrice":86.9,"AreaColor":null},{"AreaShortName":"ESW","AreaPrice":86.9,"AreaColor":null},{"AreaShortName":"ZAML","AreaPrice":86.9,"AreaColor":null}],"success":true,"error":"","avgPRZAR":1651.75,"avgPRUSD":81.16,"dateToday":"2023/05/19","currenrPrice":81.16,"matchVolume":0,"tradeVolume":0,"rate":0,"mapColors":[{"ColorName":"Red","RGB1":"rgb(168,70,91)","RGB2":"rgb(89,0,19)","AreaName":"ZAMN"},{"ColorName":"Red","RGB1":"rgb(168,70,91)","RGB2":"rgb(89,0,19)","AreaName":"ZAMM"},{"ColorName":"Red","RGB1":"rgb(168,70,91)","RGB2":"rgb(89,0,19)","AreaName":"BOT"},{"ColorName":"Red","RGB1":"rgb(168,70,91)","RGB2":"rgb(89,0,19)","AreaName":"DRC"},{"ColorName":"Red","RGB1":"rgb(168,70,91)","RGB2":"rgb(89,0,19)","AreaName":"LES"},{"ColorName":"Red","RGB1":"rgb(168,70,91)","RGB2":"rgb(89,0,19)","AreaName":"MOZS"},{"ColorName":"Red","RGB1":"rgb(168,70,91)","RGB2":"rgb(89,0,19)","AreaName":"NAM"},{"ColorName":"Red","RGB1":"rgb(168,70,91)","RGB2":"rgb(89,0,19)","AreaName":"RSAN"},{"ColorName":"Red","RGB1":"rgb(168,70,91)","RGB2":"rgb(89,0,19)","AreaName":"RSAS"},{"ColorName":"Red","RGB1":"rgb(168,70,91)","RGB2":"rgb(89,0,19)","AreaName":"ZAMZ"},{"ColorName":"Red","RGB1":"rgb(168,70,91)","RGB2":"rgb(89,0,19)","AreaName":"ZIM"},{"ColorName":"Red","RGB1":"rgb(168,70,91)","RGB2":"rgb(89,0,19)","AreaName":"ZIMA"},{"ColorName":"Red","RGB1":"rgb(168,70,91)","RGB2":"rgb(89,0,19)","AreaName":"ZAMC"},{"ColorName":"Red","RGB1":"rgb(168,70,91)","RGB2":"rgb(89,0,19)","AreaName":"MOZN_EDM"},{"ColorName":"Red","RGB1":"rgb(168,70,91)","RGB2":"rgb(89,0,19)","AreaName":"MOZN_HCB"},{"ColorName":"Red","RGB1":"rgb(168,70,91)","RGB2":"rgb(89,0,19)","AreaName":"MOZC_EDM"},{"ColorName":"Red","RGB1":"rgb(168,70,91)","RGB2":"rgb(89,0,19)","AreaName":"ESW"},{"ColorName":"Red","RGB1":"rgb(168,70,91)","RGB2":"rgb(89,0,19)","AreaName":"ZAML"},{"ColorName":"Yellow","RGB1":"rgb(249,198,103)","RGB2":"rgb(249,116,0)","AreaName":"ANG"},{"ColorName":"Yellow","RGB1":"rgb(249,198,103)","RGB2":"rgb(249,116,0)","AreaName":"MAL"},{"ColorName":"Yellow","RGB1":"rgb(249,198,103)","RGB2":"rgb(249,116,0)","AreaName":"TAN"}],"excelData":[["Area Name","Price"],["ZAMN",86.9],["ZAMM",86.9],["ANG",0],["BOT",86.9],["DRC",86.9],["LES",86.9],["MAL",0],["MOZS",86.9],["NAM",86.9],["RSAN",86.9],["RSAS",86.9],["TAN",0],["ZAMZ",86.9],["ZIM",86.9],["ZIMA",86.9],["ZAMC",86.9],["MOZN_EDM",86.9],["MOZN_HCB",86.9],["MOZC_EDM",86.9],["ESW",86.9],["ZAML",86.9]]}