{"data":[{"AreaShortName":"ZAMN","AreaPrice":108.96,"AreaColor":null},{"AreaShortName":"ZAMM","AreaPrice":108.96,"AreaColor":null},{"AreaShortName":"ANG","AreaPrice":0,"AreaColor":null},{"AreaShortName":"BOT","AreaPrice":108.96,"AreaColor":null},{"AreaShortName":"DRC","AreaPrice":108.96,"AreaColor":null},{"AreaShortName":"LES","AreaPrice":108.96,"AreaColor":null},{"AreaShortName":"MAL","AreaPrice":0,"AreaColor":null},{"AreaShortName":"MOZS","AreaPrice":108.96,"AreaColor":null},{"AreaShortName":"NAM","AreaPrice":108.96,"AreaColor":null},{"AreaShortName":"RSAN","AreaPrice":108.96,"AreaColor":null},{"AreaShortName":"RSAS","AreaPrice":108.96,"AreaColor":null},{"AreaShortName":"TAN","AreaPrice":0,"AreaColor":null},{"AreaShortName":"ZAMZ","AreaPrice":108.96,"AreaColor":null},{"AreaShortName":"ZIM","AreaPrice":108.96,"AreaColor":null},{"AreaShortName":"ZIMA","AreaPrice":108.96,"AreaColor":null},{"AreaShortName":"ZAMC","AreaPrice":108.96,"AreaColor":null},{"AreaShortName":"MOZN_EDM","AreaPrice":108.96,"AreaColor":null},{"AreaShortName":"MOZN_HCB","AreaPrice":108.96,"AreaColor":null},{"AreaShortName":"MOZC_EDM","AreaPrice":108.96,"AreaColor":null},{"AreaShortName":"ESW","AreaPrice":108.96,"AreaColor":null},{"AreaShortName":"ZAML","AreaPrice":108.96,"AreaColor":null}],"success":true,"error":"","avgPRZAR":1651.75,"avgPRUSD":81.16,"dateToday":"2023/05/19","currenrPrice":81.16,"matchVolume":0,"tradeVolume":0,"rate":0,"mapColors":[{"ColorName":"Red","RGB1":"rgb(168,70,91)","RGB2":"rgb(89,0,19)","AreaName":"ZAMN"},{"ColorName":"Red","RGB1":"rgb(168,70,91)","RGB2":"rgb(89,0,19)","AreaName":"ZAMM"},{"ColorName":"Red","RGB1":"rgb(168,70,91)","RGB2":"rgb(89,0,19)","AreaName":"BOT"},{"ColorName":"Red","RGB1":"rgb(168,70,91)","RGB2":"rgb(89,0,19)","AreaName":"DRC"},{"ColorName":"Red","RGB1":"rgb(168,70,91)","RGB2":"rgb(89,0,19)","AreaName":"LES"},{"ColorName":"Red","RGB1":"rgb(168,70,91)","RGB2":"rgb(89,0,19)","AreaName":"MOZS"},{"ColorName":"Red","RGB1":"rgb(168,70,91)","RGB2":"rgb(89,0,19)","AreaName":"NAM"},{"ColorName":"Red","RGB1":"rgb(168,70,91)","RGB2":"rgb(89,0,19)","AreaName":"RSAN"},{"ColorName":"Red","RGB1":"rgb(168,70,91)","RGB2":"rgb(89,0,19)","AreaName":"RSAS"},{"ColorName":"Red","RGB1":"rgb(168,70,91)","RGB2":"rgb(89,0,19)","AreaName":"ZAMZ"},{"ColorName":"Red","RGB1":"rgb(168,70,91)","RGB2":"rgb(89,0,19)","AreaName":"ZIM"},{"ColorName":"Red","RGB1":"rgb(168,70,91)","RGB2":"rgb(89,0,19)","AreaName":"ZIMA"},{"ColorName":"Red","RGB1":"rgb(168,70,91)","RGB2":"rgb(89,0,19)","AreaName":"ZAMC"},{"ColorName":"Red","RGB1":"rgb(168,70,91)","RGB2":"rgb(89,0,19)","AreaName":"MOZN_EDM"},{"ColorName":"Red","RGB1":"rgb(168,70,91)","RGB2":"rgb(89,0,19)","AreaName":"MOZN_HCB"},{"ColorName":"Red","RGB1":"rgb(168,70,91)","RGB2":"rgb(89,0,19)","AreaName":"MOZC_EDM"},{"ColorName":"Red","RGB1":"rgb(168,70,91)","RGB2":"rgb(89,0,19)","AreaName":"ESW"},{"ColorName":"Red","RGB1":"rgb(168,70,91)","RGB2":"rgb(89,0,19)","AreaName":"ZAML"},{"ColorName":"Yellow","RGB1":"rgb(249,198,103)","RGB2":"rgb(249,116,0)","AreaName":"ANG"},{"ColorName":"Yellow","RGB1":"rgb(249,198,103)","RGB2":"rgb(249,116,0)","AreaName":"MAL"},{"ColorName":"Yellow","RGB1":"rgb(249,198,103)","RGB2":"rgb(249,116,0)","AreaName":"TAN"}],"excelData":[["Area Name","Price"],["ZAMN",108.96],["ZAMM",108.96],["ANG",0],["BOT",108.96],["DRC",108.96],["LES",108.96],["MAL",0],["MOZS",108.96],["NAM",108.96],["RSAN",108.96],["RSAS",108.96],["TAN",0],["ZAMZ",108.96],["ZIM",108.96],["ZIMA",108.96],["ZAMC",108.96],["MOZN_EDM",108.96],["MOZN_HCB",108.96],["MOZC_EDM",108.96],["ESW",108.96],["ZAML",108.96]]}