{"data":[{"AreaShortName":"ZAMN","AreaPrice":122.86,"AreaColor":null},{"AreaShortName":"ZAMM","AreaPrice":122.86,"AreaColor":null},{"AreaShortName":"ANG","AreaPrice":0,"AreaColor":null},{"AreaShortName":"BOT","AreaPrice":122.86,"AreaColor":null},{"AreaShortName":"DRC","AreaPrice":122.86,"AreaColor":null},{"AreaShortName":"LES","AreaPrice":122.86,"AreaColor":null},{"AreaShortName":"MAL","AreaPrice":0,"AreaColor":null},{"AreaShortName":"MOZS","AreaPrice":122.86,"AreaColor":null},{"AreaShortName":"NAM","AreaPrice":122.86,"AreaColor":null},{"AreaShortName":"RSAN","AreaPrice":122.86,"AreaColor":null},{"AreaShortName":"RSAS","AreaPrice":122.86,"AreaColor":null},{"AreaShortName":"TAN","AreaPrice":0,"AreaColor":null},{"AreaShortName":"ZAMZ","AreaPrice":122.86,"AreaColor":null},{"AreaShortName":"ZIM","AreaPrice":122.86,"AreaColor":null},{"AreaShortName":"ZIMA","AreaPrice":122.86,"AreaColor":null},{"AreaShortName":"ZAMC","AreaPrice":122.86,"AreaColor":null},{"AreaShortName":"MOZN_EDM","AreaPrice":122.86,"AreaColor":null},{"AreaShortName":"MOZN_HCB","AreaPrice":122.86,"AreaColor":null},{"AreaShortName":"MOZC_EDM","AreaPrice":122.86,"AreaColor":null},{"AreaShortName":"ESW","AreaPrice":122.86,"AreaColor":null},{"AreaShortName":"ZAML","AreaPrice":122.86,"AreaColor":null}],"success":true,"error":"","avgPRZAR":1651.75,"avgPRUSD":81.16,"dateToday":"2023/05/19","currenrPrice":81.16,"matchVolume":0,"tradeVolume":0,"rate":0,"mapColors":[{"ColorName":"Red","RGB1":"rgb(168,70,91)","RGB2":"rgb(89,0,19)","AreaName":"ZAMN"},{"ColorName":"Red","RGB1":"rgb(168,70,91)","RGB2":"rgb(89,0,19)","AreaName":"ZAMM"},{"ColorName":"Red","RGB1":"rgb(168,70,91)","RGB2":"rgb(89,0,19)","AreaName":"BOT"},{"ColorName":"Red","RGB1":"rgb(168,70,91)","RGB2":"rgb(89,0,19)","AreaName":"DRC"},{"ColorName":"Red","RGB1":"rgb(168,70,91)","RGB2":"rgb(89,0,19)","AreaName":"LES"},{"ColorName":"Red","RGB1":"rgb(168,70,91)","RGB2":"rgb(89,0,19)","AreaName":"MOZS"},{"ColorName":"Red","RGB1":"rgb(168,70,91)","RGB2":"rgb(89,0,19)","AreaName":"NAM"},{"ColorName":"Red","RGB1":"rgb(168,70,91)","RGB2":"rgb(89,0,19)","AreaName":"RSAN"},{"ColorName":"Red","RGB1":"rgb(168,70,91)","RGB2":"rgb(89,0,19)","AreaName":"RSAS"},{"ColorName":"Red","RGB1":"rgb(168,70,91)","RGB2":"rgb(89,0,19)","AreaName":"ZAMZ"},{"ColorName":"Red","RGB1":"rgb(168,70,91)","RGB2":"rgb(89,0,19)","AreaName":"ZIM"},{"ColorName":"Red","RGB1":"rgb(168,70,91)","RGB2":"rgb(89,0,19)","AreaName":"ZIMA"},{"ColorName":"Red","RGB1":"rgb(168,70,91)","RGB2":"rgb(89,0,19)","AreaName":"ZAMC"},{"ColorName":"Red","RGB1":"rgb(168,70,91)","RGB2":"rgb(89,0,19)","AreaName":"MOZN_EDM"},{"ColorName":"Red","RGB1":"rgb(168,70,91)","RGB2":"rgb(89,0,19)","AreaName":"MOZN_HCB"},{"ColorName":"Red","RGB1":"rgb(168,70,91)","RGB2":"rgb(89,0,19)","AreaName":"MOZC_EDM"},{"ColorName":"Red","RGB1":"rgb(168,70,91)","RGB2":"rgb(89,0,19)","AreaName":"ESW"},{"ColorName":"Red","RGB1":"rgb(168,70,91)","RGB2":"rgb(89,0,19)","AreaName":"ZAML"},{"ColorName":"Yellow","RGB1":"rgb(249,198,103)","RGB2":"rgb(249,116,0)","AreaName":"ANG"},{"ColorName":"Yellow","RGB1":"rgb(249,198,103)","RGB2":"rgb(249,116,0)","AreaName":"MAL"},{"ColorName":"Yellow","RGB1":"rgb(249,198,103)","RGB2":"rgb(249,116,0)","AreaName":"TAN"}],"excelData":[["Area Name","Price"],["ZAMN",122.86],["ZAMM",122.86],["ANG",0],["BOT",122.86],["DRC",122.86],["LES",122.86],["MAL",0],["MOZS",122.86],["NAM",122.86],["RSAN",122.86],["RSAS",122.86],["TAN",0],["ZAMZ",122.86],["ZIM",122.86],["ZIMA",122.86],["ZAMC",122.86],["MOZN_EDM",122.86],["MOZN_HCB",122.86],["MOZC_EDM",122.86],["ESW",122.86],["ZAML",122.86]]}