year,month,volume_mean,value_mean,price_max,price_min,price_mean,power_max,power_min,power_mean,price_morning_max,price_evening_max,price_standard,off_price_mean,standard_price_mean,morning_price_mean,evening_price_mean,off_hour_mean,standard_hour_mean,morning_hour_mean,evening_hour_mean,off_value,standard_value,morning_value,evening_value,standard_price_max,off_price_max,morning_price_max,evening_price_max,standard_price_min,off_price_min,morning_price_min,evening_price_min,price_stdev,standard_price_stdev,off_price_stdev,morning_price_stdev,evening_price_stdev,volume,morning_volume,evening_volume,standard_volume,off_volume,value,off_hour_count,standard_hour_count,morning_hour_count,evening_hour_count,price_weight_mean,off_price_weight_mean,standard_price_weight_mean,morning_price_weight_mean,evening_price_weight_mean,off_power,morning_power,standard_power,evening_power,evening_days,morning_days,days,off_price_diff,morning_price_diff,standard_price_diff,evening_price_diff,off_price_log_diff,morning_price_log_diff,standard_price_log_diff,evening_price_log_diff
2016,1,3785.351612903226,211930.28932258065,106.684,45.98250000000001,82.45878763440861,362.65161290322584,17.606451612903225,159.95911290322584,119.75838709677419,142.0106451612903,84.08322580645161,52.857409380625704,101.01975024975026,111.53873015873015,144.88047619047623,11.64516129032258,10.23076923076923,3.0,2.0,4970747.130000001,1219190.218,163858.69200000004,216042.929,124.7772727272727,84.57500000000002,152.75,173.89499999999998,47.88363636363636,39.4525,47.04666666666666,60.05,16.431434766889247,16.331618364913115,9.02123410254776,27.324728695942774,25.47210910509581,117345.90000000001,2104.8,1568.7000000000003,15051.200000000006,98621.19999999998,6569838.9690000005,361,266.0,63.0,42.0,55.986949428995814,50.402419865100015,81.00285811098115,77.85000570125429,137.72099764135908,273.18891966758997,33.40952380952381,56.58345864661656,37.35000000000001,21,21,31,,,,,,,,
2016,2,3871.7551724137934,261082.31689655167,123.79849999999999,75.02333333333334,91.79750574712644,367.3344827586207,23.231034482758623,161.99379310344827,133.84448275862067,136.44793103448276,98.52362068965519,57.27182217714671,111.70266493506493,127.77952380952382,141.36285714285717,11.310344827586206,10.36,3.0,2.0,5099382.106999999,2091753.6850000003,99828.04699999998,280423.35099999997,124.36636363636363,83.42458333333336,179.88666666666666,230.985,105.22714285714287,50.480000000000004,113.42333333333333,120.08500000000001,10.625304821069388,5.3356867590499615,10.066409568580921,17.997176145338724,25.793166031500895,112280.90000000001,773.6999999999999,1788.4,19632.1,90086.7,7571387.189999999,328,259.0,63.0,42.0,67.43254810034475,56.60527144406443,106.54762786456877,129.02681530308902,156.80124748378435,274.6545731707317,12.28095238095238,75.79961389961389,42.58095238095238,21,21,29,4.414412796521006,16.240793650793677,10.682914685314671,-3.517619047619064,0.03483512706818681,0.05903556948568722,0.0436572439008267,-0.010674550447598463
2016,3,2904.254838709678,187713.28729032262,108.65149999999997,60.11583333333334,88.95398924731182,285.8677419354839,18.23225806451613,122.2631989247312,124.14548387096775,131.53032258064516,96.48411290322582,55.45825980392155,108.06451659451659,123.27724637681158,131.90521739130435,10.838709677419354,10.407407407407407,3.0,2.0,3948981.503000001,1574171.681,124191.60400000002,171767.11800000002,116.31727272727271,77.71583333333334,157.85,159.31,79.00818181818181,49.53125,98.91000000000001,89.34,11.79225561377163,8.540728616493261,7.728625773760988,15.29382032236226,19.588256017681335,90031.90000000002,1069.7,1600.1999999999998,15946.2,71415.8,5819111.906000001,336,281.0,69.0,46.0,64.63388983238163,55.29562790026858,98.71766822189613,116.09947087968591,107.34103112110988,212.5470238095238,15.502898550724638,56.748042704626336,34.78695652173913,23,23,31,-1.8135623732251602,-4.502277432712248,-3.638148340548341,-9.457639751552819,-0.013974763020673908,-0.01557834027684235,-0.014380419302733483,-0.03007334028118125
2016,4,1921.1166666666666,118965.33110000002,114.64166666666665,42.85350000000001,85.57927777777779,183.97,7.236666666666666,80.34400000000002,118.55533333333337,141.72200000000004,93.5620833333333,53.30514919557566,107.50926573426571,110.28333333333333,140.65333333333328,11.366666666666667,10.23076923076923,3.0,2.0,2963616.9489999996,528119.0019999999,51265.53,25958.451999999997,152.7542857142857,81.60176470588236,171.47000000000003,192.77,48.65571428571428,29.956249999999997,45.03333333333333,114.79,17.588301480570085,21.38670467830551,12.253948059833679,38.91005995312211,22.367452265140376,57633.5,491.0,186.4,5068.7,51887.399999999994,3568959.9330000007,341,266.0,63.0,42.0,61.925094484978366,57.11631241881459,104.19219957780099,104.41044806517311,139.26208154506435,152.1624633431085,7.7936507936507935,19.055263157894736,4.438095238095238,21,21,30,-2.153110608345891,-12.993913043478244,-0.5552508602508794,8.748115942028932,-0.017197074720338046,-0.048373040795706146,-0.0022372193439847976,0.02788805492652946
2016,5,1597.5516129032258,89924.52219354839,105.67649999999996,28.65958333333333,79.31787634408602,165.18387096774194,4.661290322580645,68.44276881720431,113.99870967741937,135.37870967741935,87.06330645161289,44.83001375711575,102.91638361638363,115.36651515151516,138.0175,11.35483870967742,10.384615384615385,3.0,2.0,2170949.718,522780.608,68179.08099999999,25750.781000000006,124.08363636363634,72.44166666666668,147.06666666666666,180.21,38.72571428571428,27.3675,42.95666666666667,102.15,22.34097575154135,23.32260537726571,11.68530916843624,26.538838714107488,15.149956761685894,49524.1,714.9,183.5,4931.0,43694.7,2787660.188,352,270.0,66.0,44.0,56.288962101279985,49.684509059451145,106.01918637193268,95.3686963211638,140.33123160762946,124.13267045454545,10.831818181818182,18.262962962962963,4.170454545454546,22,22,31,-8.475135438459908,5.083181818181828,-4.592882117882084,-2.6358333333332666,-0.07520029109414916,0.019569889939730523,-0.018961378616978664,-0.008215872452037143
2016,6,2885.403333333334,182047.06753333335,108.81300000000002,68.99416666666666,93.83417777777778,302.8633333333334,8.116666666666667,121.12550000000002,133.66366666666667,147.08100000000002,100.28541666666668,56.930375000000005,113.41703846153847,131.1206060606061,144.98833333333334,10.933333333333334,9.692307692307692,3.0,3.0,4190876.7959999996,1111148.3029999998,99245.93000000001,60140.997,119.465,77.85125,153.38,172.84333333333333,106.26400000000001,50.449999999999996,124.36000000000001,133.89666666666668,10.993965893737768,2.9605398348040404,7.829944668077063,7.151120209458116,10.146512667521257,86562.10000000002,695.4,401.3,9769.299999999997,75696.09999999999,5461412.026000001,328,252.0,66.0,66.0,63.09241603426903,55.36450089238415,113.73878404798708,142.71775956284154,149.86542985297783,230.7807926829268,10.536363636363635,38.767063492063485,6.08030303030303,22,22,30,12.100361242884254,15.754090909090934,10.500654845154841,6.970833333333331,0.10377517237680811,0.055591173746596834,0.04219378571595511,0.02139890110980991
2016,7,2769.425806451613,187426.96416129035,119.20450000000001,69.865,97.53539784946236,276.5483870967742,13.464516129032257,117.64892473118279,141.05774193548388,159.3712903225806,99.3066935483871,58.550204301075276,118.85489423076925,147.50174603174602,163.9047619047619,11.483870967741936,9.615384615384615,3.0,3.0,4137440.8630000004,1261638.645,249373.57599999997,161782.805,126.65875,81.59799999999998,180.99,198.28,106.001,52.255,129.94333333333336,138.85666666666665,14.799709690044194,4.506505258053671,7.894754307349954,13.370095388135066,13.093558067123798,85852.2,1638.4,959.6000000000001,10650.1,72604.10000000002,5810235.889,356,250.0,63.0,63.0,67.67719276850215,56.98632533148953,118.46261021023277,152.2055517578125,168.59400270946225,203.94410112359557,26.006349206349206,42.6004,15.231746031746034,21,21,31,1.6198293010752707,16.38113997113993,5.437855769230779,18.916428571428554,0.012184370292642743,0.05112621329986489,0.020338767069773223,0.05325851366266088
2016,8,4413.629032258065,279116.3425483872,129.45250000000004,22.60291666666667,100.93172311827958,445.2967741935484,17.209677419354843,185.84215053763438,157.38064516129035,171.67225806451614,104.13362903225807,51.520436827956985,124.58549074074074,153.40956521739128,178.45913043478262,10.709677419354838,9.703703703703704,3.0,3.0,5346663.056000001,2425768.3469999996,561675.391,318499.825,137.4525,85.45166666666667,169.75,198.26,112.31400000000001,22.60291666666667,112.81666666666666,164.67,21.70317369113955,5.756757865961951,12.745010923323418,14.892806456333403,11.670673001176723,136822.50000000003,3887.5,1808.5,19763.7,111362.79999999999,8652606.619000003,332,262.0,69.0,69.0,63.23964712675182,48.01121250543271,122.73857359704911,144.48241569131832,176.11270389825822,335.4301204819277,56.34057971014493,75.43396946564886,26.21014492753623,23,23,31,-7.029767473118291,5.907819185645252,5.730596509971491,14.554368530020724,-0.05554887817474086,0.017055277842841665,0.020450397319618396,0.03694720124142181
2016,9,5547.426666666666,339186.325,110.71458333333335,54.918333333333344,92.15711388888892,518.67,35.46333333333334,232.38097222222225,133.15533333333332,173.09866666666667,96.96683333333333,51.94866176470587,111.36922577422578,130.2687878787879,182.90454545454546,11.066666666666666,10.384615384615385,3.0,2.0,6660447.327000001,2724621.185,568590.1930000001,221931.045,131.89714285714285,80.45176470588235,158.34333333333333,196.1,70.3718181818182,37.308749999999996,112.27333333333333,170.425,12.63570216385315,14.560037541652967,13.260862417795293,10.51955314929291,7.185774622572499,166422.8,4521.300000000001,1196.6,25012.6,135692.3,10175589.75,332,270.0,66.0,44.0,61.1430029419046,49.08493206320478,108.92994670685975,125.75812111560833,185.46803025238177,408.71174698795176,68.50454545454546,92.63925925925925,27.19545454545454,22,22,30,0.42822493674888307,-23.140777338603385,-13.216264966514956,4.445415019762834,0.0035948276619828246,-0.07101206693577033,-0.04870226671055056,0.010685725986106398
2016,10,6531.416129032257,314374.77083870966,82.15199999999999,31.44416666666666,63.82454838709677,533.0,86.86774193548388,277.4635752688172,85.4977419354839,121.16677419354839,64.48040322580644,39.15530682868681,79.4785964035964,92.86952380952384,133.4661904761905,11.64516129032258,10.23076923076923,3.0,2.0,6093831.106,2784321.6060000006,485836.346,381628.83799999993,95.39714285714285,49.80705882352942,114.32666666666667,166.45999999999998,66.66818181818182,31.44416666666666,68.35333333333334,104.785,13.326314381525966,5.514125677341873,3.3434681747715613,11.569524492567835,23.81610436788319,202473.89999999997,5314.700000000001,3187.8,35563.299999999996,158408.09999999998,9745617.896,361,266.0,63.0,42.0,48.13271190015109,38.46918879779506,78.29199219420023,91.41369145953675,119.71542694020953,438.80360110803315,84.36031746031748,133.69661654135336,75.9,21,21,31,-12.793354936019057,-37.39926406926405,-31.890629370629384,-49.438354978354965,-0.12278373276189747,-0.14696715345374844,-0.14651501166615888,-0.13685323390251458
2016,11,6489.256666666667,329832.6700333334,78.10416666666664,32.06416666666667,65.42732222222222,517.17,90.63333333333334,272.81097222222223,90.30633333333337,111.89133333333335,68.21491666666667,39.11595261437909,79.33945054945053,101.3489393939394,120.30545454545454,11.066666666666666,10.384615384615385,3.0,2.0,5693688.317999999,2932287.259,609511.778,659492.746,90.64714285714285,44.41764705882354,116.33999999999999,153.025,69.22999999999999,32.06416666666667,83.28333333333335,100.455,12.787343516001766,4.560495681383692,2.8574365724847968,6.782866399932004,12.812248409524354,194677.7,5983.000000000001,5520.6,36908.3,146265.80000000002,9894980.101000002,332,270.0,66.0,44.0,50.82749642614434,38.92699672787486,79.44790897982297,101.87393916095604,119.46033873129733,440.5596385542169,90.65151515151517,136.6974074074074,125.46818181818183,22,22,30,-0.039354214307721236,8.479415584415563,-0.1391458541458661,-13.160735930735953,-0.00043672018759699505,0.03794598950696848,-0.0007610003177465074,-0.04508594625949991
2016,12,4347.703225806451,193805.04961290327,97.73124999999999,30.5775,55.9650806451613,346.258064516129,73.16451612903225,182.6193548387097,68.4767741935484,88.39612903225805,61.92249999999998,36.03617117938987,68.24070707070709,71.84393939393941,97.2943181818182,11.129032258064516,10.25925925925926,3.0,2.0,3665248.346,1728128.0420000001,332511.36199999996,282068.788,109.14363636363636,73.3575,100.03666666666668,129.0,34.64363636363636,17.34,37.63666666666666,52.69,14.694733404155567,16.146626199461775,9.275460962416867,14.374451639372543,21.81416983213819,134778.8,4808.8,2958.2000000000003,27003.8,100008.0,6007956.538000002,345,277.0,66.0,44.0,44.57642105434981,36.64955149588033,63.99573548907932,69.14643195807685,95.35149347576228,289.8782608695652,72.86060606060606,97.48664259927797,67.23181818181818,22,22,31,-3.079781434989222,-29.504999999999995,-11.098743478743444,-23.01113636363634,-0.03561527010460508,-0.14942907037480935,-0.06544567043238936,-0.09219783935317416
2017,1,3173.816129032258,130014.43648387097,81.25375,29.144,53.64534139784946,236.16129032258064,64.16129032258064,134.43760752688172,73.44516129032257,85.06645161290322,61.147580645161284,32.64413836179633,69.86960039960039,71.84863636363634,89.1959090909091,11.35483870967742,10.384615384615385,3.0,2.0,2411521.6289999997,1208025.6520000002,216275.35299999997,194624.89700000003,111.7590909090909,36.85294117647059,98.89666666666666,128.8,36.22272727272727,22.752499999999998,33.24333333333333,54.52,13.757606098441928,14.082682212146556,2.877549731160799,14.935436241499803,12.069337441510877,98388.29999999999,3433.6,2388.7,18803.4,73762.59999999999,4030447.531,352,270.0,66.0,44.0,40.96470343526619,32.693012841195944,64.2450648287012,62.98792899580614,81.4773295097752,209.5528409090909,52.02424242424242,69.64222222222223,54.28863636363636,22,22,31,-3.392032817593538,0.004696969696937003,1.628893328893298,-8.0984090909091,-0.04293343130176064,2.8392114359787612e-05,0.010244741340068808,-0.03774254275511835
2017,2,2551.9857142857145,107926.84064285712,60.892083333333325,21.011249999999993,47.36087797619048,200.90714285714287,36.278571428571425,106.3327380952381,62.33642857142858,78.91392857142857,53.74964285714287,29.89080094537815,62.51035714285714,57.07616666666668,82.67675000000003,11.571428571428571,10.333333333333334,3.0,2.0,1307100.404,1218345.6259999997,295624.75700000004,200880.751,78.57272727272726,34.761176470588225,73.86,93.44,30.27285714285714,21.011249999999993,49.98,72.88499999999999,12.966593192083756,11.79161875186091,3.367976855669214,5.598427961783098,4.230828671785236,71455.6,5332.900000000001,2465.8999999999996,19314.6,44342.19999999999,3021951.5379999992,324,248.0,60.0,40.0,42.29131849708069,29.477572244949517,63.07899858138402,55.4341459618594,81.46346202197981,136.85864197530861,88.88166666666667,77.88145161290322,61.647499999999994,20,20,28,-2.75333741641818,-14.772469696969665,-7.359243256743248,-6.519159090909071,-0.038267657513560094,-0.09996373248687274,-0.048336279249425296,-0.03296153991909678
2017,3,1848.7483870967744,64706.3618064516,57.70750000000001,15.764583333333333,38.21529569892473,134.541935483871,40.12580645161291,78.19975806451615,48.337741935483855,78.55806451612905,42.37056451612903,22.46424652118912,47.10878306878307,51.10710144927534,77.69173913043478,10.838709677419354,10.407407407407407,3.0,2.0,616019.095,860523.4480000002,351987.77200000006,177366.90099999998,69.71363636363635,29.726249999999997,72.26666666666667,94.56,31.72142857142857,15.764583333333333,35.61,65.48,11.132414157578367,10.662712811589888,3.556045741758782,8.659756761948277,5.986680786374416,57311.200000000004,7067.9,2280.3,18591.2,29371.800000000007,2005897.2159999995,336,281.0,69.0,46.0,35.00009101187899,20.97314754288126,46.28660054219201,49.80089871107402,77.7822659299215,87.41607142857144,102.43333333333332,66.16085409252669,49.571739130434786,23,23,31,-7.426554424189028,-5.969065217391339,-15.40157407407407,-4.985010869565244,-0.12404569603085513,-0.047973546914398923,-0.12285009465132934,-0.027008553052057405
2017,4,2885.06,108140.4980666667,58.56624999999997,17.312499999999996,38.42001944444443,191.41666666666663,42.11666666666667,121.20933333333332,47.06066666666668,76.18533333333332,43.60458333333333,21.342611588738063,50.22317922077923,54.136,87.39399999999999,11.9,10.2,3.0,2.0,886650.8159999999,1605118.9349999998,387953.61000000004,364491.58100000006,69.42272727272729,29.585,76.00666666666667,103.02000000000001,26.982727272727274,15.49125,26.62,31.215,12.133857057577282,10.62387925731982,3.836124029771883,11.749355368655229,19.212224562282707,86551.8,7365.499999999999,4221.6,31705.99999999999,43258.7,3244214.9420000007,357,255.0,60.0,40.0,37.48292862771196,20.49647391160622,50.6250846842869,52.671727649175224,86.33967713663067,121.17282913165265,122.75833333333331,124.33725490196075,105.54,20,20,30,-1.1216349324510588,3.028898550724662,3.1143961519961607,9.702260869565208,-0.02224429560960406,0.025004912930698397,0.027802315366468155,0.05110677410080178
2017,5,2068.074193548387,90864.40432258064,65.41000000000001,25.09333333333333,50.20712365591398,166.2516129032258,32.73548387096774,87.53166666666668,69.0,84.04419354838711,54.3233064516129,29.151816888045545,62.92815295815297,71.39463768115942,93.58608695652174,10.838709677419354,10.407407407407407,3.0,2.0,1100973.5350000001,1138982.2920000001,353756.37600000005,223084.331,70.1309090909091,33.09625,78.03666666666668,102.52,26.886363636363637,20.961250000000003,24.98,65.03,13.607441332231623,9.562451013093266,3.329995643965934,10.267527204152445,7.117302852990432,64110.3,5049.900000000001,2391.4000000000005,17955.5,38713.50000000001,2816796.534,336,281.0,69.0,46.0,43.93672364659033,28.439007968796414,63.433615995099004,70.0521546961326,93.28607970226643,115.21875000000003,73.18695652173913,63.89857651245551,51.986956521739145,23,23,31,7.809205299307482,17.25863768115942,12.704973737373741,6.192086956521749,0.1354180665720761,0.12017943047250745,0.09794078380091986,0.029729671488351483
2017,6,2961.0099999999998,143412.18809999997,71.68000000000002,29.716666666666665,55.75929722222223,223.38666666666668,45.04333333333334,124.75813888888891,76.37700000000001,111.94433333333335,56.005166666666675,32.161430555555555,65.60445192307692,77.56590909090909,111.18939393939395,10.933333333333334,9.692307692307692,3.0,3.0,1674048.0289999999,1471923.8299999998,637904.8279999999,518488.95600000006,77.05600000000001,36.13125,89.31333333333333,115.73000000000002,42.238749999999996,29.410625,70.96666666666667,105.68333333333332,14.010177564172327,9.067630806616256,1.5376734472663036,5.447564664546047,3.8110379422422844,88830.29999999999,8212.5,4790.2,22509.0,53318.6,4302365.642999999,328,252.0,66.0,66.0,48.433537238982645,31.397073985438475,65.3926798169621,77.67486490106543,108.2395215231097,162.55670731707318,124.43181818181819,89.32142857142857,72.57878787878788,22,22,30,3.00961366751001,6.171271409749664,2.6762989649239515,17.603306982872212,0.04266973077094072,0.03600529294431487,0.01808832693458373,0.07485207419311246
2017,7,3796.6129032258073,163548.3776451613,68.1025,26.097499999999997,49.456959677419356,294.9967741935484,38.34193548387096,160.96825268817204,69.87967741935483,93.72806451612905,51.453064516129025,29.848943548387098,61.281355769230785,68.50571428571429,93.3111111111111,11.483870967741936,9.615384615384615,3.0,3.0,2216635.3159999996,1935315.7389999998,566434.886,351613.76599999995,72.067,35.433749999999996,90.32000000000001,110.88666666666666,42.015,26.097499999999997,56.36333333333334,85.82666666666667,12.42530478303567,8.831947642273782,1.8575088949910505,10.117893728047527,5.364263160887917,117695.00000000003,8253.9,3912.2999999999993,31182.199999999997,74346.59999999999,5069999.707,356,250.0,63.0,63.0,43.07744345129359,29.814884823246793,62.06475934988551,68.62633252159586,89.873927357309,208.8387640449438,131.0142857142857,124.72879999999999,62.09999999999999,21,21,31,-2.312487007168457,-9.060194805194797,-4.323096153846137,-17.87828282828285,-0.03240639349177088,-0.05394408796552885,-0.0296049467082371,-0.07613000216335886
2017,8,5081.158064516128,248719.04606451615,68.85,28.397499999999997,53.49832795698925,335.6548387096774,72.76774193548388,214.5430376344086,72.28354838709676,92.3616129032258,57.25064516129031,30.304912634408602,66.32660185185185,75.13057971014491,92.25826086956522,10.709677419354838,9.703703703703704,3.0,3.0,2544048.423,3501417.393,828906.9040000001,835917.7080000001,72.27,34.135,85.13666666666667,98.69999999999999,42.0025,28.397499999999997,61.28666666666667,75.81333333333333,12.786689099627223,7.111048697834745,1.3737264680673684,8.411551620168627,5.410978539703932,157515.9,10966.7,9651.6,52258.400000000016,84639.2,7710290.428,332,262.0,69.0,69.0,48.94928339297811,30.057566978421345,67.00200145813876,75.58398643165219,86.6092366032575,254.93734939759034,158.9376811594203,199.45954198473288,139.87826086956522,23,23,31,0.4559690860215042,6.624865424430624,5.0452460826210626,-1.0528502415458831,0.006584071689521798,0.040089940957184655,0.034359382490685375,-0.004928097257050901
2017,9,5272.976666666666,244342.82173333335,59.69500000000001,29.694999999999997,48.952611111111096,339.27333333333337,107.80666666666667,222.75944444444443,63.254000000000005,76.32000000000001,53.13866666666667,30.007234791352438,62.94427572427571,68.14190476190475,83.55238095238094,11.366666666666667,10.23076923076923,3.0,2.0,2584541.634,3495006.871,723820.6799999999,526915.467,66.86272727272727,32.85166666666667,75.07,88.225,59.39571428571429,28.4125,59.826666666666675,75.045,9.362899926962012,1.6060367093732253,0.9609612249964214,4.5387096271258685,3.7666442687913912,158189.29999999996,10608.9,6478.2,55475.6,85626.59999999998,7330284.652000001,341,266.0,63.0,42.0,46.33868821721825,30.183863822690622,63.00079442133118,68.22768430280236,81.33670880800221,251.1043988269794,168.39523809523808,208.5548872180451,154.24285714285713,21,21,30,-0.29767784305616374,-6.98867494824016,-3.3823261275761354,-8.705879917184276,-0.004287059901683543,-0.04240247070453029,-0.022731506765721443,-0.04304643331692026
2017,10,5892.8096774193555,271626.2480645161,58.08549999999999,28.942999999999994,48.57067741935484,401.40967741935486,139.97096774193545,249.4079838709678,62.59677419354838,74.51870967741935,52.76169354838709,29.37491888045541,62.036833166833176,69.9509090909091,85.4809090909091,11.35483870967742,10.384615384615385,3.0,2.0,2886169.2339999997,4176329.9340000004,836071.8309999998,521842.691,63.14181818181819,30.591250000000002,72.55,87.815,58.49,27.872500000000002,59.98333333333333,84.56,9.960098004657409,1.2832083452742922,0.7081177433688028,2.363712482586811,0.6849533115191385,182677.1,11934.9,6106.900000000001,67133.5,97501.8,8420413.69,352,270.0,66.0,44.0,46.09452246614381,29.601189249839486,62.20932818935405,70.05268841800097,85.45132407604513,276.99375000000003,180.83181818181816,248.6425925925926,138.79318181818184,22,22,31,-0.6323159108970273,1.8090043290043383,-0.9074425574425362,1.9285281385281507,-0.009249300458113785,0.01137909383147151,-0.006306620644478622,0.009910301957102963
2017,11,5956.716666666666,272280.04746666667,58.069,27.967083333333335,48.83465277777777,391.8066666666667,137.18333333333334,250.5059444444445,64.99300000000001,76.33266666666668,53.31183333333332,28.07096895424837,62.226498501498504,71.95742424242422,85.6497727272727,11.066666666666666,10.384615384615385,3.0,2.0,2679711.265,4132582.7960000006,826524.2960000001,529583.067,63.33,28.98833333333334,74.75666666666666,86.69999999999999,58.067142857142855,27.4925,67.96666666666665,82.815,10.028424723905923,1.041169895776623,0.3396886046014969,2.5066368901934117,0.978379950141981,178701.5,11428.399999999998,6172.1,66229.20000000001,94871.8,8168401.424,332,270.0,66.0,44.0,45.709752990321846,28.24560369888629,62.39819892132171,72.32196072941096,85.80273602177542,285.7584337349398,173.15757575757573,245.29333333333338,140.275,22,22,30,-1.3039499262070393,2.0065151515151314,0.1896653346653281,0.16886363636361068,-0.019719272088311035,0.012282246119007967,0.001325743823418879,0.0008570826515714725
2017,12,5110.06129032258,216204.58451612896,60.279999999999994,28.416666666666668,47.103545698924734,335.48709677419356,76.10967741935482,216.09075268817205,58.90548387096774,72.14774193548388,50.88967741935485,30.02992665304335,60.83410089910091,64.01333333333334,81.68452380952382,11.64516129032258,10.23076923076923,3.0,2.0,2980242.0379999997,2913812.5190000003,576269.66,232017.903,67.37818181818183,31.6475,71.75666666666667,88.97,31.55545454545454,28.081249999999997,30.963333333333335,37.61,10.855925849120009,9.133429029595339,1.2021031369981534,10.771169595008908,14.60293565561065,158411.9,8752.7,2958.2,47399.50000000001,99301.50000000001,6702342.119999998,361,266.0,63.0,42.0,42.30958734792019,30.012054581250023,61.47348640808447,65.83907365727147,78.43212189845177,275.0734072022161,138.93174603174603,178.19360902255642,70.43333333333332,21,21,31,1.958957698794979,-7.944090909090889,-1.392397602397594,-3.9652489177488803,0.02929686757399308,-0.050805166552374326,-0.009828270070431522,-0.02058643328282672
2018,1,4740.25806451613,210095.89380645164,65.672,31.87374999999999,51.72512096774193,327.84193548387105,61.4741935483871,199.96854838709683,63.859032258064516,78.72645161290322,56.42879032258065,32.062908760278304,66.01034151034152,67.83884057971017,77.06804347826089,10.838709677419354,10.407407407407407,3.0,2.0,2978283.066,2697347.5360000003,524764.909,312577.19700000004,72.05818181818181,34.57588235294118,74.66333333333334,83.355,33.04636363636364,30.89,31.55,35.58,10.527881383340366,7.352049588126221,0.8365667378076665,8.065088037913073,9.236394630522833,146948.00000000003,7829.7,4366.3,41650.70000000001,93101.30000000002,6512972.708000001,336,281.0,69.0,46.0,44.32161518360236,31.98970439725331,64.76115733949248,67.02235194196457,71.58857545290063,277.0872023809524,113.47391304347826,148.2231316725979,94.91956521739131,23,23,31,2.032982107234954,3.82550724637683,5.176240611240608,-4.6164803312629346,0.028448647727051357,0.025207974292994262,0.03546488586097918,-0.02526544789615115
2018,2,3574.9714285714285,170617.25260714284,60.91375,24.602500000000006,48.86821428571428,238.76785714285714,68.90357142857142,148.95714285714283,61.35535714285715,79.69214285714285,54.839553571428574,29.371131827731098,63.900362554112554,66.82300000000001,80.32075000000002,11.571428571428571,10.333333333333334,3.0,2.0,1622367.51,2180963.6590000005,529212.0399999999,444739.86399999994,72.35272727272728,33.60058823529412,78.80333333333333,83.93,43.41142857142857,23.288749999999997,59.916666666666664,64.965,11.242521738212078,8.02924293681935,3.404512007452704,5.824856788641856,4.774115866066888,100099.2,7725.8,5746.3,33464.6,53162.50000000001,4777283.073,324,248.0,60.0,40.0,47.72548704684952,30.51714102986127,65.17226140458875,68.49931916435837,77.39586586151087,164.0817901234568,128.76333333333335,134.93790322580645,143.6575,20,20,28,-2.6917769325472065,-1.015840579710158,-2.1099789562289644,3.252706521739128,-0.03808223663129695,-0.006552447600688183,-0.014108657378483436,0.017953421353299026
2018,3,2726.093548387097,123141.35664516126,57.600833333333334,21.96624999999999,42.006962365591406,175.14516129032262,71.91612903225807,115.50362903225806,53.290645161290335,77.91741935483873,44.937983870967734,24.93624841872232,52.20113997113997,59.71227272727273,80.88045454545455,11.129032258064516,10.25925925925926,3.0,2.0,867969.208,1898027.6050000002,594560.9130000001,456824.32999999984,68.83727272727273,30.4275,79.91,83.92500000000001,27.292857142857144,20.045,38.983333333333334,53.135000000000005,11.892701562143971,12.177407778819344,2.3286639280661148,10.857313258928341,6.254035822512056,84508.90000000001,9704.8,5716.3,34223.9,34863.899999999994,3817382.055999999,345,277.0,66.0,44.0,45.17136131224047,24.895929829996074,55.459126662946076,61.26462297007667,79.91608732921642,101.05478260869563,147.04242424242423,123.55198555956679,129.91590909090908,22,22,31,-4.434883409008776,-7.110727272727274,-11.699222582972581,0.5597045454545366,-0.07108956674981837,-0.04886236795686982,-0.08782333498911177,0.0030158282386731905
2018,4,3137.4233333333336,133778.5280666667,57.99416666666665,16.259499999999996,37.129347222222215,201.50333333333336,64.97,131.74736111111108,48.78900000000001,76.21066666666667,38.84975,19.971120588235294,47.32703896103896,55.53158730158731,90.19071428571428,11.6,10.36,3.0,2.0,748707.7680000003,1944392.44,694693.53,625562.1039999999,68.42909090909092,27.5625,74.92,96.94,34.86727272727273,16.259499999999996,34.95666666666667,58.4,10.907943129245938,8.582143210646269,1.9892133191063976,8.68528727977809,11.06613214787741,94122.70000000001,12073.0,6754.000000000001,39336.799999999996,35958.9,4013355.842000001,348,259.0,63.0,42.0,42.63961660683343,20.821208880138165,49.42934961664396,57.54108589414396,92.62098075214685,103.33017241379311,191.63492063492063,151.87953667953667,160.80952380952382,21,21,30,-4.965127830487027,-4.180685425685425,-4.874101010101015,9.310259740259724,-0.0964286817923441,-0.031523513893492394,-0.042570653775950484,0.04731824312227251
2018,5,1976.2483870967744,67078.54993548387,54.50250000000001,12.651666666666664,32.990174731182805,131.6451612903226,49.75806451612903,83.70362903225805,45.25548387096775,69.60709677419354,33.81,16.959381720430105,40.18243867243868,49.405797101449274,77.21152173913043,10.838709677419354,10.407407407407407,3.0,2.0,444541.44600000005,1014794.827,344302.60699999996,275796.168,59.135714285714286,23.899166666666662,74.92999999999999,95.91499999999999,15.959090909090907,10.17625,14.923333333333332,37.28,14.01964563312515,15.801887017788543,5.121475964410073,21.060469006293324,18.336215434017127,61263.700000000004,6610.2,3566.3999999999996,25665.2,25421.899999999998,2079435.048,336,281.0,69.0,46.0,33.94236796014605,17.486554742171123,39.539720204790925,52.08656424919064,77.33181022880217,75.66041666666666,95.8,91.33523131672598,77.5304347826087,23,23,31,-3.011738867805189,-6.125790200138034,-7.14460028860028,-12.979192546583846,-0.0709924186502342,-0.05076217692777374,-0.07107304292804462,-0.0674797145117978
2018,6,3461.2333333333327,185688.7074333333,80.4495,24.901250000000005,53.80030000000001,242.47666666666666,62.239999999999995,146.24633333333333,88.42900000000003,107.38366666666668,49.80233333333333,24.190152777777772,66.35610576923078,98.1152380952381,113.94174603174604,11.2,9.615384615384615,3.0,3.0,1295190.1349999995,2203832.212,882448.4850000001,1189190.3909999998,75.595,28.189166666666665,128.36333333333334,130.69333333333333,55.03499999999999,21.29,64.48,83.43333333333332,16.12890324237862,6.6297230802549665,1.5326704051430655,20.822511231075236,13.774043569097136,103836.99999999999,8769.6,10156.300000000001,32028.300000000003,52882.799999999996,5570661.222999999,336,250.0,63.0,63.0,53.648133353236325,24.491708740838224,68.80890375074543,100.62585351669404,117.08893898368497,157.3892857142857,139.20000000000002,128.1132,161.21111111111114,21,21,30,7.230771057347667,48.709440993788824,26.1736670967921,36.7302242926156,0.1542285958888996,0.29795855159523743,0.21784460017870622,0.16900075833542494
2018,7,4745.290322580646,299242.43196774204,90.42350000000002,25.68875,65.21308602150538,320.62580645161296,96.94193548387098,202.05327956989254,120.04580645161292,126.15645161290321,57.67967741935485,28.62221370967742,79.21235576923078,128.78484848484845,133.6931818181818,11.225806451612904,9.692307692307692,3.0,3.0,2209671.466,3797067.267,1587109.4349999998,1682667.223,86.657,34.983000000000004,138.35,141.87,32.452000000000005,24.962500000000002,32.45333333333333,93.39333333333332,19.542862307399215,10.514994073030444,2.895011461763713,21.805051929736134,10.086308047489911,147104.00000000003,12864.8,13085.2,48358.7,72795.29999999999,9276515.391000003,348,252.0,66.0,66.0,63.06093234038504,30.354589733128382,78.51880358653149,123.368372224986,128.59316044080333,209.1818965517241,194.9212121212121,191.89960317460316,198.26060606060608,22,22,31,4.432060931899649,30.669610389610355,12.856250000000003,19.751435786435778,0.07306460884002464,0.1181283092716372,0.07691203864018803,0.06942638910567833
2018,8,4980.474193548387,305759.99380645156,80.4775,25.801250000000007,60.54429301075269,329.26774193548385,136.7483870967742,211.32357526881717,119.4725806451613,126.78935483870968,48.96290322580645,27.025221774193554,67.97087962962964,122.3527536231884,127.8331884057971,10.709677419354838,9.703703703703704,3.0,3.0,1976958.2289999998,3712274.4630000005,1746742.288,2042584.8279999995,87.144,29.181874999999998,137.33,140.21666666666667,56.66374999999999,25.551250000000003,108.96666666666668,118.08,17.428399944923747,6.6396474384977635,0.9921649774134913,8.435275776549233,6.290861696709948,154394.7,14075.0,15933.499999999998,51846.5,72539.70000000001,9478559.807999998,332,262.0,69.0,69.0,61.391743421244364,27.25346574358592,71.60125491595383,124.10247161634102,128.19435955690838,218.49307228915666,203.9855072463768,197.88740458015266,230.92028985507244,23,23,31,-1.5969919354838673,-6.4320948616600475,-11.241476139601147,-5.859993412384711,-0.02493395354032768,-0.022251023499073153,-0.06647003908405158,-0.019465638166273003
2018,9,6904.886666666666,323274.47053333337,55.0675,26.067916666666672,47.05891111111112,427.70666666666665,204.03333333333333,291.2747222222222,71.68566666666666,75.82200000000002,48.00708333333332,28.054610583207637,58.362062337662344,85.16716666666669,89.4555,11.9,10.2,3.0,2.0,3056120.6530000004,4028064.9359999998,1561081.527,1052967.0,61.35857142857143,30.714000000000006,86.57666666666667,90.015,54.76181818181818,25.996250000000003,81.98,87.375,10.520920207128148,1.3255334131472396,1.1714699577114676,1.1444001850863796,0.6838799910110345,207146.59999999998,18298.3,11785.1,69020.6,108042.6,9698234.116,357,255.0,60.0,40.0,46.818215292937474,28.28625609713206,58.36032917708625,85.31292671996853,89.34731143562634,302.6403361344538,304.97166666666664,270.66901960784315,294.6275,20,20,30,1.0293888090140833,-37.18558695652172,-9.608817291967291,-38.3776884057971,0.016234978238480302,-0.15734154844179038,-0.06619226014375323,-0.15503657370730894
2018,10,9194.293548387095,421445.7061612903,64.89750000000001,30.82083333333333,53.02666666666667,597.8774193548387,128.1709677419355,389.2412634408603,76.40677419354839,95.08193548387098,53.440322580645166,30.868670936116388,61.98935064935066,86.80710144927538,106.9686956521739,10.838709677419354,10.407407407407407,3.0,2.0,5180854.68,5881327.9229999995,1549536.2150000003,453098.073,67.02285714285713,31.90458333333333,88.13,120.85499999999999,59.25272727272728,30.021250000000002,84.96666666666665,89.96,10.750387595531926,1.7436937163330826,0.4815576756184473,1.2915730383848472,10.612500585436464,285023.1,17892.100000000002,4395.099999999999,95042.3,167693.60000000006,13064816.890999999,336,281.0,69.0,46.0,45.837747505377635,30.894766884365282,61.881161577529156,86.60449108824565,103.0916413733476,499.08809523809543,259.3057971014493,338.2288256227758,95.54565217391303,23,23,31,2.8140603529087507,1.639934782608691,3.627288311688318,17.513195652173906,0.04151368636628572,0.008283055644544346,0.026186456917401957,0.07764965267676227
2018,11,6491.516666666666,311379.13256666675,76.547,32.09499999999999,57.69748888888889,455.95333333333343,79.89333333333335,272.42938888888887,79.21166666666667,126.75633333333334,56.836083333333335,32.131535947712415,67.33195804195803,90.21772727272727,138.91272727272727,11.066666666666666,10.384615384615385,3.0,2.0,3737660.3419999992,4185939.5829999996,983374.3420000001,434399.71,82.88428571428571,36.188750000000006,92.97666666666667,175.25,61.43454545454545,30.15125,87.28000000000002,104.80000000000001,12.36968981969655,5.421684752762541,1.443683374843231,1.802189845587374,26.172721200993504,194745.5,10943.5,3159.2,63983.29999999998,116659.49999999999,9341373.977000002,332,270.0,66.0,44.0,47.96708512905305,32.03905675920092,65.42237713590892,89.85921706949331,137.50307356292734,351.38403614457826,165.81060606060606,236.97518518518513,71.8,22,22,30,1.262865011596027,3.4106258234518947,5.34260739260737,31.94403162055336,0.017413554989698543,0.016736627272258442,0.035904157064485354,0.11348533773308311
2018,12,5019.53870967742,207435.0169354839,71.69708333333332,24.458750000000006,49.94798387096774,392.14516129032256,62.60645161290323,212.13142473118282,65.66000000000001,115.54741935483871,51.0541935483871,29.333661107867467,61.362772227772226,71.10317460317461,120.76976190476188,11.64516129032258,10.23076923076923,3.0,2.0,3120420.8689999995,2395262.174,553330.5539999999,361471.928,93.51142857142858,37.095416666666665,96.13666666666666,197.945,23.18,22.605000000000004,21.926666666666666,33.045,15.794356977027801,15.918940561811272,3.863639630078222,26.379677225642858,56.894709386642226,155605.70000000004,7145.7,3409.5,39451.99999999999,105598.5,6430485.525000001,361,266.0,63.0,42.0,41.32551394325529,29.549859789675036,60.71332692892631,77.43545824761743,106.01904326147529,292.51662049861494,113.42380952380952,148.3157894736842,81.17857142857143,21,21,31,-2.7978748398449476,-19.114552669552666,-5.969185814185806,-18.142965367965388,-0.039565215871704806,-0.10340289086119192,-0.040316272317838076,-0.060783827799941736
2019,1,3805.7967741935477,140432.56887096778,58.9615,23.008750000000003,43.092236559139785,285.00967741935483,41.65806451612904,161.13478494623655,58.859354838709685,83.82193548387099,47.93758064516128,24.67986559139785,53.378008658008646,58.27333333333333,81.90652173913044,10.838709677419354,10.407407407407407,3.0,2.0,1803333.2130000005,1901430.7749999997,406332.3010000001,242313.346,64.54818181818182,28.675,76.42666666666666,112.5,27.586363636363636,21.56,25.536666666666665,39.224999999999994,10.880878627059676,9.26555596190032,2.078543619514865,13.33574682701885,16.025307005624132,117979.69999999998,7303.8,3294.8,35761.8,71619.3,4353409.635000001,336,281.0,69.0,46.0,36.89964998215796,25.179430865702408,53.169325229714374,55.632999397573876,73.54417445671967,213.15267857142857,105.85217391304349,127.26619217081851,71.62608695652175,23,23,31,-4.653795516469618,-12.829841269841275,-7.9847635697635795,-38.86324016563144,-0.0750234801034444,-0.08641913029286807,-0.06054260401710976,-0.16863972662163573
2019,2,4732.682142857143,181287.73842857144,65.70083333333335,21.749583333333334,49.192797619047624,351.4535714285715,29.24285714285714,197.19508928571426,69.04678571428572,110.78071428571427,53.95714285714288,24.913017331932775,63.52748376623378,69.03166666666667,116.77374999999999,11.571428571428571,10.333333333333334,3.0,2.0,2263872.5900000003,2101994.7239999995,546895.453,163293.909,74.66909090909091,30.793333333333337,89.42999999999999,178.86,40.784285714285716,19.37125,49.74666666666667,80.02,13.695833997592983,8.810106633239224,3.3053844751897232,12.180293762481712,36.40599686268443,132515.1,7684.7,1440.9,33008.59999999999,90380.90000000001,5076056.676,324,248.0,60.0,40.0,38.3054963245698,25.048130633795417,63.680214368376724,71.1667928481268,113.32771809285863,278.95339506172843,128.07833333333332,133.09919354838706,36.0225,20,20,28,0.23315174053492527,10.758333333333333,10.149475108225133,34.86722826086955,0.0040835399921990145,0.07357849772723557,0.0755992861010868,0.15402674361999646
2019,3,2876.7580645161293,117188.9954516129,70.53666666666666,18.357499999999998,47.82352688172044,231.81290322580645,35.21290322580645,122.28629032258064,64.5151612903226,105.37032258064517,51.35298387096776,25.201438123388314,62.40552447552447,72.26047619047621,109.14309523809524,11.64516129032258,10.23076923076923,3.0,2.0,1392411.4879999994,1558355.145,494826.32399999996,187265.902,79.27,34.17294117647059,88.94333333333333,164.81,34.93,16.936249999999998,42.62666666666667,75.82499999999999,15.827898270938544,11.044204639189878,4.881085532748351,14.643475501461548,36.418072555950516,89179.5,6988.9,2149.7999999999997,25876.7,54164.1,3632858.8589999997,361,266.0,63.0,42.0,40.736479336618835,25.707276369403342,60.22232916098266,70.80174619754182,87.10852265327009,150.03905817174515,110.93492063492063,97.28082706766918,51.185714285714276,21,21,31,0.28842079145553967,3.228809523809545,-1.121959290709306,-7.630654761904751,0.004998994404601609,0.019852460298011465,-0.007738616398369036,-0.029348961122363182
2019,4,4154.783333333332,231064.11163333338,74.88950000000001,27.39458333333334,56.02100833333335,268.3966666666667,101.54333333333334,176.08108333333337,79.949,93.09133333333334,60.31699999999999,30.94640522875817,70.77638861138861,89.93909090909092,101.3475,11.066666666666666,10.384615384615385,3.0,2.0,2054405.071,3096075.6870000004,1203803.994,577638.597,81.55272727272728,35.04875,101.01666666666667,135.16,41.437272727272735,27.038823529411758,42.26,44.205,14.40074505529757,8.656041012328316,2.6642058197234713,14.425608188945505,20.24784019934213,124643.49999999997,12808.1,5527.3,42268.7,64039.399999999994,6931923.349000001,332,270.0,66.0,44.0,55.6139979140509,32.080329781353356,73.24747832320371,93.98771043324146,104.50646735295713,192.88975903614457,194.0621212121212,156.55074074074074,125.62045454545455,22,22,30,5.744967105369856,17.67861471861471,8.370864135864139,-7.795595238095245,0.08918488356181231,0.09504767426465976,0.05466536135994393,-0.03218322581734778
2019,5,4237.274193548387,243240.39851612903,91.9705,42.667083333333345,71.16671774193549,362.28064516129024,59.05161290322581,178.64556451612904,92.19645161290323,156.6287096774194,73.21709677419356,40.207722960151806,86.9951034151034,101.31869565217389,142.83847826086955,10.838709677419354,10.407407407407407,3.0,2.0,3316810.1420000005,2723815.443000001,990333.1849999999,509493.58400000003,103.34428571428573,50.94941176470588,112.29333333333334,158.78,38.26,34.8825,39.96,97.09,14.516929409372443,11.573702978933296,3.410197397410007,14.20077881415011,13.945872999400757,131355.5,9778.6,3587.0999999999995,32855.1,85134.70000000001,7540452.354,336,281.0,69.0,46.0,57.40492293052061,38.95955635011341,82.90388533287073,101.275559384779,142.03495414122833,253.37708333333336,141.71884057971016,116.92206405693949,77.98043478260868,23,23,31,9.261317731393635,11.379604743082965,16.21871480371479,41.490978260869554,0.11369927075417663,0.05174109670161253,0.0896064098672078,0.1490321746036969
2019,6,4612.483333333334,350927.5444,118.70375,48.45249999999999,91.2208638888889,403.7366666666667,58.88,194.67241666666666,152.24999999999994,176.42499999999998,82.58275,46.22061388888889,107.28007,184.72716666666668,191.02033333333333,11.733333333333333,9.6,3.0,3.0,4354843.800000001,3330438.92,1616808.154,1225735.458,120.729,58.09291666666666,207.42666666666665,206.96666666666667,95.44624999999999,38.568749999999994,136.53,158.84,23.961323626565648,6.697871111763165,5.852999982948841,16.54949218404321,10.724903680097476,138374.5,8541.4,6364.9,30478.6,92989.6,10527826.332,352,240.0,60.0,60.0,76.08212735728043,46.83151449194319,109.27138779340258,189.29076661905543,192.57733161557923,264.175,142.35666666666665,126.99416666666666,106.08166666666666,20,20,30,6.012890928737086,83.40847101449279,20.284966584896594,48.181855072463776,0.060526230479152954,0.26084117893281,0.0910242395051617,0.12623438381941376
2019,7,5850.835483870968,509032.12261290324,128.2365,55.21458333333333,103.88272580645163,481.11290322580646,77.30322580645162,247.4736559139785,194.10483870967738,190.50741935483873,93.56524193548388,55.60006720430107,116.95680555555555,180.01217391304345,191.67623188405796,10.709677419354838,9.703703703703704,3.0,3.0,6432068.438999998,4911624.319999999,2458558.7800000003,1977744.2620000003,125.59499999999998,105.27749999999999,187.16333333333333,221.00333333333333,97.20375000000001,48.42125,172.52333333333334,180.63666666666666,21.8552555525383,7.013038071819858,9.605398186797371,3.228686071168453,7.278633689658398,181375.90000000002,13075.1,9919.300000000001,40669.799999999996,117711.69999999998,15779995.801,332,262.0,69.0,69.0,87.00161267842088,54.64255837779931,120.76834211134552,188.0336502206484,199.38345064671904,354.553313253012,189.49420289855072,155.22824427480916,143.75797101449277,23,23,31,9.379453315412178,-4.714992753623221,9.676735555555553,0.6558985507246291,0.08023960716232748,-0.011228892420988235,0.03750644965886485,0.001488664524682104
2019,8,5750.751612903226,443942.1704516129,125.03649999999998,53.218333333333334,97.88456451612903,508.12580645161296,42.96774193548386,243.31844086021516,171.5383870967742,194.67064516129025,86.90983870967742,52.830268817204306,110.70977777777777,170.3959090909091,201.6328787878788,10.96774193548387,9.62962962962963,3.0,3.0,6582472.028,4013779.643,1884865.59,1281090.0229999998,125.10749999999999,58.305,183.55000000000004,227.5233333333333,91.64,49.81125,165.0066666666667,176.62333333333333,23.09049707766914,6.741357053997891,1.9022991261258304,4.2272024010555915,16.82674330521922,178273.3,10727.4,6156.300000000001,36465.1,124924.50000000001,13762207.284,340,260.0,66.0,66.0,77.19724313175332,52.69160195157875,110.07181230820703,175.70572459309807,208.09415119471103,367.42500000000007,162.53636363636363,140.2503846153846,93.27727272727275,22,22,31,-2.7697983870967633,-9.616264822134355,-6.247027777777774,9.956646903820854,-0.02219249599705675,-0.023842712782223163,-0.023839518848096652,0.021993087644508247
2019,9,7201.4400000000005,408097.1157666668,91.34291666666667,31.830000000000002,68.6346138888889,565.0333333333333,84.39,302.4095277777778,91.72100000000002,151.2833333333333,67.60341666666666,37.82040522875817,81.25279480519481,106.14603174603177,184.1809523809524,11.6,10.36,3.0,2.0,5491827.277000001,4539520.642000001,1389272.9349999998,822292.6189999998,97.04545454545455,45.93958333333334,152.82666666666665,219.585,62.32857142857143,30.34,97.92666666666668,150.8,18.83954959349527,9.126235889716964,3.1086206515364783,15.184544760272512,18.775467212498857,216043.2,13172.400000000001,4465.700000000001,54770.100000000006,143635.00000000003,12242913.473000003,348,259.0,63.0,42.0,56.66882120335193,38.234603522818254,82.88319068250743,105.46847461358595,184.1352126206417,412.7442528735633,209.08571428571432,211.46756756756758,106.32619047619049,21,21,30,-15.009863588446137,-64.24987734487733,-29.456982972582963,-17.451926406926418,-0.14515664271551754,-0.2055554011320866,-0.13434767094765565,-0.03931663641698924
2019,10,7224.564516129032,400300.6775483872,75.52916666666668,34.05708333333333,62.21031720430109,444.0096774193549,112.43870967741937,305.7574193548387,79.02548387096775,129.8458064516129,64.33975806451613,33.93528700189753,73.99441077441075,88.58057971014496,148.4528260869565,10.838709677419354,10.407407407407407,3.0,2.0,4074870.269,5862070.081,1681373.546,791007.1080000001,78.93909090909092,38.69083333333334,99.96,184.96,64.28285714285714,28.778750000000002,78.98333333333333,134.96499999999997,13.462646226163802,4.345094760247055,2.760976849278719,6.791836651687515,13.396937644144911,223961.5,19282.0,5403.3,79584.0,119692.20000000001,12409321.004000003,336,281.0,69.0,46.0,55.408277779886284,34.04457658059589,73.65890230448332,87.19912592054767,146.3933351840542,356.22678571428577,279.4492753623188,283.2170818505338,117.46304347826087,23,23,31,-3.885118226860641,-17.565452035886807,-7.2583840307840575,-35.7281262939959,-0.04707465129097499,-0.07856524459790815,-0.04063939188578902,-0.0936562446851168
2019,11,5600.589999999998,325595.6788333332,122.98649999999998,36.26041666666668,74.21462500000001,371.7666666666667,69.44333333333334,234.8530555555555,102.19399999999999,182.04733333333334,73.62525000000001,36.63899622926093,88.4296303696304,107.4430158730159,220.01190476190476,11.366666666666667,10.23076923076923,3.0,2.0,3496336.0929999994,4611708.7,988471.975,671353.5970000001,132.96818181818182,72.52076923076922,160.62333333333333,273.41499999999996,62.97428571428571,30.73625,84.13666666666666,135.895,22.900496170242054,18.31761767570031,7.6972804660673555,22.906959832833973,28.683089550996346,168017.69999999995,9758.199999999999,3183.3,57380.0,97696.2,9767870.364999996,341,266.0,63.0,42.0,58.13596046726029,35.78784121593265,80.37136110142907,101.29654803139924,210.8986262683379,286.4991202346041,154.89206349206347,215.71428571428572,75.79285714285714,21,21,30,2.7037092273634045,18.862436162870935,14.43521959521965,71.55907867494827,0.033292040608404294,0.08383967209438015,0.07739889349781848,0.17085771132300032
2019,12,4241.229032258065,321309.26980645163,110.28333333333336,37.852,85.60161290322581,295.2870967741935,46.07419354838709,179.34182795698925,95.65322580645162,204.83387096774194,87.70733870967744,50.119522137887415,101.24121878121878,98.52030303030303,209.40931818181824,11.35483870967742,10.384615384615385,3.0,2.0,3648720.5949999997,4437933.157,1297138.567,576795.0449999999,120.17727272727274,78.11588235294116,147.5633333333333,274.815,51.31909090909092,32.980000000000004,64.94,72.19,18.926003252990274,17.63962239885528,13.964070486459304,17.91712715271188,55.57168882014035,131478.1,13432.599999999999,2761.5,47305.200000000004,67978.8,9960587.364,352,270.0,66.0,44.0,75.75852833285543,53.674389589107186,93.8149116164819,96.56645526554802,208.87019554589895,193.1215909090909,203.5242424242424,175.20444444444445,62.76136363636363,22,22,31,13.480525908626483,-8.922712842712869,12.811588411588374,-10.602586580086523,0.1360633544596539,-0.03765245128695094,0.05875955502885799,-0.02145017819786066
2020,1,4231.370967741936,272223.7516129032,90.35583333333334,38.79583333333334,77.83084408602151,292.15161290322584,36.70967741935484,179.21653225806452,80.12967741935483,259.3022580645161,60.858548387096775,46.04224620493357,81.57791245791243,88.40202898550724,272.2291304347826,10.838709677419354,10.407407407407407,3.0,2.0,2632693.748,3779831.7590000005,1420483.923,605926.8700000001,123.13857142857144,62.482916666666654,89.98666666666666,280.58,68.19454545454546,37.46375,80.94333333333333,247.365,13.542048037223656,13.629016253824988,4.742124346418521,2.313006862634952,10.278547679088947,131172.5,16088.5,2227.0,52658.30000000001,60198.700000000004,8438936.299999999,336,281.0,69.0,46.0,64.3346456002592,43.733398694656195,71.78036053195792,88.29188072225503,272.08211495285144,179.16279761904764,233.16666666666666,187.3960854092527,48.41304347826087,23,23,31,-4.077275932953846,-10.118274044795783,-19.663306323306344,62.81981225296434,-0.0368504187313794,-0.04706350601227971,-0.09378477700097743,0.11393859315088495
2020,2,2464.7551724137934,174753.30934482758,116.73299999999999,47.29458333333334,76.80052011494253,190.37241379310345,20.724137931034484,103.15971264367818,86.41689655172414,267.1813793103448,55.9475,47.90672855879752,82.50502857142855,91.24850000000002,254.36875,11.620689655172415,10.2,3.0,2.0,843241.767,2784326.176,970936.878,469341.15,200.60999999999999,71.77875,117.37333333333333,282.0,69.17272727272726,33.36875,89.24666666666667,237.75,12.861208048260572,27.65204143151433,11.993510547071931,6.152665611164562,14.867445173493742,71477.90000000001,10703.7,1870.0,39270.9,19633.300000000003,5067845.971,337,255.0,60.0,40.0,70.90087944665413,42.949568691967215,70.90049313868539,90.71039715238655,250.98457219251338,58.25905044510387,178.395,154.0035294117647,46.75,20,20,29,1.8644823538639486,2.846471014492778,0.9271161135161208,-17.86038043478257,0.017240012040151687,0.013763501015798374,0.004907831303107901,-0.029470840110949137
2020,3,1856.0032258064516,143394.31945161292,128.65708333333336,34.414500000000004,86.92376881720428,129.10967741935485,30.503225806451614,78.46720430107526,121.06741935483868,226.2216129032259,76.30693548387096,43.84946916508538,104.07005994005996,127.33015151515151,231.49750000000003,11.35483870967742,10.384615384615385,3.0,2.0,951556.031,2280041.9720000005,747391.64,466234.26,153.23909090909092,87.77166666666665,174.09666666666666,282.0,63.251428571428576,33.93875,89.92333333333335,166.15,22.87472644672206,21.385221567047722,13.473102216586438,31.135811948465953,32.293736188676114,57536.1,6328.8,2066.3999999999996,25728.7,23412.199999999997,4445223.903,352,270.0,66.0,44.0,77.25973611350092,40.64359739793783,88.61862324952293,118.09373656933384,225.62633565621374,66.51193181818181,95.89090909090909,95.29148148148148,46.963636363636354,22,22,31,-4.057259393712137,36.08165151515149,21.56503136863141,-22.871249999999975,-0.038432174659472684,0.14470552187965935,0.10084538567157408,-0.04091745048866979
2020,4,2833.1299999999997,100211.31226666666,76.67333333333333,20.74416666666667,41.01516666666666,173.04,45.343333333333334,120.11522222222219,48.93166666666668,90.08499999999995,44.928749999999994,22.86696732026143,50.25290709290708,55.76439393939393,96.59249999999999,11.066666666666666,10.384615384615385,3.0,2.0,965834.5399999998,1281225.5799999998,498834.4709999999,260444.77700000003,83.34545454545453,33.915000000000006,100.91333333333334,192.01,22.123636363636365,20.495,20.653333333333332,23.57,14.526941912973694,13.7332632947646,3.3881073985394856,18.75078304922531,37.93365925094317,84993.9,9794.2,2785.5000000000005,28059.499999999996,44354.700000000004,3006339.368,332,270.0,66.0,44.0,35.37123685346831,21.775246817135493,45.66102674673462,50.93161983622959,93.50018919404056,133.59849397590364,148.3969696969697,103.92407407407406,63.306818181818194,22,22,30,-20.98250184482395,-71.56575757575757,-53.81715284715288,-134.90500000000003,-0.2827557691278819,-0.3585742693150278,-0.31616461426887077,-0.3796028987326425
2020,5,2623.1129032258063,98259.97596774192,64.83291666666666,21.799583333333334,44.07487096774193,174.48709677419356,50.96451612903226,111.41255376344085,48.557741935483875,150.8838709677419,41.0866935483871,25.259726305162268,50.07369630369631,52.698888888888895,142.92190476190476,11.64516129032258,10.23076923076923,3.0,2.0,1048488.454,1193944.6770000001,458624.6379999999,345001.486,79.33571428571429,54.23541666666667,94.11333333333333,297.925,21.538181818181823,20.658461538461545,20.95,27.89,12.054422066327614,9.932859675274651,7.47713527728269,11.77283692485627,74.91889997651113,81316.5,8983.8,2846.5,26427.800000000003,43058.4,3046059.2549999994,361,266.0,63.0,42.0,37.45930106435962,24.350381203203092,45.17760377329933,51.05018344130546,121.20199754083961,119.27534626038782,142.6,99.35263157894738,67.77380952380952,21,21,31,2.392758984900837,-3.0655050505050383,-0.17921078921077083,46.32940476190477,0.04322006946209167,-0.024555527966640067,-0.001551539412210312,0.17015538894738325
2020,6,3472.503333333333,163422.62059999997,70.141,21.618333333333336,48.41303333333334,259.42333333333335,72.26666666666667,146.49736111111108,55.71433333333335,160.793,43.842333333333336,20.450486111111108,50.620884615384625,61.39166666666666,160.0916666666667,10.933333333333334,9.692307692307692,3.0,3.0,940014.4320000001,1807893.8859999997,852307.841,1302462.4589999998,57.95,23.280833333333334,84.80333333333333,197.35666666666665,36.56875,19.726249999999997,50.629999999999995,88.10666666666667,15.774911108167743,6.769616900250254,0.999639670074787,7.456192536600511,30.798127146212742,104175.09999999999,13970.9,8400.7,36933.7,44869.8,4902678.617999999,328,252.0,66.0,66.0,47.0619046010035,20.94982442533731,48.94970950649407,61.005936696991604,155.04213446498503,136.79817073170733,211.68030303030304,146.56230158730156,127.28333333333335,22,22,30,-4.80924019405116,8.692777777777764,0.5471883116883163,17.16976190476194,-0.09172500485524404,0.06630796522680704,0.0047200793005528485,0.04926993041687533
2020,7,3186.4806451612912,143878.27522580643,70.412,19.444166666666657,53.29048655913981,243.01290322580647,68.0516129032258,134.73161290322582,62.784516129032276,168.45258064516128,49.08290322580645,20.702701612903226,55.288314814814825,68.25202898550725,183.1626086956522,10.709677419354838,9.703703703703704,3.0,3.0,1124741.4279999998,1663340.8009999997,591919.0319999999,1080225.2710000002,58.178999999999995,22.9425,100.48666666666668,191.48000000000002,33.2225,19.215,64.96333333333332,180.64,17.65091471208201,6.171585999793652,0.932110762218531,7.175460266737299,2.363249337422966,98780.90000000002,8667.7,5726.699999999999,30631.399999999998,53755.100000000006,4460226.532,332,262.0,69.0,69.0,45.152722155801364,20.92343662275765,54.301821039847994,68.29020755217645,188.62962456563125,161.91295180722892,125.61884057971015,116.91374045801525,82.99565217391303,23,23,31,0.2522155017921186,6.860362318840593,4.6674301994302,23.070942028985513,0.005323386993360213,0.046006142735011135,0.03830362254851227,0.058468094389018344
2020,8,3100.8516129032255,145986.19035483873,83.52700000000002,22.44208333333334,53.27736559139787,220.08387096774194,70.21612903225805,131.2491129032258,62.3593548387097,173.00612903225806,46.169112903225816,21.4219126344086,54.03334615384615,72.55142857142857,208.91888888888892,11.483870967741936,9.615384615384615,3.0,3.0,1070264.404,1726856.1070000003,684859.8339999999,1043591.5559999999,58.45799999999999,23.771249999999995,144.89666666666668,299.3433333333333,34.10875,19.60625,64.32666666666667,139.21,20.488963952708936,6.753724862280416,0.9516701199924475,16.757054122283638,49.898066978071874,96126.4,9381.599999999999,5287.8,32974.9,48482.1,4525571.901000001,356,250.0,63.0,63.0,47.07938611037135,22.075454734840285,52.3688049698407,73.00032339899377,197.35836378077838,136.18567415730337,148.91428571428568,131.8996,83.93333333333334,21,21,31,0.7192110215053731,4.299399585921321,-1.2549686609686717,25.756280193236705,0.014831221078644763,0.026530401776352797,-0.009971489691394941,0.057140887081707614
2020,9,2769.776666666666,127792.8279333333,70.25875,23.032499999999995,50.65776111111111,184.58666666666664,59.730000000000004,116.39280555555553,59.25266666666668,127.92133333333328,52.313750000000006,24.8274183006536,65.70357642357644,66.30530303030305,122.94409090909086,11.066666666666666,10.384615384615385,3.0,2.0,1051760.603,1852387.2910000004,496633.94899999996,433002.995,81.32818181818182,29.11333333333334,73.24333333333334,193.45,51.82285714285714,21.509411764705877,63.97666666666666,89.975,14.801424732179086,9.42714993686701,1.6635654615435886,2.385550563518094,48.2816110522512,83093.29999999999,7503.6,3842.9000000000005,29149.9,42596.9,3833784.837999999,332,270.0,66.0,44.0,46.13831485811732,24.69101279670586,63.546951824877624,66.18609054320592,112.6761026828697,128.3039156626506,113.6909090909091,107.9625925925926,87.33863636363638,22,22,30,3.405505666245002,-6.246125541125522,11.670230269730283,-85.97479797979805,0.06407331765362545,-0.03909770409640423,0.08492714685374003,-0.23027004744780388
2020,10,2661.235483870967,137558.99351612906,116.96849999999999,27.027083333333337,59.68814516129031,183.4548387096774,47.25806451612903,112.38645161290324,83.03451612903228,152.32903225806453,55.91000000000001,30.538687478713562,69.16495430495432,79.0706060606061,189.99045454545458,11.129032258064516,10.25925925925926,3.0,2.0,1417184.1150000005,1813517.09,583753.303,449874.291,108.51181818181819,37.4825,135.11,299.92,54.32714285714286,25.128749999999997,64.97666666666667,90.205,22.998582192511908,18.28393830926261,2.8111718280489906,24.205954285993837,102.04194016268264,82498.29999999997,7258.5,2494.2,26102.300000000003,46643.3,4264328.799000001,345,277.0,66.0,44.0,51.68989905246535,30.383444460404824,69.47729089007481,80.42340745333057,180.36817055568923,135.19797101449277,109.97727272727273,94.23212996389893,56.68636363636363,22,22,31,5.711269178059961,12.765303030303045,3.461377881377885,67.04636363636372,0.0899188061562326,0.07646680336961942,0.02229708432305877,0.18902412180445705
2020,11,2691.3033333333337,244551.98803333333,143.29000000000002,37.622083333333336,105.82339166666667,193.05333333333334,36.416666666666664,113.7679166666667,162.81133333333335,240.84200000000004,100.20174999999999,45.1895272875817,132.6287480519481,189.16396825396828,295.81333333333333,11.6,10.36,3.0,2.0,2149569.454,3117494.0139999995,1348020.7940000002,721475.379,147.89727272727276,81.18058823529411,198.37,299.225,65.64142857142858,37.622083333333336,125.93666666666665,292.505,35.25031203598305,19.658835801601374,8.235921693562155,22.86224667240849,1.9573032042413276,80739.1,7177.0,2439.8999999999996,23422.299999999996,47699.9,7336559.641,348,259.0,63.0,42.0,90.86749345732116,45.06444361518577,133.09939732647948,187.8251071478334,295.69874953891554,137.06867816091955,113.92063492063492,90.43359073359072,58.092857142857135,21,21,30,14.650839808868135,110.09336219336218,63.46379374699377,105.82287878787875,0.17018743075406717,0.37882334841302523,0.28275157577456533,0.19228596347880345
2020,12,2715.093548387097,212829.2001935484,127.06916666666667,45.68375,88.35593010752689,187.56129032258065,53.96774193548387,114.45572580645161,121.74451612903228,195.38645161290322,86.79,50.27779569892475,97.76205387205383,141.93362318840582,226.91978260869573,10.838709677419354,10.407407407407407,3.0,2.0,2220966.3640000005,2761653.304,975660.189,639425.3489999998,133.3609090909091,54.567499999999995,193.0566666666667,298.78,50.22818181818182,45.68375,50.10999999999999,50.394999999999996,29.374705576507928,27.26074332391135,2.129807376111741,37.769247470099536,72.06068641143347,84167.90000000001,7115.7,2994.8999999999996,28731.8,45325.50000000001,6597705.206,336,281.0,69.0,46.0,78.38742805748984,49.000372064290524,96.11835332279914,137.1137328723808,213.50474105980163,134.89732142857144,103.12608695652173,102.24839857651246,65.10652173913043,23,23,31,5.088268411343051,-47.23034506556246,-34.86669417989427,-68.8935507246376,0.04633843055624465,-0.12475312671055017,-0.13246735308693558,-0.11514538642661165
2021,1,2451.5225806451617,148903.37919354838,88.20541666666668,44.004,64.07578494623655,184.78387096774193,42.096774193548384,103.57594086021506,83.77645161290322,126.93096774193549,55.9798387096774,49.74349830924925,67.31361138861138,96.34507936507937,119.87928571428567,11.64516129032258,10.23076923076923,3.0,2.0,1990881.1320000002,1817608.209,514914.30999999994,292601.104,75.0309090909091,55.80875,102.40000000000002,289.35,50.06545454545455,44.004,50.04666666666666,55.2,11.858309777281479,7.348232423083727,2.935811822369168,10.844050627932534,48.49298589192345,75997.20000000001,5309.0,2483.6,27753.699999999997,40450.9,4616004.755,361,266.0,63.0,42.0,60.73914242893158,49.21722710743148,65.49066283054152,96.98894518741758,117.81329682718635,112.05235457063712,84.26984126984127,104.33721804511278,59.13333333333333,21,21,31,-0.5342973896755012,-45.58854382332645,-30.44844248344245,-107.04049689441005,-0.0046399042823215275,-0.16825575047060726,-0.16206742587156664,-0.27712821224260864
2021,2,2225.446428571429,183252.0469285714,136.43625,43.510416666666664,84.91379464285716,141.325,48.175000000000004,92.72693452380952,149.6621428571429,185.03857142857143,90.64,55.75083070728291,97.15970779220778,126.559,152.97050000000004,11.571428571428571,10.333333333333334,3.0,2.0,1694547.818,2298812.1900000004,732513.1959999999,405184.1099999999,156.8063636363636,125.24375000000002,202.13333333333333,208.8,55.16857142857143,43.510416666666664,96.73666666666668,107.565,25.908211548110515,31.70173063517631,20.464755542075032,25.24454185926555,31.90055856217798,62312.50000000001,5875.500000000001,2526.7999999999997,23811.9,30098.3,5131057.313999999,324,248.0,60.0,40.0,82.34394887061181,56.30044946060077,96.54047724037142,124.67248676708361,160.35464223523823,92.89598765432099,97.92500000000001,96.01572580645161,63.169999999999995,20,20,28,6.007332398033661,30.213920634920626,29.846096403596405,33.09121428571437,0.049515018290604784,0.11846349578598181,0.15938330882758667,0.1058635396341483
2021,3,2729.6193548387087,157902.25848387094,78.67375,27.02333333333333,61.53800806451612,189.8548387096774,58.119354838709675,115.93731182795698,112.61483870967744,130.3416129032258,54.06266129032257,42.16071394686905,62.13178451178452,105.56130434782607,135.4395652173913,10.838709677419354,10.407407407407407,3.0,2.0,1643466.1449999998,2120282.3860000004,647708.8539999999,483512.62799999997,68.66,59.347500000000004,133.04999999999998,171.41000000000003,46.10571428571428,27.02333333333333,76.97000000000001,105.53,14.4438675355308,5.462769615403577,7.2844116815994715,21.438257239660814,21.53848115018598,84618.19999999997,6049.400000000001,3680.4,34551.8,40336.6,4894970.012999999,336,281.0,69.0,46.0,57.84772085674242,40.74379459349573,61.36532354320181,107.06993321651731,131.37502119334854,120.04940476190475,87.67246376811595,122.96014234875446,80.00869565217391,23,23,31,-13.590116760413856,-20.99769565217393,-35.027923280423266,-17.53093478260874,-0.12134338632914532,-0.07878828675281291,-0.19417237265710985,-0.05286213527761641
2021,4,2688.473333333333,161123.68793333333,110.314,30.87375,80.86571388888888,185.53000000000003,40.31666666666667,112.99066666666671,148.8756666666667,242.2863333333334,55.73375,39.649431372549024,84.22043456543459,156.255303030303,272.49386363636376,11.066666666666666,10.384615384615385,3.0,2.0,1641640.4079999998,1972412.568,703499.4789999998,516158.1830000001,149.04999999999998,43.337500000000006,182.11666666666667,299.92,34.56818181818181,30.87375,33.34,35.065,26.614408941455174,22.547369058694464,3.553750863538001,45.934556295594206,71.32070471655642,80654.19999999998,4947.900000000001,2044.3999999999999,29544.7,44117.19999999999,4833710.638,332,270.0,66.0,44.0,59.931294811677525,37.21089298504892,66.7602841795652,142.1814262616463,252.4741650361965,132.88313253012046,74.96818181818183,109.42481481481482,46.46363636363636,22,22,30,-2.5112825743200275,50.69399868247693,22.08865005365007,137.05429841897245,-0.026670993264802156,0.17033001760062216,0.13210365065021223,0.30361117577833596
2021,5,2501.206451612903,168242.2502580645,113.12958333333334,34.26916666666666,84.02140322580647,162.40967741935484,48.145161290322584,106.54481182795698,127.67838709677419,247.83419354838713,65.87467741935482,39.1634914002822,100.4322977022977,148.65555555555557,287.355,11.64516129032258,10.23076923076923,3.0,2.0,1747794.132,2107250.3579999995,743785.5619999998,616679.7060000001,124.79285714285713,46.5925,164.72,299.58000000000004,50.91857142857142,32.988749999999996,84.95333333333333,245.06,28.498587251340496,16.283492335043686,3.3536628317228923,18.29324666929585,19.81527113112508,77537.4,5107.8,2158.1000000000004,23209.699999999997,47061.8,5215509.757999999,361,266.0,63.0,42.0,67.2644395865737,37.13827630902345,90.7917964471751,145.61759700849677,285.7512191279366,130.3650969529086,81.07619047619048,87.25451127819548,51.38333333333334,21,21,31,-0.48593997226682717,-7.599747474747431,16.211863136863116,14.861136363636263,-0.005355561384205565,-0.02165362115948355,0.07645592066042117,0.023062031567317565
2021,6,2408.9133333333334,258848.57716666666,145.52249999999998,52.75416666666666,121.47499722222223,183.2566666666667,33.22666666666666,101.92377777777776,179.54300000000003,260.19833333333344,99.25699999999998,60.168145833333334,135.3624134615385,197.8030303030303,292.2665151515151,10.933333333333334,9.692307692307692,3.0,3.0,2128625.23,3002279.711,1630447.401,1004104.9729999999,213.7475,101.07791666666667,202.92999999999998,299.5566666666666,86.16125,52.28125,181.78333333333333,266.74,30.767494970197557,20.283865111455256,8.630564534899328,7.104015848352344,10.52697690854755,72267.40000000001,8237.4,3473.2,22846.400000000005,37710.399999999994,7765457.3149999995,328,252.0,66.0,66.0,107.45449974677376,56.44663620645764,131.41150076160793,197.93228458008596,289.10082143268454,114.97073170731706,124.8090909090909,90.66031746031749,52.624242424242425,22,22,30,21.004654433051137,49.147474747474746,34.93011575924079,4.9115151515150615,0.18648522636495146,0.12405179631908103,0.129624690425175,0.007360302981996636
2021,7,3174.064516129032,328619.63867741945,148.90450000000004,35.07,113.57390053763443,213.5322580645161,59.832258064516125,134.9000806451613,165.11870967741933,264.1587096774193,92.30169354838709,53.26248655913979,130.23108333333332,192.87666666666667,289.43848484848485,10.96774193548387,9.62962962962963,3.0,3.0,2515873.4969999995,4297194.444,1845838.793,1528302.065,179.78125,58.65624999999999,203.60666666666665,299.2666666666667,107.87499999999999,35.07,183.7166666666667,279.8566666666666,34.919703150747225,11.933160473832196,6.3801241563461755,5.984177815455037,5.624506819275492,98396.0,9481.300000000001,5282.0999999999985,33419.0,50213.6,10187208.799000002,340,260.0,66.0,66.0,103.53275335379489,50.10342809517739,128.5853689218708,194.68203653507427,289.3360718274929,147.6870588235294,143.65606060606063,128.5346153846154,80.03181818181815,22,22,31,-6.905659274193546,-4.9263636363636465,-5.131330128205178,-2.828030303030232,-0.052945190684323906,-0.010953248747398003,-0.01678343580096353,-0.004222785197670387
2021,8,3965.8677419354835,377464.60551612894,138.76541666666665,35.76166666666666,106.2759946236559,271.0709677419355,89.26451612903226,168.56169354838713,161.6790322580645,235.17451612903227,85.93798387096776,48.49318279569892,120.31771153846155,186.42696969696973,285.70060606060605,11.225806451612904,9.692307692307692,3.0,3.0,3079390.462000001,4576638.327,2037071.3360000004,2008302.6459999997,135.61800000000002,56.989999999999995,204.75666666666666,302.5466666666667,53.56625000000001,35.68437500000001,165.71333333333334,240.39,38.497251551547386,18.465424060618304,7.24546452187119,16.823445780996476,20.113694106764427,122941.9,10729.999999999998,7098.7,37833.899999999994,67279.3,11701402.770999998,348,252.0,66.0,66.0,95.17831407355831,45.77025120653754,120.96660209494661,189.8482139794968,282.9113282713736,193.33132183908046,162.57575757575754,150.13452380952378,107.5560606060606,22,22,31,-4.769303763440867,-6.44969696969693,-9.913371794871765,-3.737878787878799,-0.04074074813119455,-0.0147709515378458,-0.034385090294562826,-0.005645114419984942
2021,9,3768.426666666667,323800.7518999999,132.382,35.86000000000001,100.35356111111109,236.49333333333328,61.65,158.41530555555556,157.087,240.72099999999998,71.81333333333333,45.97970588235295,118.0302997002997,182.01000000000002,283.24931818181824,11.066666666666666,10.384615384615385,3.0,2.0,2723695.695,4403322.283,1750141.431,836863.1479999999,135.58636363636364,55.78,200.0533333333333,304.75,73.02,35.86000000000001,160.04666666666665,260.9,33.125865833316176,13.90559075374062,6.099930094090099,12.111942071391384,13.031406412372183,113052.80000000002,9598.399999999998,3016.2999999999997,37667.5,62770.6,9714022.556999998,332,270.0,66.0,44.0,85.92465252519175,43.39126430207772,116.89977521736245,182.33678852725458,277.44692106222857,189.06807228915662,145.430303030303,139.50925925925927,68.55227272727272,22,22,30,-2.5134769133459685,-4.416969696969716,-2.2874118381618587,-2.4512878787878094,-0.02311450058493203,-0.010413490668140124,-0.008336053099812002,-0.0037422885255158356
2021,10,2373.983870967743,221790.19867741934,180.893,60.51125,122.88280645161291,188.0193548387097,19.483870967741936,100.32352150537635,179.69096774193548,299.68451612903226,75.93104838709678,63.77531652313532,154.68168331668332,202.20190476190476,310.8219047619047,11.64516129032258,10.23076923076923,3.0,2.0,2731183.1360000004,2872958.6560000004,936504.8370000002,334849.52999999997,219.62999999999997,120.7730769230769,228.49666666666667,317.5,113.96090909090908,41.9664705882353,168.05,300.05,34.834447308831436,29.949674051349223,15.152214797030464,21.837789890499174,4.986234921308473,73593.50000000003,4652.0,1077.0,19595.1,48269.4,6875496.158999999,361,266.0,63.0,42.0,93.42531825500889,56.582081732940544,146.61617730963357,201.31230374032677,310.9094986072423,133.71024930747922,73.84126984126983,73.6657894736842,25.642857142857142,21,21,31,17.795610640782364,20.191904761904738,36.651383616383626,27.572586580086465,0.14208643383557962,0.045689992707435234,0.11744537973964064,0.04034274440254437
2021,11,3945.4433333333336,278293.0728666667,146.4295,32.76625,107.38805555555555,309.11999999999995,63.223333333333336,165.51625000000004,160.832,246.64033333333327,76.54333333333332,45.85704248366014,128.54529470529468,199.91666666666669,298.4338636363636,11.066666666666666,10.384615384615385,3.0,2.0,3539688.4340000004,3186265.281,959353.4979999999,663484.973,156.2145454545455,57.94125,231.15666666666667,318.05,51.09857142857142,31.872352941176466,181.36666666666667,270.15,41.892001535359576,30.473519002146297,7.061249891312767,15.142113144346467,11.709721025896776,118363.3,4769.0,2232.7999999999997,27218.200000000004,84143.30000000002,8348792.186000002,332,270.0,66.0,44.0,70.53531108037713,42.06738307149826,117.06377648044321,201.16449947578107,297.15378582945186,253.44367469879523,72.25757575757575,100.80814814814816,50.74545454545454,22,22,30,-17.91827403947518,-2.2852380952380713,-26.13638861138864,-12.388041125541122,-0.14324658094032605,-0.004936240450940321,-0.080382705339749,-0.017663516040642868
2021,12,2714.6870967741934,208613.3676451613,144.07208333333335,27.198333333333327,103.97256451612901,201.2032258064516,24.387096774193548,114.70118279569891,150.40451612903226,275.54935483870963,75.95330645161292,47.539271030993035,130.05132275132274,164.99739130434784,256.4195652173913,10.838709677419354,10.407407407407407,3.0,2.0,2312875.7250000006,2714840.057,953075.236,486223.3790000001,220.06857142857143,90.75470588235294,216.17333333333332,317.9,26.208571428571435,27.198333333333327,80.05333333333334,167.51000000000002,36.401205719968374,37.27119416296943,11.561886778322235,45.30830371813393,59.33795016132445,84155.29999999999,5974.1,2126.3,24897.4,51157.500000000015,6467014.397000001,336,281.0,69.0,46.0,76.8461926580976,45.21088256853834,109.04110698305847,159.53453005473628,228.67110896863096,152.25446428571433,86.58115942028986,88.60284697508898,46.22391304347826,23,23,31,1.6822285473328975,-34.91927536231884,1.5060280460280637,-42.01429841897226,0.01564647616210868,-0.08337192407649852,0.0050585894834727085,-0.06589694202969776
