year,month,hour,price,volume,zamg,value
2020,1,0,46.36354838709676,156.6451612903226,,7225.481612903227
2020,1,1,43.72193548387097,166.58064516129033,,7316.026129032256
2020,1,2,42.42451612903227,170.16129032258064,,7284.921612903226
2020,1,3,42.17322580645162,169.83870967741936,,7233.679032258063
2020,1,4,42.779354838709686,176.03548387096777,,7619.790322580645
2020,1,5,41.97645161290323,178.43870967741935,,7536.949161290321
2020,1,6,57.88774193548388,270.1,,15764.150193548388
2020,1,7,77.57806451612903,251.8096774193548,,19426.264419354837
2020,1,8,78.99354838709678,241.85806451612905,,18770.739451612906
2020,1,9,79.08387096774194,235.60967741935482,,18210.663677419354
2020,1,10,63.49000000000001,211.23548387096773,,13124.389161290323
2020,1,11,63.484516129032286,211.99032258064514,,13183.453096774192
2020,1,12,61.04903225806453,215.91290322580642,,12766.303161290323
2020,1,13,60.64903225806454,213.58387096774192,,12599.191870967741
2020,1,14,60.59645161290324,209.6516129032258,,12344.271322580646
2020,1,15,61.13967741935486,209.758064516129,,12454.51038709677
2020,1,16,60.689032258064536,212.39354838709679,,12574.009096774194
2020,1,17,61.33709677419357,210.79677419354837,,12549.849612903225
2020,1,18,98.12096774193547,161.52258064516133,,14936.190935483874
2020,1,19,239.01258064516128,50.61290322580645,,11934.34548387097
2020,1,20,257.24129032258065,39.00967741935484,,9959.79690322581
2020,1,21,113.85870967741936,67.40645161290323,,7528.167419354837
2020,1,22,49.96193548387096,113.76451612903226,,5510.827806451613
2020,1,23,47.40709677419354,141.68709677419355,,6683.4510322580645
2020,2,0,45.05896551724138,48.82068965517242,,2161.3942068965516
2020,2,1,37.7603448275862,54.11379310344828,,2079.034103448276
2020,2,2,36.30310344827586,54.96206896551725,,2051.071655172414
2020,2,3,36.13379310344827,55.96551724137931,,2079.26275862069
2020,2,4,36.37172413793103,55.627586206896545,,2079.5554137931035
2020,2,5,39.0693103448276,59.3448275862069,,2301.280275862069
2020,2,6,56.33482758620691,141.21034482758623,,8544.125517241378
2020,2,7,82.31275862068966,169.64482758620693,,14290.01475862069
2020,2,8,81.93034482758623,163.15862068965515,,13809.657862068963
2020,2,9,84.67310344827588,170.24137931034483,,14802.570689655175
2020,2,10,64.66965517241381,161.6862068965517,,10639.10272413793
2020,2,11,62.80275862068968,164.13103448275865,,10672.686724137933
2020,2,12,55.96310344827588,145.52758620689656,,8675.542482758621
2020,2,13,55.930689655172436,144.24482758620687,,8582.634931034483
2020,2,14,55.911379310344856,143.00344827586207,,8488.109896551725
2020,2,15,55.98482758620691,141.95172413793102,,8442.153862068964
2020,2,16,55.98827586206898,147.31034482758622,,8828.07348275862
2020,2,17,59.92724137931037,136.21724137931034,,8379.746
2020,2,18,116.38862068965518,109.6896551724138,,11577.227344827585
2020,2,19,242.68965517241378,44.10344827586207,,10492.236206896552
2020,2,20,245.1855172413793,31.103448275862068,,7335.144827586208
2020,2,21,103.10310344827586,55.3448275862069,,4812.147931034483
2020,2,22,70.98482758620689,32.48275862068966,,1786.5562068965514
2020,2,23,50.27275862068966,45.61034482758621,,2204.6456896551726
2020,3,0,44.395483870967745,68.61612903225806,,2848.830322580645
2020,3,1,37.650967741935496,81.07096774193548,,3021.719032258064
2020,3,2,35.69161290322581,83.53870967741935,,2967.5558709677416
2020,3,3,35.19967741935484,87.44516129032259,,3072.344580645161
2020,3,4,36.32258064516129,79.85483870967742,,2856.1146451612904
2020,3,5,38.98677419354839,86.93225806451612,,3184.587677419355
2020,3,6,82.7622580645161,92.14516129032258,,6899.935548387097
2020,3,7,103.89709677419351,90.56451612903226,,9096.517838709677
2020,3,8,115.19774193548386,84.56774193548387,,9164.822838709679
2020,3,9,109.74774193548384,88.49677419354839,,9288.950322580646
2020,3,10,79.76225806451613,94.48709677419355,,7135.41829032258
2020,3,11,79.11483870967741,98.21935483870968,,7329.449258064517
2020,3,12,77.80225806451612,95.30322580645162,,7038.4802580645155
2020,3,13,75.90290322580644,96.75806451612904,,7108.638419354838
2020,3,14,75.01193548387094,95.00645161290323,,6909.613967741937
2020,3,15,76.5106451612903,92.29354838709678,,6742.036838709676
2020,3,16,83.34032258064516,90.34193548387098,,6988.125741935483
2020,3,17,85.63322580645162,85.88064516129032,,6592.410032258066
2020,3,18,171.73064516129028,48.722580645161294,,7890.392161290324
2020,3,19,214.83709677419367,43.103225806451604,,9269.91370967742
2020,3,20,204.66193548387096,38.487096774193546,,7842.395258064516
2020,3,21,116.71903225806452,55.377419354838715,,6517.521709677419
2020,3,22,45.502258064516134,54.45483870967742,,2337.4481290322574
2020,3,23,43.70612903225807,67.35161290322581,,2775.474419354839
2020,4,0,22.592000000000006,131.48666666666665,,2895.424433333333
2020,4,1,22.436666666666667,133.52333333333334,,2925.2336999999998
2020,4,2,22.22066666666667,133.67666666666665,,2903.2884000000004
2020,4,3,22.13766666666667,134.89,,2921.6488333333336
2020,4,4,22.169666666666668,139.68333333333334,,3026.464266666667
2020,4,5,22.264666666666674,148.83666666666667,,3235.0102666666658
2020,4,6,24.30766666666668,153.68333333333334,,3460.8455
2020,4,7,48.09566666666669,141.25999999999996,,6266.832733333334
2020,4,8,48.331666666666685,146.67000000000002,,6583.9074
2020,4,9,48.37000000000001,150.2,,6798.370999999999
2020,4,10,46.815666666666665,116.77,,4945.3843333333325
2020,4,11,46.881333333333345,117.33666666666666,,4970.493333333334
2020,4,12,45.050666666666665,121.88666666666667,,4820.895166666667
2020,4,13,44.942,121.15,,4765.4316666666655
2020,4,14,44.85766666666666,119.30999999999999,,4700.0
2020,4,15,44.86466666666666,119.13333333333334,,4709.161333333334
2020,4,16,45.129,121.66666666666667,,4876.016
2020,4,17,45.315666666666665,111.80333333333333,,4348.707666666666
2020,4,18,84.88466666666662,68.49666666666667,,5271.270033333333
2020,4,19,78.3253333333333,64.90666666666667,,4902.213333333333
2020,4,20,52.02733333333336,49.39666666666667,,2350.8806999999997
2020,4,21,48.675333333333356,81.56666666666666,,3826.3340000000003
2020,4,22,23.894333333333332,126.36333333333333,,2872.1239000000005
2020,4,23,23.067000000000004,131.23333333333332,,2919.583933333333
2020,5,0,23.993548387096777,127.91935483870968,,2951.283870967742
2020,5,1,23.640967741935487,125.42903225806452,,2861.324935483871
2020,5,2,22.89741935483871,124.2258064516129,,2777.350000000001
2020,5,3,22.86935483870968,125.48387096774194,,2801.3138709677414
2020,5,4,23.04193548387097,132.49032258064514,,2973.902387096775
2020,5,5,23.328064516129032,138.80645161290323,,3104.7722580645163
2020,5,6,23.973225806451623,146.01290322580644,,3285.5005161290323
2020,5,7,45.32838709677421,143.2064516129032,,6297.627064516131
2020,5,8,46.900967741935496,136.0096774193548,,6141.904225806451
2020,5,9,47.38000000000001,133.8,,6232.315774193549
2020,5,10,45.09354838709678,100.06774193548387,,4367.3748387096775
2020,5,11,44.83064516129033,97.29354838709678,,4223.955806451613
2020,5,12,42.383870967741956,94.75161290322579,,3873.2919354838714
2020,5,13,40.73290322580647,97.66129032258064,,3780.444161290323
2020,5,14,40.58548387096775,96.71935483870968,,3742.095516129033
2020,5,15,40.64451612903227,98.64193548387097,,3801.3887096774206
2020,5,16,42.06870967741938,102.13870967741936,,4081.590580645162
2020,5,17,61.728387096774206,92.79032258064517,,4951.073935483872
2020,5,18,150.48387096774186,59.11290322580645,,7443.297258064516
2020,5,19,100.10290322580644,71.06451612903226,,6338.973258064515
2020,5,20,48.33645161290323,69.93548387096774,,3111.91129032258
2020,5,21,44.24064516129034,95.64193548387097,,4026.673387096774
2020,5,22,24.844193548387096,124.55806451612904,,2932.686
2020,5,23,24.109677419354842,126.86774193548388,,2921.5724516129035
2020,6,0,19.970333333333336,115.86666666666669,,2310.4844000000003
2020,6,1,19.96166666666667,110.70666666666668,,2206.4536333333326
2020,6,2,19.93866666666667,107.46,,2139.7474666666667
2020,6,3,19.928333333333335,111.54666666666665,,2220.5
2020,6,4,19.964000000000006,139.31000000000003,,2778.6421000000005
2020,6,5,20.052999999999997,155.3,,3127.306666666666
2020,6,6,25.304333333333336,211.16666666666666,,5667.4783333333335
2020,6,7,50.952333333333335,228.8,,12288.625333333332
2020,6,8,52.72000000000001,215.63666666666668,,11530.685766666666
2020,6,9,54.44233333333336,170.89333333333332,,8929.775600000003
2020,6,10,50.09233333333334,142.58666666666664,,6809.799233333333
2020,6,11,50.858666666666686,141.72,,6897.641433333334
2020,6,12,45.90333333333334,142.17999999999995,,6308.438533333334
2020,6,13,43.18033333333334,139.83333333333331,,5799.328533333334
2020,6,14,43.204,134.36333333333332,,5628.730933333331
2020,6,15,43.08166666666667,137.01666666666662,,5719.5007000000005
2020,6,16,44.92266666666668,160.6533333333333,,7107.8872
2020,6,17,137.23666666666665,123.22333333333333,,16962.301966666666
2020,6,18,160.79166666666663,122.36,,20041.5854
2020,6,19,88.69833333333331,126.70666666666666,,10516.208600000002
2020,6,20,50.19933333333335,146.51333333333332,,7376.650233333333
2020,6,21,46.982,129.25666666666666,,5826.7254
2020,6,22,20.18433333333333,174.73,,3537.340933333333
2020,6,23,19.984666666666673,138.1566666666667,,2757.1631333333335
2020,7,0,20.06322580645161,131.98387096774192,,2657.4829032258067
2020,7,1,19.995483870967746,125.2709677419355,,2514.3957096774193
2020,7,2,19.917741935483868,122.15806451612903,,2441.9023548387095
2020,7,3,20.009354838709676,128.36774193548388,,2579.744387096774
2020,7,4,20.561290322580643,171.88064516129032,,3551.7964193548382
2020,7,5,20.952903225806455,208.1290322580645,,4409.637516129033
2020,7,6,30.672258064516136,149.46451612903223,,4596.537387096776
2020,7,7,55.72870967741937,139.43870967741933,,7661.107419354838
2020,7,8,62.19967741935486,150.36129032258066,,8876.793096774194
2020,7,9,56.59645161290324,123.96451612903225,,6518.714709677418
2020,7,10,52.63064516129035,128.46129032258062,,6463.901774193548
2020,7,11,52.444193548387105,125.69354838709675,,6278.747935483871
2020,7,12,49.35870967741938,127.52258064516127,,5705.802677419355
2020,7,13,49.00032258064517,118.6354838709677,,5203.688483870968
2020,7,14,48.99516129032259,114.72258064516124,,5083.778516129032
2020,7,15,48.97741935483872,115.19032258064512,,5127.803806451612
2020,7,16,49.513225806451636,130.958064516129,,5846.638774193548
2020,7,17,162.28290322580648,120.5225806451613,,16055.060483870966
2020,7,18,167.25161290322578,97.59032258064515,,15054.931354838709
2020,7,19,107.34,89.06451612903226,,8098.28948387097
2020,7,20,54.56225806451614,134.7935483870968,,7128.2026129032265
2020,7,21,49.67548387096776,128.83548387096775,,5756.470322580643
2020,7,22,20.8741935483871,195.9322580645161,,4101.947741935483
2020,7,23,20.33838709677419,153.66774193548386,,3142.236451612903
2020,8,0,20.46774193548388,98.6774193548387,,2024.2032258064512
2020,8,1,20.334193548387105,91.15483870967742,,1853.9764838709677
2020,8,2,20.330967741935492,91.75806451612904,,1865.9112903225807
2020,8,3,20.361612903225815,94.66129032258064,,1930.4677419354841
2020,8,4,20.46903225806452,118.16129032258064,,2426.5732258064513
2020,8,5,21.980645161290326,160.2258064516129,,3609.179032258064
2020,8,6,31.55129032258065,158.44516129032257,,5066.0183548387095
2020,8,7,61.112258064516155,174.8741935483871,,10624.854322580644
2020,8,8,61.51000000000001,181.541935483871,,10660.468967741937
2020,8,9,54.55000000000001,135.27741935483868,,6566.044516129032
2020,8,10,50.6567741935484,142.34516129032258,,6798.7734838709675
2020,8,11,49.16806451612905,142.58709677419355,,6572.528548387096
2020,8,12,46.50451612903226,141.65161290322584,,6068.803419354839
2020,8,13,46.18838709677421,135.83225806451617,,5773.76177419355
2020,8,14,46.03258064516131,131.26129032258066,,5597.725516129031
2020,8,15,45.95096774193549,129.22903225806454,,5553.109419354838
2020,8,16,46.5425806451613,136.8322580645161,,5859.718741935485
2020,8,17,157.1412903225807,133.4290322580645,,15146.259870967742
2020,8,18,172.68516129032258,95.42258064516129,,13055.745677419354
2020,8,19,132.84645161290322,116.24516129032257,,12159.03883870968
2020,8,20,51.90451612903227,134.90645161290323,,6377.144806451613
2020,8,21,47.55000000000001,127.34193548387097,,5415.750999999999
2020,8,22,21.81935483870968,136.84516129032258,,3011.20064516129
2020,8,23,20.940645161290327,122.66129032258064,,2590.8333870967745
2020,9,0,24.36766666666667,117.48666666666665,,2855.6099333333336
2020,9,1,24.145333333333337,113.22666666666666,,2729.0523
2020,9,2,23.94733333333334,111.48666666666668,,2654.445233333333
2020,9,3,24.005333333333336,112.35666666666665,,2683.8263
2020,9,4,23.997666666666678,102.81666666666665,,2450.9768
2020,9,5,25.06933333333334,137.8,,3396.725266666666
2020,9,6,35.72966666666668,135.95333333333335,,4734.717033333334
2020,9,7,57.96800000000003,125.66333333333334,,6987.408799999999
2020,9,8,58.918333333333365,118.69333333333333,,6675.979699999999
2020,9,9,59.19066666666668,122.28666666666668,,6986.015433333333
2020,9,10,56.91900000000001,129.02333333333334,,7106.833533333333
2020,9,11,56.66800000000002,122.47000000000001,,6734.020833333332
2020,9,12,53.27633333333335,124.87666666666665,,6321.188899999998
2020,9,13,52.74233333333335,123.85666666666665,,6166.844433333333
2020,9,14,52.60333333333335,122.26666666666667,,6115.6505
2020,9,15,50.63300000000002,119.44666666666669,,5800.323733333334
2020,9,16,50.76466666666668,121.54666666666667,,5926.0871333333325
2020,9,17,110.66066666666664,99.22000000000001,,8832.567066666667
2020,9,18,127.48666666666658,83.19333333333334,,9118.539833333334
2020,9,19,79.57366666666665,110.47,,8619.223999999998
2020,9,20,54.42266666666669,83.77000000000001,,3908.850366666667
2020,9,21,53.477333333333355,114.70666666666668,,5576.772366666667
2020,9,22,25.541666666666668,129.56333333333333,,3323.6641999999993
2020,9,23,24.37933333333334,120.64666666666663,,2913.9223333333334
2020,10,0,30.471935483870972,142.42580645161289,,4312.466387096774
2020,10,1,30.315806451612907,143.61612903225807,,4327.924935483871
2020,10,2,29.934838709677418,144.2161290322581,,4310.696903225807
2020,10,3,29.91741935483871,143.4516129032258,,4285.927451612902
2020,10,4,30.026774193548388,142.67419354838708,,4275.096935483872
2020,10,5,29.937096774193556,135.74193548387098,,4061.541774193549
2020,10,6,37.007741935483885,107.2967741935484,,3895.840645161291
2020,10,7,61.630322580645185,121.19354838709677,,7289.133677419355
2020,10,8,71.97677419354841,111.05806451612904,,7846.595645161292
2020,10,9,82.2009677419355,109.87741935483871,,9090.02706451613
2020,10,10,64.43612903225807,96.13225806451612,,6169.025548387097
2020,10,11,61.08548387096775,112.53548387096772,,6966.374935483871
2020,10,12,59.995483870967746,95.79032258064517,,5761.002290322582
2020,10,13,54.05483870967742,96.81612903225808,,5157.056677419354
2020,10,14,49.47096774193549,112.28387096774193,,5701.892806451613
2020,10,15,60.11870967741937,97.73225806451612,,5884.8158387096755
2020,10,16,60.700967741935486,100.7290322580645,,5953.408645161289
2020,10,17,91.53096774193547,93.50645161290322,,7645.430709677419
2020,10,18,151.69709677419357,68.96774193548387,,8760.360322580646
2020,10,19,149.31645161290325,72.26451612903226,,8947.128096774193
2020,10,20,56.87806451612905,72.0516129032258,,3887.539516129032
2020,10,21,56.172580645161304,110.7258064516129,,6223.283838709676
2020,10,22,31.78129032258064,144.08064516129033,,4522.269580645161
2020,10,23,30.590322580645168,144.8096774193548,,4400.432645161291
2020,11,0,44.51800000000001,149.35666666666668,,6553.748900000001
2020,11,1,43.19633333333333,156.4,,6794.578899999999
2020,11,2,44.148666666666664,156.59,,6850.596300000001
2020,11,3,44.126666666666665,158.36666666666667,,6932.451933333332
2020,11,4,44.17466666666666,146.56333333333333,,6422.4998000000005
2020,11,5,43.074333333333335,124.24333333333333,,5332.576766666666
2020,11,6,44.631666666666675,128.46999999999997,,5667.254333333334
2020,11,7,136.2763333333333,122.85666666666665,,15862.51593333333
2020,11,8,152.28566666666666,112.72666666666666,,17056.43866666667
2020,11,9,162.14066666666668,111.73,,18172.628200000003
2020,11,10,106.841,96.44000000000001,,9941.474366666667
2020,11,11,106.833,94.04333333333332,,9618.880466666666
2020,11,12,102.00966666666667,101.71,,10026.529066666668
2020,11,13,98.8866666666667,106.53999999999999,,10089.234766666665
2020,11,14,98.20633333333335,107.49333333333334,,10061.1933
2020,11,15,101.70433333333335,104.77666666666667,,10321.607633333331
2020,11,16,102.41799999999999,103.31333333333333,,10255.201866666665
2020,11,17,219.56966666666665,102.47,,21816.807666666664
2020,11,18,226.38366666666667,60.82666666666667,,13198.525066666665
2020,11,19,237.63899999999995,55.85,,13664.912600000003
2020,11,20,134.79733333333337,42.233333333333334,,5392.2013333333325
2020,11,21,145.98933333333338,92.92,,13433.460866666666
2020,11,22,44.13799999999999,140.18999999999997,,6266.131433333333
2020,11,23,43.74466666666668,156.71999999999994,,6915.270999999998
2020,12,0,49.74387096774193,126.18064516129033,,6306.540516129032
2020,12,1,49.57709677419355,132.28064516129032,,6595.249193548387
2020,12,2,49.15193548387098,132.6709677419355,,6527.241258064515
2020,12,3,49.14322580645161,133.26774193548388,,6558.387806451612
2020,12,4,49.14451612903226,134.63225806451615,,6626.973516129033
2020,12,5,49.05967741935483,128.03225806451613,,6255.636774193547
2020,12,6,49.308064516129036,154.4225806451613,,7555.300161290324
2020,12,7,118.39193548387097,112.44193548387096,,12329.809967741936
2020,12,8,118.68193548387099,110.09677419354838,,12040.738064516128
2020,12,9,119.18161290322585,110.54838709677419,,12304.409032258067
2020,12,10,89.78645161290322,113.29032258064517,,9682.847741935486
2020,12,11,89.7783870967742,112.87096774193549,,9652.62419354839
2020,12,12,88.90354838709676,118.03225806451613,,9833.862258064515
2020,12,13,87.15774193548387,120.15483870967742,,9748.652258064518
2020,12,14,87.07032258064515,120.86451612903227,,9779.753870967741
2020,12,15,84.0283870967742,120.70322580645161,,9472.024838709676
2020,12,16,84.0509677419355,120.86451612903225,,9481.863709677416
2020,12,17,154.88193548387096,117.25806451612904,,15752.865354838705
2020,12,18,175.4296774193548,80.44838709677418,,11607.736419354842
2020,12,19,191.86387096774192,69.16129032258064,,11946.669677419352
2020,12,20,85.60322580645159,59.193548387096776,,4701.794193548387
2020,12,21,86.4541935483871,96.54193548387097,,8190.297096774192
2020,12,22,55.11064516129031,110.66129032258065,,5849.931354838709
2020,12,23,49.85129032258064,131.11290322580646,,6567.281451612904
2021,1,0,51.48741935483872,147.04516129032257,,7404.717548387096
2021,1,1,49.74161290322581,152.64193548387095,,7529.826903225807
2021,1,2,49.20709677419356,157.4741935483871,,7728.392387096776
2021,1,3,48.718387096774194,158.63870967741937,,7704.176258064518
2021,1,4,48.70645161290322,159.94838709677418,,7768.991999999999
2021,1,5,47.039354838709656,76.41935483870968,,3624.0016129032256
2021,1,6,48.89580645161288,70.2548387096774,,3445.7502580645173
2021,1,7,82.9241935483871,80.90322580645162,,6855.536129032258
2021,1,8,81.16677419354838,82.35483870967742,,6756.841612903226
2021,1,9,81.32354838709675,84.03225806451613,,6927.624516129033
2021,1,10,57.78032258064516,103.35161290322581,,6077.842677419354
2021,1,11,57.781612903225806,103.30322580645162,,6071.905258064515
2021,1,12,55.98419354838709,100.10967741935484,,5778.839903225807
2021,1,13,55.98225806451612,102.2709677419355,,5914.598935483872
2021,1,14,55.978387096774185,104.38387096774194,,6045.051741935484
2021,1,15,55.97451612903225,107.7709677419355,,6253.815935483872
2021,1,16,55.99903225806451,112.96129032258065,,6579.113612903227
2021,1,17,55.901290322580635,111.5741935483871,,6455.199225806451
2021,1,18,76.20387096774195,62.97741935483871,,4920.421451612903
2021,1,19,101.1583870967742,66.53548387096774,,6568.9912258064505
2021,1,20,98.55838709677421,53.74193548387097,,5221.077935483872
2021,1,21,114.51580645161292,74.7741935483871,,8098.1799999999985
2021,1,22,54.64258064516129,111.51935483870967,,5862.542806451613
2021,1,23,49.414193548387104,121.94516129032257,,5973.529032258066
2021,2,0,53.236071428571435,101.42857142857143,,5336.410714285713
2021,2,1,52.15892857142859,96.36071428571428,,4998.628142857143
2021,2,2,51.63928571428572,94.58928571428571,,4870.998214285713
2021,2,3,51.11214285714287,95.35714285714286,,4839.4075
2021,2,4,51.761071428571434,100.10000000000001,,5152.689214285715
2021,2,5,50.81142857142858,73.67857142857143,,3705.196071428572
2021,2,6,65.37750000000003,89.61071428571428,,5464.9875
2021,2,7,100.73571428571428,100.13214285714287,,9773.069214285715
2021,2,8,100.85964285714286,96.38928571428572,,9495.467892857141
2021,2,9,144.48178571428576,90.56785714285715,,13047.533107142855
2021,2,10,91.4867857142857,96.52142857142859,,8601.015071428574
2021,2,11,90.66071428571426,97.96428571428571,,8538.823892857143
2021,2,12,92.50678571428571,95.96428571428571,,8697.138607142857
2021,2,13,92.12107142857144,98.25,,8928.508285714284
2021,2,14,89.71107142857144,99.28928571428571,,8779.566535714284
2021,2,15,88.22107142857143,101.49285714285715,,8873.947749999998
2021,2,16,86.19500000000001,105.89642857142859,,8866.123607142856
2021,2,17,124.1639285714286,98.13214285714285,,11666.011500000002
2021,2,18,85.76071428571431,69.98214285714286,,5887.555107142858
2021,2,19,131.74678571428575,66.17142857142856,,8870.568321428573
2021,2,20,118.28178571428576,55.357142857142854,,7379.560964285714
2021,2,21,114.38678571428575,88.85714285714286,,9954.692499999994
2021,2,22,57.391071428571436,115.05,,6365.352749999998
2021,2,23,53.12392857142857,98.30357142857143,,5158.794464285714
2021,3,0,44.66548387096774,114.58064516129032,,5139.584838709677
2021,3,1,40.93322580645161,127.06451612903226,,5045.875483870968
2021,3,2,39.17096774193549,128.42580645161289,,4856.6797419354825
2021,3,3,39.996451612903236,129.80967741935484,,4991.164419354839
2021,3,4,43.237096774193546,116.54838709677419,,4997.510645161291
2021,3,5,42.39451612903227,124.12903225806451,,5133.686774193548
2021,3,6,44.39387096774194,145.6032258064516,,6354.642129032257
2021,3,7,78.97741935483869,108.67741935483872,,7907.583032258065
2021,3,8,79.02096774193545,102.33870967741936,,7582.825322580644
2021,3,9,110.59838709677419,97.31935483870969,,10257.150483870968
2021,3,10,56.128387096774205,123.51290322580645,,6916.691903225806
2021,3,11,57.03419354838711,120.26129032258062,,6839.3874516129035
2021,3,12,54.22935483870968,121.69677419354836,,6629.534483870968
2021,3,13,54.08838709677419,121.84838709677419,,6639.384516129032
2021,3,14,53.94193548387098,121.91612903225807,,6611.787548387097
2021,3,15,53.99096774193549,122.67096774193546,,6668.426870967743
2021,3,16,54.05967741935484,128.93870967741935,,7064.001161290324
2021,3,17,53.90161290322582,139.59032258064516,,7625.653
2021,3,18,79.30290322580646,88.2032258064516,,6734.330387096774
2021,3,19,129.9925806451613,75.14516129032258,,9832.264096774197
2021,3,20,95.05322580645161,76.30000000000001,,7398.458161290321
2021,3,21,71.95129032258065,95.05806451612902,,6928.899709677419
2021,3,22,44.420967741935485,131.18387096774194,,6183.08919354839
2021,3,23,43.21387096774193,138.92580645161289,,6060.555193548387
2021,4,0,41.111666666666665,94.34,,3813.4483999999993
2021,4,1,38.31333333333335,120.26,,4577.8256
2021,4,2,37.29500000000001,126.27666666666666,,4618.848366666667
2021,4,3,37.29200000000001,130.95,,4786.079766666667
2021,4,4,38.04966666666667,114.36999999999998,,4205.902
2021,4,5,37.81333333333334,147.9,,5441.491666666667
2021,4,6,41.13666666666668,170.49999999999994,,6807.517599999997
2021,4,7,98.36433333333333,120.73333333333333,,9660.977666666668
2021,4,8,140.34966666666665,96.0,,9642.724033333334
2021,4,9,146.9226666666667,93.46333333333334,,10702.697266666664
2021,4,10,59.35733333333333,133.78,,7572.394433333334
2021,4,11,59.02799999999999,131.09666666666666,,7332.499233333333
2021,4,12,55.885666666666665,127.76,,6734.201733333334
2021,4,13,55.74733333333333,129.08666666666667,,6736.743000000002
2021,4,14,55.57766666666666,130.31,,6762.1103
2021,4,15,55.72433333333332,127.02666666666666,,6677.750833333335
2021,4,16,55.78766666666666,130.42333333333332,,6888.530033333333
2021,4,17,55.72966666666666,138.7666666666667,,7330.187233333333
2021,4,18,231.8433333333333,59.826666666666675,,10636.561833333333
2021,4,19,242.10333333333344,44.40666666666666,,9014.870799999999
2021,4,20,176.48933333333335,50.63333333333333,,6998.745333333333
2021,4,21,77.32966666666667,83.91333333333334,,6264.321733333332
2021,4,22,44.75866666666666,101.29666666666667,,4587.2883999999995
2021,4,23,40.233,113.26999999999998,,4451.707933333333
2021,5,0,39.942903225806454,104.50322580645161,,4042.8777096774193
2021,5,1,35.97935483870969,133.39354838709676,,4735.909935483873
2021,5,2,35.354516129032255,131.05806451612904,,4574.910677419356
2021,5,3,35.38903225806452,133.42903225806452,,4664.111612903225
2021,5,4,37.105483870967745,137.34193548387097,,5016.645677419354
2021,5,5,39.803870967741936,124.78387096774195,,4781.271967741935
2021,5,6,41.81645161290322,143.34193548387097,,5808.271548387097
2021,5,7,93.80290322580645,108.93225806451613,,8614.255
2021,5,8,124.67451612903226,102.71290322580644,,10790.487225806453
2021,5,9,123.42225806451613,96.19354838709677,,10343.41129032258
2021,5,10,78.70645161290322,96.74193548387096,,7099.900967741936
2021,5,11,74.79,96.83870967741936,,6806.419032258065
2021,5,12,68.34483870967742,103.74516129032257,,6529.241838709677
2021,5,13,65.36,109.22258064516129,,6492.844548387096
2021,5,14,67.4174193548387,109.22258064516129,,6630.620612903227
2021,5,15,62.37645161290322,111.89354838709677,,6321.675
2021,5,16,64.73999999999998,113.70322580645161,,6556.024935483872
2021,5,17,157.44806451612905,96.96129032258065,,12557.201806451612
2021,5,18,237.7874193548387,53.958064516129035,,11879.358967741935
2021,5,19,243.47225806451613,54.12580645161291,,12392.010258064514
2021,5,20,125.3532258064516,71.43548387096774,,7947.657903225806
2021,5,21,68.42774193548385,94.03225806451613,,6010.1793548387095
2021,5,22,43.878064516129044,109.67096774193548,,4719.8116451612905
2021,5,23,39.24516129032258,126.73870967741935,,4789.0255806451605
2021,6,0,58.63699999999998,119.38333333333335,,6974.568700000001
2021,6,1,57.42266666666665,122.53333333333333,,7009.207333333335
2021,6,2,55.83299999999999,122.81333333333333,,6800.121733333333
2021,6,3,55.58466666666666,122.63333333333331,,6740.722366666666
2021,6,4,58.14399999999999,121.19333333333333,,6991.565599999999
2021,6,5,62.957999999999984,75.29333333333334,,3894.7111000000004
2021,6,6,148.66366666666673,169.42999999999998,,25026.272300000008
2021,6,7,172.274,148.65666666666667,,25067.54143333334
2021,6,8,177.50266666666667,131.77,,23034.236233333333
2021,6,9,171.29366666666667,87.08666666666666,,13865.716699999999
2021,6,10,109.94533333333334,76.15333333333334,,8021.973600000001
2021,6,11,109.65266666666668,78.38333333333334,,8205.907133333334
2021,6,12,100.327,83.82666666666667,,8002.549766666667
2021,6,13,99.90266666666669,89.20666666666668,,8396.021866666668
2021,6,14,97.98933333333338,93.10333333333332,,8617.242633333335
2021,6,15,98.809,94.08333333333334,,8721.057433333333
2021,6,16,98.64900000000002,92.07999999999998,,8593.415733333333
2021,6,17,237.667,72.84333333333332,,16976.378600000004
2021,6,18,257.7956666666667,43.223333333333336,,10645.490933333333
2021,6,19,248.23033333333336,50.036666666666676,,11310.217133333332
2021,6,20,208.59399999999997,66.74666666666667,,11965.403033333334
2021,6,21,87.73333333333333,117.36999999999998,,10311.3223
2021,6,22,61.00099999999998,138.47666666666663,,8390.624133333333
2021,6,23,56.941333333333326,139.65333333333334,,7878.4507
2021,7,0,51.641290322580645,146.63225806451615,,7459.953677419357
2021,7,1,51.46967741935484,144.5677419354839,,7342.42741935484
2021,7,2,51.30548387096774,143.06451612903226,,7243.881548387096
2021,7,3,50.715483870967745,142.89354838709673,,7130.170548387098
2021,7,4,51.53225806451613,144.56774193548387,,7351.569161290321
2021,7,5,51.575483870967744,120.82258064516128,,6166.629741935486
2021,7,6,125.73,194.60322580645163,,25669.339838709675
2021,7,7,160.1764516129032,168.06774193548387,,26439.06693548387
2021,7,8,163.30419354838708,155.52258064516133,,24983.33516129032
2021,7,9,146.61903225806455,124.10967741935482,,17315.214064516127
2021,7,10,103.64741935483872,115.22903225806449,,11540.100322580645
2021,7,11,102.44645161290323,120.52580645161291,,12014.375451612907
2021,7,12,93.80645161290322,123.40645161290323,,11295.173999999995
2021,7,13,92.85129032258065,128.46129032258065,,11458.302064516129
2021,7,14,91.15548387096773,127.67741935483873,,11151.35141935484
2021,7,15,91.39354838709677,127.99677419354839,,11202.463612903226
2021,7,16,93.73322580645161,122.80000000000001,,11028.75070967742
2021,7,17,233.28516129032255,97.54193548387096,,20301.32312903226
2021,7,18,260.29677419354846,68.36451612903227,,16751.084870967745
2021,7,19,246.00645161290325,97.19354838709677,,23568.45829032258
2021,7,20,187.37354838709675,123.24193548387095,,22114.663645161294
2021,7,21,89.10709677419354,159.6935483870968,,13967.076580645164
2021,7,22,56.98999999999998,166.08709677419355,,9399.459290322578
2021,7,23,51.45096774193548,169.21290322580643,,8560.801161290323
2021,8,0,46.941935483870964,195.34516129032258,,8969.218
2021,8,1,46.509677419354816,192.2935483870968,,8722.091967741935
2021,8,2,46.43225806451611,189.75483870967741,,8593.686258064517
2021,8,3,46.546774193548366,188.1451612903226,,8541.46174193548
2021,8,4,46.99129032258063,193.81612903225806,,8914.980967741938
2021,8,5,47.09580645161289,163.88709677419354,,7441.490193548388
2021,8,6,152.8183870967742,194.54838709677423,,29486.829064516125
2021,8,7,158.8983870967742,197.49354838709684,,30330.236548387096
2021,8,8,160.35645161290324,182.3290322580645,,28056.59341935484
2021,8,9,122.78000000000003,144.58709677419358,,16278.029870967743
2021,8,10,92.9474193548387,151.76451612903224,,13341.385322580647
2021,8,11,92.77645161290322,150.40322580645162,,13349.48251612903
2021,8,12,86.72322580645161,148.558064516129,,12497.020677419358
2021,8,13,85.92612903225807,145.76129032258063,,12108.339806451617
2021,8,14,85.32096774193549,146.90645161290323,,11977.17048387097
2021,8,15,85.78161290322582,148.93870967741935,,12189.46535483871
2021,8,16,87.1,165.44516129032257,,13719.675774193547
2021,8,17,217.28935483870973,146.3967741935484,,27781.926225806452
2021,8,18,230.2777419354839,101.2290322580645,,20683.489677419355
2021,8,19,233.42290322580646,118.57096774193546,,25501.25767741936
2021,8,20,169.3651612903226,151.22903225806454,,23011.39829032258
2021,8,21,88.52225806451614,226.28709677419354,,20149.057741935485
2021,8,22,49.816451612903215,210.89999999999995,,10352.277903225804
2021,8,23,46.79161290322579,211.43870967741935,,9649.836806451613
2021,9,0,45.778666666666666,188.02666666666667,,8557.193900000002
2021,9,1,44.49333333333333,194.1,,8594.531333333334
2021,9,2,43.665,197.12,,8559.0718
2021,9,3,43.76333333333333,198.32666666666668,,8625.530933333333
2021,9,4,44.52633333333333,193.45999999999998,,8534.320099999999
2021,9,5,45.02366666666667,186.87666666666667,,8357.752966666667
2021,9,6,144.931,188.41666666666663,,25969.283366666674
2021,9,7,150.6653333333333,188.04666666666665,,27020.7211
2021,9,8,152.51500000000001,152.63333333333333,,21553.065400000003
2021,9,9,139.63099999999997,135.96666666666664,,17398.429533333336
2021,9,10,81.16833333333332,138.7133333333333,,10793.013733333333
2021,9,11,79.08099999999999,140.51333333333332,,10708.846200000004
2021,9,12,73.21633333333332,142.2,,10162.851333333334
2021,9,13,71.42599999999999,143.88,,9982.481666666667
2021,9,14,71.17999999999999,141.96666666666667,,9869.682333333334
2021,9,15,71.431,142.76666666666668,,10015.704333333331
2021,9,16,73.80133333333332,148.52666666666667,,10480.892666666668
2021,9,17,186.8066666666667,139.4433333333333,,25425.360033333338
2021,9,18,234.91199999999992,64.99333333333333,,14437.310433333334
2021,9,19,237.16766666666666,76.01666666666667,,17275.953166666666
2021,9,20,181.30300000000003,114.81666666666666,,20351.2129
2021,9,21,75.29733333333334,182.80666666666667,,13791.615199999998
2021,9,22,49.97766666666668,208.08333333333331,,10407.436500000002
2021,9,23,45.379999999999995,209.66,,9438.6953
2021,10,0,57.29161290322581,146.17419354838708,,8210.149096774194
2021,10,1,54.28935483870967,153.70967741935485,,8194.67064516129
2021,10,2,52.82451612903226,156.48387096774192,,8192.54935483871
2021,10,3,52.81935483870968,157.09677419354838,,8232.463548387097
2021,10,4,56.91548387096775,149.29032258064515,,8374.103129032257
2021,10,5,66.61,125.90322580645162,,7985.844354838711
2021,10,6,152.10258064516125,128.06129032258065,,17879.958709677423
2021,10,7,154.99774193548387,100.60967741935485,,14299.507806451618
2021,10,8,174.60870967741937,80.32903225806453,,12765.510741935483
2021,10,9,170.4316129032258,72.73870967741935,,11583.322645161288
2021,10,10,86.4741935483871,78.83870967741936,,6560.676129032257
2021,10,11,87.38580645161291,77.79032258064517,,6645.670322580645
2021,10,12,73.20129032258063,82.90322580645162,,5910.525161290324
2021,10,13,75.88806451612903,84.51612903225806,,6304.303225806451
2021,10,14,75.85193548387097,84.2258064516129,,6295.669032258065
2021,10,15,78.78290322580646,77.37096774193549,,5879.00641935484
2021,10,16,84.59451612903226,73.56129032258063,,5880.952064516128
2021,10,17,230.10645161290321,80.66774193548386,,17147.86693548387
2021,10,18,291.79677419354834,29.31935483870968,,8097.051838709676
2021,10,19,297.89322580645165,24.483870967741936,,6976.757096774194
2021,10,20,245.94000000000003,49.18709677419355,,11391.547612903225
2021,10,21,186.87870967741935,96.7677419354839,,14811.786225806454
2021,10,22,59.56516129032258,143.70322580645163,,8328.922580645161
2021,10,23,54.67645161290323,160.44516129032257,,8632.427548387095
2021,11,0,45.02466666666668,262.23333333333335,,11723.305999999999
2021,11,1,44.75033333333336,262.71666666666664,,11694.830800000003
2021,11,2,44.48966666666668,259.96666666666664,,11523.123133333333
2021,11,3,44.47066666666669,260.61,,11556.801433333332
2021,11,4,44.67366666666668,273.2933333333333,,12172.230366666667
2021,11,5,47.99633333333335,231.80666666666667,,10623.402133333333
2021,11,6,154.14666666666665,130.40666666666667,,14857.801833333335
2021,11,7,157.00833333333335,119.2,,13537.939899999998
2021,11,8,157.79233333333337,123.12666666666668,,13507.532366666665
2021,11,9,159.08833333333334,121.83333333333331,,13234.167766666667
2021,11,10,81.05233333333332,136.92666666666665,,9420.500300000002
2021,11,11,80.30299999999998,135.81666666666666,,9334.377999999999
2021,11,12,76.07300000000001,140.6,,8986.149066666667
2021,11,13,76.02966666666663,141.77,,9042.223366666667
2021,11,14,76.35333333333331,141.26000000000002,,9082.112000000001
2021,11,15,77.71733333333331,140.80333333333334,,9106.296566666666
2021,11,16,74.54966666666665,146.02333333333337,,9126.3471
2021,11,17,156.09666666666672,136.73333333333332,,16303.072000000002
2021,11,18,227.214,88.43666666666668,,13565.250733333332
2021,11,19,246.40766666666667,71.28,,12760.309799999999
2021,11,20,229.67066666666662,76.74666666666666,,11983.28626666667
2021,11,21,157.33966666666666,117.78666666666666,,15301.665066666668
2021,11,22,50.33733333333335,224.22333333333333,,11131.0409
2021,11,23,45.55266666666668,267.79,,12012.4888
2021,12,0,45.91419354838709,175.69677419354838,,8218.03722580645
2021,12,1,45.23129032258064,182.2,,8425.852483870969
2021,12,2,44.854193548387094,179.3193548387097,,8203.819580645159
2021,12,3,44.76387096774193,179.34516129032258,,8193.794258064514
2021,12,4,44.82903225806451,182.27741935483868,,8352.252064516126
2021,12,5,40.76225806451612,139.3290322580645,,5784.546258064515
2021,12,6,126.23193548387098,117.47741935483872,,14427.238290322583
2021,12,7,131.621935483871,101.10967741935482,,12418.99258064516
2021,12,8,135.19064516129032,99.11612903225807,,12090.714774193546
2021,12,9,146.14483870967743,89.53225806451613,,11000.286290322581
2021,12,10,87.46709677419354,95.2709677419355,,7434.647903225805
2021,12,11,86.50129032258062,96.70645161290322,,7496.677258064516
2021,12,12,78.11935483870964,102.30322580645164,,7431.195419354838
2021,12,13,75.80935483870967,97.06451612903226,,6978.358774193549
2021,12,14,75.86741935483867,93.28064516129032,,6858.621516129033
2021,12,15,74.01709677419355,96.17096774193547,,7008.823225806452
2021,12,16,67.66806451612901,105.2548387096774,,7269.701677419354
2021,12,17,121.26548387096773,91.27741935483873,,10595.207774193546
2021,12,18,177.48709677419356,64.81935483870969,,10620.36080645161
2021,12,19,258.7890322580645,31.838709677419356,,6958.343548387096
2021,12,20,266.2477419354839,33.65161290322581,,6602.932193548387
2021,12,21,205.08741935483874,74.03225806451613,,11869.298129032257
2021,12,22,49.62677419354839,158.59032258064516,,7963.837483870967
2021,12,23,45.98999999999999,160.041935483871,,7477.527580645161
2022,1,0,33.729032258064514,144.9,,4884.4143225806465
2022,1,1,30.140645161290323,165.48387096774198,,4996.313709677421
2022,1,2,28.48354838709678,179.7290322580645,,5111.482258064516
2022,1,3,28.35354838709677,183.00967741935486,,5184.948838709678
2022,1,4,28.386129032258065,182.29032258064512,,5184.325193548388
2022,1,5,27.650322580645163,199.56774193548387,,5508.848161290322
2022,1,6,62.762903225806426,155.45806451612904,,8254.590677419354
2022,1,7,65.19548387096776,142.08709677419353,,8707.54629032258
2022,1,8,65.78129032258067,147.6483870967742,,9154.53006451613
2022,1,9,66.07387096774194,146.5,,9177.302290322583
2022,1,10,62.5641935483871,135.1709677419355,,7849.481258064514
2022,1,11,62.532580645161296,133.51612903225808,,7743.775806451613
2022,1,12,60.52870967741938,141.8709677419355,,7570.390967741935
2022,1,13,60.09483870967743,137.4806451612903,,7116.873516129033
2022,1,14,60.03322580645162,137.86774193548385,,7109.370612903226
2022,1,15,59.53548387096774,140.54516129032257,,7155.476774193549
2022,1,16,59.25096774193546,157.7161290322581,,7734.1756129032265
2022,1,17,62.648064516129,156.87419354838707,,7685.974516129033
2022,1,18,61.69645161290322,128.07096774193548,,6964.586709677417
2022,1,19,187.17612903225805,88.16129032258064,,11559.47883870968
2022,1,20,186.03225806451607,82.78709677419356,,11191.480645161291
2022,1,21,61.34387096774194,125.69677419354839,,7304.434838709677
2022,1,22,40.91935483870967,108.25806451612904,,4407.961709677419
2022,1,23,33.42677419354839,144.06451612903226,,4777.690709677419
2022,2,0,47.434999999999995,181.06785714285712,,8395.496214285713
2022,2,1,46.56249999999999,190.3035714285714,,8569.504035714286
2022,2,2,45.87464285714286,192.83928571428572,,8533.213964285713
2022,2,3,45.0492857142857,195.68214285714285,,8499.937892857142
2022,2,4,45.75499999999999,199.38571428571433,,8663.109750000001
2022,2,5,55.203928571428584,148.3464285714286,,6514.312607142859
2022,2,6,84.9132142857143,138.71428571428572,,8868.426642857143
2022,2,7,75.70928571428571,143.86785714285716,,9592.46375
2022,2,8,112.10571428571428,135.83214285714286,,11361.11371428571
2022,2,9,131.38035714285715,124.11785714285713,,11329.190571428568
2022,2,10,89.56750000000001,104.16428571428573,,7011.798607142859
2022,2,11,89.51535714285716,102.44285714285714,,6852.6874642857165
2022,2,12,87.03428571428573,99.36428571428571,,6391.99275
2022,2,13,84.02214285714284,100.95714285714287,,6359.9499642857145
2022,2,14,83.28499999999998,101.84285714285716,,6268.262642857141
2022,2,15,83.32285714285716,102.925,,6229.151285714286
2022,2,16,84.63000000000001,108.71071428571429,,7160.8440714285725
2022,2,17,98.76214285714286,114.59642857142856,,8944.584285714287
2022,2,18,92.28964285714285,109.36071428571428,,9135.843107142859
2022,2,19,259.04928571428576,51.989285714285714,,10533.068107142857
2022,2,20,270.8382142857143,39.892857142857146,,8972.13575
2022,2,21,145.72464285714287,90.25714285714285,,9042.37932142857
2022,2,22,54.643214285714286,155.12142857142857,,8394.544321428571
2022,2,23,49.614999999999995,171.15,,8413.670464285713
2022,3,0,61.35258064516129,123.68709677419355,,7322.4185161290325
2022,3,1,59.28258064516128,131.3483870967742,,7560.826483870967
2022,3,2,58.4216129032258,135.72903225806454,,7700.991225806451
2022,3,3,58.30387096774192,136.49677419354836,,7732.690548387096
2022,3,4,60.70774193548385,130.99032258064517,,7712.080806451613
2022,3,5,69.26451612903227,101.06451612903226,,6512.029677419354
2022,3,6,86.24483870967742,121.5451612903226,,9084.844548387098
2022,3,7,81.44419354838712,116.62258064516126,,8317.789161290324
2022,3,8,105.00612903225809,103.57741935483867,,9191.008387096772
2022,3,9,128.9196774193548,90.73870967741934,,9913.721451612902
2022,3,10,101.74,70.04193548387097,,6032.038290322582
2022,3,11,105.45258064516129,68.96774193548387,,6047.418774193548
2022,3,12,102.2348387096774,71.89354838709677,,6021.345322580646
2022,3,13,101.21419354838706,74.14193548387097,,6222.471741935485
2022,3,14,101.47387096774193,75.4258064516129,,6130.923677419355
2022,3,15,101.6025806451613,77.48387096774194,,6173.382193548388
2022,3,16,95.81838709677423,79.68064516129031,,6290.940935483873
2022,3,17,93.8393548387097,103.47741935483872,,8436.943322580644
2022,3,18,101.861935483871,87.76774193548388,,7982.854806451612
2022,3,19,283.6070967741935,29.9,,6105.179580645162
2022,3,20,287.83806451612895,29.45483870967742,,5941.26770967742
2022,3,21,220.7509677419355,58.17741935483871,,7834.811225806451
2022,3,22,73.18516129032257,79.59677419354838,,4912.14541935484
2022,3,23,61.020322580645164,107.2,,6037.414774193548
2022,4,0,30.921666666666674,101.59333333333333,,2933.0326000000005
2022,4,1,30.64066666666667,102.66333333333333,,2939.2248333333337
2022,4,2,30.500333333333334,102.68666666666668,,2929.2377333333334
2022,4,3,30.520666666666678,103.28333333333333,,2939.1120000000005
2022,4,4,31.03033333333333,109.15666666666668,,3144.9888
2022,4,5,38.11933333333333,130.06666666666666,,4629.339199999999
2022,4,6,53.72966666666667,154.8,,8420.556466666665
2022,4,7,59.355333333333334,178.19666666666666,,10468.435466666668
2022,4,8,59.13433333333333,198.07333333333332,,11450.951800000003
2022,4,9,58.230666666666664,191.12666666666664,,10758.631366666668
2022,4,10,56.51799999999999,166.23,,8902.272466666667
2022,4,11,56.39966666666668,163.08666666666667,,8720.454833333333
2022,4,12,53.479000000000006,158.96,,7936.009133333335
2022,4,13,53.380333333333354,151.21666666666667,,7686.506833333334
2022,4,14,53.265666666666654,147.11333333333332,,7563.866466666668
2022,4,15,53.043333333333315,148.85,,7648.447333333331
2022,4,16,53.090333333333334,167.69,,8338.654866666668
2022,4,17,55.62699999999999,178.82333333333332,,8927.4085
2022,4,18,77.14733333333332,139.0,,9460.804299999996
2022,4,19,189.024,71.07,,10294.538866666666
2022,4,20,156.17533333333333,79.17000000000002,,9248.334666666668
2022,4,21,59.95733333333333,127.37333333333335,,7405.117199999999
2022,4,22,44.725333333333346,89.60666666666667,,3500.8998
2022,4,23,37.36299999999999,94.82,,3200.264866666667
2022,5,0,20.6141935483871,126.53225806451614,,2674.412580645162
2022,5,1,20.25032258064516,126.84193548387097,,2648.3804838709675
2022,5,2,20.145161290322584,126.66451612903225,,2644.056935483871
2022,5,3,20.40709677419355,127.61935483870965,,2694.985709677419
2022,5,4,22.178064516129034,132.40645161290323,,3009.711483870967
2022,5,5,29.55806451612903,132.6290322580645,,3922.7362580645154
2022,5,6,48.412580645161306,139.68387096774194,,7023.97787096774
2022,5,7,56.511290322580656,213.8354838709677,,12412.530806451612
2022,5,8,58.927419354838726,222.63870967741937,,13155.745677419354
2022,5,9,56.943548387096776,212.82258064516128,,12210.375516129032
2022,5,10,53.415483870967755,152.4225806451613,,7841.474193548388
2022,5,11,51.87838709677421,143.39032258064518,,7261.747032258064
2022,5,12,48.20161290322581,136.1290322580645,,6360.242838709676
2022,5,13,48.060322580645156,133.52580645161288,,6274.238451612902
2022,5,14,47.95,130.44516129032257,,6118.683032258064
2022,5,15,47.95645161290323,131.00967741935486,,6143.298225806449
2022,5,16,49.53225806451613,142.55483870967743,,6893.912967741935
2022,5,17,51.589999999999996,152.51612903225808,,7713.502387096775
2022,5,18,136.43161290322578,92.4,,12045.209258064515
2022,5,19,162.21354838709675,95.15806451612903,,14166.619161290322
2022,5,20,84.6883870967742,103.15806451612903,,7064.263645161292
2022,5,21,47.60387096774194,128.08387096774194,,5947.517838709677
2022,5,22,43.97193548387098,119.54516129032258,,5128.487903225807
2022,5,23,21.028709677419354,128.03225806451613,,2745.2027741935485
2022,6,0,19.006666666666668,174.65333333333334,,3327.2389333333326
2022,6,1,18.10866666666666,169.74333333333334,,3095.1102333333333
2022,6,2,17.667333333333332,165.83333333333334,,2970.882666666666
2022,6,3,18.56833333333333,161.0,,3010.7193333333344
2022,6,4,20.966999999999995,151.92000000000002,,3214.0568
2022,6,5,36.14533333333333,108.53333333333335,,3369.7548999999995
2022,6,6,74.84466666666667,118.65,,9187.563233333332
2022,6,7,129.1016666666667,137.73666666666668,,17556.311833333333
2022,6,8,131.62066666666666,149.0966666666667,,17937.400999999998
2022,6,9,92.29533333333332,102.74666666666666,,7431.832466666665
2022,6,10,85.45633333333333,96.36666666666666,,6734.357866666669
2022,6,11,81.29466666666666,98.57999999999998,,6773.284966666667
2022,6,12,55.88633333333333,113.44333333333334,,5866.2322
2022,6,13,55.125,115.54666666666667,,5885.2864
2022,6,14,55.039333333333346,111.53666666666666,,5821.720933333333
2022,6,15,55.371,116.38000000000002,,6029.6781
2022,6,16,55.134,131.62666666666667,,6485.4127
2022,6,17,143.96099999999998,128.59666666666666,,16658.6639
2022,6,18,192.49533333333338,120.09666666666666,,20839.387766666667
2022,6,19,169.8196666666667,93.99666666666667,,13156.129833333334
2022,6,20,76.83933333333333,96.72999999999999,,5961.542100000002
2022,6,21,55.26833333333333,113.09666666666666,,5694.2029999999995
2022,6,22,36.031,163.52333333333334,,5646.072466666665
2022,6,23,21.70033333333333,152.87,,3217.5146999999997
2022,7,0,33.929354838709685,150.41935483870967,,5095.048387096774
2022,7,1,33.189032258064515,154.05161290322582,,5105.190774193547
2022,7,2,33.06677419354839,153.92580645161289,,5080.502354838709
2022,7,3,33.335161290322574,151.8967741935484,,5049.527806451612
2022,7,4,37.26548387096774,140.32258064516128,,5129.61064516129
2022,7,5,82.55516129032259,111.20645161290322,,8962.958387096773
2022,7,6,167.50806451612902,152.74516129032259,,28733.163645161294
2022,7,7,177.03774193548387,166.03870967741935,,29856.833548387094
2022,7,8,180.44870967741932,162.49677419354842,,28335.190064516122
2022,7,9,168.14064516129034,133.2774193548387,,20688.29432258064
2022,7,10,97.4864516129032,123.1258064516129,,11728.051935483869
2022,7,11,73.15290322580644,142.58387096774194,,10673.468096774193
2022,7,12,67.48354838709676,138.89999999999998,,9882.637903225806
2022,7,13,65.49548387096772,138.05483870967743,,9557.083161290324
2022,7,14,65.06258064516128,136.6516129032258,,9450.676548387097
2022,7,15,65.73387096774192,141.69677419354838,,10021.237806451612
2022,7,16,66.58225806451613,144.0225806451613,,10065.244903225806
2022,7,17,205.43580645161285,141.08709677419355,,28024.468129032255
2022,7,18,217.4987096774193,148.92580645161289,,29693.280000000002
2022,7,19,217.19451612903225,157.10645161290321,,32355.63848387096
2022,7,20,179.86322580645162,157.3193548387097,,27833.260838709677
2022,7,21,65.8674193548387,145.4806451612903,,10263.257838709676
2022,7,22,63.24806451612901,157.99677419354836,,9694.620419354838
2022,7,23,38.47225806451613,153.59354838709677,,5851.004032258064
2022,8,0,33.55645161290322,179.11290322580646,,5657.812903225807
2022,8,1,33.343225806451606,170.17419354838708,,5329.328387096773
2022,8,2,33.3516129032258,167.1483870967742,,5237.645032258063
2022,8,3,33.409032258064514,172.1258064516129,,5415.108741935483
2022,8,4,36.10451612903224,192.41612903225806,,6246.5418709677415
2022,8,5,63.685483870967715,132.99032258064514,,7222.461774193548
2022,8,6,180.82580645161298,177.68064516129033,,29721.822290322583
2022,8,7,182.1493548387097,188.10967741935485,,30054.606161290325
2022,8,8,182.56129032258067,208.64193548387098,,31118.25861290322
2022,8,9,145.9364516129033,152.75806451612902,,14715.645322580645
2022,8,10,90.23419354838708,154.31612903225806,,10771.625548387097
2022,8,11,76.57870967741934,187.70322580645163,,11960.129677419356
2022,8,12,71.20225806451612,170.06774193548387,,9836.182290322582
2022,8,13,70.58354838709677,165.05483870967743,,9412.914193548386
2022,8,14,70.54806451612903,162.0193548387097,,9353.113096774196
2022,8,15,70.80709677419355,168.65806451612903,,9947.662516129034
2022,8,16,71.33258064516127,187.82258064516128,,11060.066483870969
2022,8,17,193.71806451612906,173.61612903225804,,23772.23080645161
2022,8,18,206.60322580645163,157.73870967741934,,25972.783032258063
2022,8,19,211.15645161290323,169.65483870967742,,30035.786419354838
2022,8,20,193.94806451612902,155.86774193548385,,21570.437
2022,8,21,86.93709677419353,161.6677419354839,,10012.745387096773
2022,8,22,43.63354838709676,198.6451612903226,,7779.074516129032
2022,8,23,34.80032258064516,208.2,,6659.692032258063
2022,9,0,35.187666666666665,221.06,,7840.285066666667
2022,9,1,34.45133333333333,230.22666666666663,,8030.267866666666
2022,9,2,34.18266666666668,233.23333333333332,,8132.4455
2022,9,3,34.32333333333333,231.48666666666668,,8063.540466666666
2022,9,4,36.06566666666667,254.95666666666668,,8948.062166666667
2022,9,5,68.23533333333333,217.15333333333334,,13460.723899999999
2022,9,6,165.17266666666666,222.3166666666667,,31628.7437
2022,9,7,170.27466666666666,230.48333333333332,,35045.096000000005
2022,9,8,171.06866666666667,211.43333333333334,,31163.3684
2022,9,9,125.11066666666667,207.13666666666668,,24230.554566666666
2022,9,10,83.46633333333334,189.05333333333334,,13854.130466666664
2022,9,11,78.47333333333333,207.73666666666668,,15087.297733333335
2022,9,12,75.15599999999999,198.0366666666667,,13828.098600000003
2022,9,13,74.78266666666664,202.2133333333333,,14023.403133333333
2022,9,14,74.91333333333333,199.89666666666668,,13907.921533333334
2022,9,15,75.02099999999999,198.74000000000004,,13829.505133333334
2022,9,16,88.74266666666666,197.52333333333334,,16404.068466666668
2022,9,17,173.2613333333334,191.85333333333332,,27883.694933333332
2022,9,18,182.92566666666664,158.5,,24821.836166666668
2022,9,19,183.00566666666666,165.26333333333332,,26306.11266666667
2022,9,20,166.91666666666663,144.05,,19273.724666666665
2022,9,21,119.484,159.26666666666668,,15345.680433333333
2022,9,22,53.78733333333333,193.86,,9827.280333333332
2022,9,23,39.09533333333333,210.34,,8401.0632
2022,10,0,45.15193548387098,273.6548387096774,,11787.441096774191
2022,10,1,43.5925806451613,285.758064516129,,11852.94987096774
2022,10,2,43.385483870967754,285.70322580645166,,11775.907774193549
2022,10,3,43.84129032258064,287.7032258064516,,11997.391935483874
2022,10,4,46.28322580645161,286.61290322580646,,12580.456709677415
2022,10,5,82.4367741935484,231.83548387096772,,18317.82264516129
2022,10,6,170.62225806451613,258.83870967741933,,42956.133129032256
2022,10,7,177.1403225806452,260.0838709677419,,43895.66499999999
2022,10,8,177.91838709677424,249.32580645161292,,42183.24822580646
2022,10,9,177.85999999999996,246.09354838709677,,41506.71832258065
2022,10,10,93.501935483871,234.86451612903227,,21329.28177419355
2022,10,11,93.61032258064519,232.06451612903223,,21011.159870967742
2022,10,12,85.11870967741936,224.80645161290323,,18472.453225806446
2022,10,13,84.34903225806453,218.55483870967745,,17915.874709677417
2022,10,14,84.15129032258066,214.92580645161289,,17802.55970967742
2022,10,15,85.71774193548387,217.3290322580645,,18599.74393548387
2022,10,16,147.20806451612904,214.1741935483871,,29855.106870967746
2022,10,17,205.91193548387096,217.89354838709673,,46142.789516129036
2022,10,18,232.1225806451613,166.58387096774194,,39017.138967741936
2022,10,19,235.67032258064515,156.3290322580645,,37461.696387096774
2022,10,20,184.36,208.90322580645162,,39741.57193548386
2022,10,21,136.0267741935484,247.22903225806454,,33901.73900000001
2022,10,22,95.08677419354842,229.63225806451612,,20930.726645161285
2022,10,23,51.846129032258055,276.9387096774193,,13529.284258064517
2022,11,0,109.38233333333332,129.93333333333334,,12650.958000000004
2022,11,1,96.41833333333332,137.2,,12181.081999999999
2022,11,2,93.49966666666666,142.7,,12335.815333333332
2022,11,3,95.01566666666669,139.97333333333333,,12319.105666666665
2022,11,4,111.72666666666669,133.63333333333333,,13525.150333333335
2022,11,5,190.82966666666664,116.6,,21273.910333333337
2022,11,6,218.20933333333332,162.06666666666666,,36655.24600000001
2022,11,7,218.3956666666667,147.06666666666666,,33410.198
2022,11,8,221.07400000000004,127.53333333333333,,28875.724666666665
2022,11,9,220.75066666666675,118.3,,26161.371
2022,11,10,160.32500000000002,107.8,,17083.373333333337
2022,11,11,169.11633333333333,106.6,,17851.519666666667
2022,11,12,173.97966666666665,108.53333333333333,,18687.761
2022,11,13,171.2226666666666,109.23333333333333,,18530.571666666667
2022,11,14,169.9966666666666,109.13333333333334,,18264.324
2022,11,15,157.97233333333332,115.76666666666667,,18224.291333333334
2022,11,16,202.96666666666664,117.36666666666666,,23705.737666666668
2022,11,17,247.825,111.4,,27897.006999999998
2022,11,18,282.93866666666673,97.1,,27635.026999999995
2022,11,19,286.9196666666667,96.13333333333334,,27716.835999999992
2022,11,20,267.3210000000001,98.16666666666667,,26545.52466666667
2022,11,21,232.75833333333338,92.52333333333333,,21737.007499999996
2022,11,22,274.70133333333337,94.13333333333334,,25156.332333333332
2022,11,23,157.07833333333335,120.74,,17381.860799999995
2022,12,0,55.31935483870968,159.29032258064515,,8884.637096774195
2022,12,1,51.03870967741936,176.0,,9369.350193548387
2022,12,2,50.43806451612903,182.91612903225806,,9824.29374193548
2022,12,3,50.05483870967741,181.21290322580646,,9668.663161290318
2022,12,4,53.2225806451613,174.18064516129033,,10021.081419354841
2022,12,5,102.43580645161289,141.13548387096773,,12369.469516129027
2022,12,6,139.60580645161292,149.84193548387097,,23840.873032258063
2022,12,7,148.2480645161291,126.60322580645162,,21162.337935483873
2022,12,8,150.71161290322578,112.2290322580645,,18963.634387096772
2022,12,9,152.30096774193547,114.57741935483871,,18194.398064516125
2022,12,10,86.6925806451613,105.93548387096774,,8834.505677419354
2022,12,11,86.50548387096772,107.10322580645162,,8643.14941935484
2022,12,12,83.68290322580647,103.60645161290323,,8287.38
2022,12,13,82.68354838709676,108.73548387096774,,8656.672903225806
2022,12,14,82.49548387096773,110.86451612903227,,8733.363225806452
2022,12,15,78.01935483870969,108.7,,8190.490838709674
2022,12,16,102.30870967741937,103.26129032258065,,9449.785806451613
2022,12,17,155.93741935483874,107.32580645161292,,16261.340064516131
2022,12,18,172.51096774193545,98.39354838709677,,15060.686774193546
2022,12,19,180.3483870967742,76.36129032258064,,12954.885838709677
2022,12,20,178.09419354838707,62.53548387096774,,11200.02864516129
2022,12,21,145.21903225806454,84.85161290322581,,10957.823000000002
2022,12,22,121.02258064516131,108.57741935483871,,13009.387580645162
2022,12,23,71.81806451612906,144.74193548387098,,10158.585483870967
2023,1,0,23.364838709677418,208.88387096774193,,4571.217967741935
2023,1,1,21.76096774193548,213.18709677419355,,4340.704096774193
2023,1,2,21.41516129032258,217.74516129032259,,4365.5944838709665
2023,1,3,21.43903225806451,217.4193548387097,,4355.270322580645
2023,1,4,24.2241935483871,221.9516129032258,,4874.55270967742
2023,1,5,29.538064516129033,164.30967741935484,,4462.480741935484
2023,1,6,65.29064516129033,186.7838709677419,,11949.01912903226
2023,1,7,71.76645161290324,168.73548387096776,,11607.851774193548
2023,1,8,79.58838709677421,167.59677419354838,,12910.316612903227
2023,1,9,82.47967741935484,152.91935483870967,,12218.957741935483
2023,1,10,72.24903225806449,140.00645161290322,,9971.64229032258
2023,1,11,72.89064516129031,140.21290322580646,,9947.613290322583
2023,1,12,73.16387096774193,134.15483870967742,,9495.507161290323
2023,1,13,73.04741935483871,138.36451612903227,,9652.724935483873
2023,1,14,74.43451612903226,137.17741935483872,,9626.461387096775
2023,1,15,74.42290322580644,138.7935483870968,,9716.490032258067
2023,1,16,71.05161290322579,144.13870967741937,,9756.907451612906
2023,1,17,72.0225806451613,145.4258064516129,,9791.90858064516
2023,1,18,84.23225806451612,120.47096774193548,,9526.86458064516
2023,1,19,115.49838709677422,82.01290322580645,,8646.630000000001
2023,1,20,185.8587096774193,83.1,,15156.112935483869
2023,1,21,90.10645161290321,137.99354838709678,,11167.309741935485
2023,1,22,39.29322580645161,158.96774193548387,,5876.814516129035
2023,1,23,29.45774193548388,189.78064516129032,,5232.297935483872
2023,2,0,27.652499999999996,95.83571428571429,,2645.0873214285716
2023,2,1,27.244285714285716,101.48214285714286,,2758.4276785714283
2023,2,2,26.399642857142855,100.53571428571429,,2652.935
2023,2,3,26.312857142857148,99.48214285714286,,2616.422142857143
2023,2,4,36.07321428571428,88.87857142857142,,2890.7854285714284
2023,2,5,63.10214285714286,65.775,,3481.211392857143
2023,2,6,65.355,100.00714285714285,,5667.650714285715
2023,2,7,70.93678571428572,106.71428571428571,,6589.406785714286
2023,2,8,69.45571428571428,109.36785714285715,,7161.1231071428565
2023,2,9,80.3532142857143,102.82500000000002,,7689.347749999999
2023,2,10,78.17964285714287,99.53571428571429,,7328.157857142857
2023,2,11,76.96964285714284,100.35714285714286,,7272.337499999999
2023,2,12,73.885,93.21428571428571,,6560.344642857142
2023,2,13,73.15250000000002,93.53571428571429,,6566.493214285713
2023,2,14,73.8192857142857,93.60714285714286,,6628.1507142857145
2023,2,15,78.06821428571432,88.14285714285714,,6589.63357142857
2023,2,16,104.34607142857142,83.89285714285714,,8026.319642857142
2023,2,17,91.79964285714286,90.29642857142858,,7165.7517499999985
2023,2,18,91.89499999999998,54.535714285714285,,4290.39925
2023,2,19,256.6971428571428,44.464285714285715,,11063.013571428572
2023,2,20,239.64642857142854,47.46785714285714,,10898.654071428571
2023,2,21,172.90607142857144,69.74642857142858,,10052.14275
2023,2,22,58.211071428571415,49.71785714285714,,2661.106892857143
2023,2,23,33.986785714285716,68.84642857142858,,2200.006964285714
2023,3,0,56.26290322580646,158.4806451612903,,8830.158322580643
2023,3,1,52.03741935483872,166.69354838709677,,8664.20964516129
2023,3,2,51.250000000000014,172.96451612903223,,8850.655870967745
2023,3,3,50.90870967741938,173.71290322580643,,8831.51625806452
2023,3,4,52.03774193548388,165.73548387096773,,8626.113096774194
2023,3,5,58.417419354838735,85.49032258064516,,4529.677838709678
2023,3,6,59.57451612903227,125.29677419354839,,7556.590999999999
2023,3,7,77.52225806451614,101.81935483870969,,7293.8077741935485
2023,3,8,80.49516129032257,98.42258064516129,,7314.865387096774
2023,3,9,84.76032258064515,87.45161290322581,,6967.367
2023,3,10,75.15483870967742,91.38387096774194,,6840.121548387096
2023,3,11,75.45548387096775,90.09354838709676,,6752.8825806451605
2023,3,12,72.85322580645162,87.42258064516129,,6519.16258064516
2023,3,13,72.94387096774193,88.71290322580644,,6651.418032258063
2023,3,14,72.10806451612903,91.38709677419355,,6746.736645161289
2023,3,15,67.07548387096776,103.07096774193548,,7119.32935483871
2023,3,16,74.66451612903225,105.09032258064515,,8078.114612903227
2023,3,17,74.78967741935483,113.71612903225805,,8756.14770967742
2023,3,18,67.92225806451613,88.00322580645161,,6487.869161290323
2023,3,19,182.87935483870965,73.34193548387098,,13508.97341935484
2023,3,20,166.83161290322576,76.57096774193548,,13384.454161290323
2023,3,21,139.151935483871,87.1483870967742,,12835.112806451618
2023,3,22,72.44677419354838,110.68709677419353,,7604.889322580644
2023,3,23,64.82193548387099,141.00322580645158,,9200.637096774197
2023,4,0,65.96799999999999,100.68333333333334,,5425.513833333335
2023,4,1,53.26366666666667,122.04333333333334,,5704.9988
2023,4,2,48.48566666666666,130.87666666666667,,5643.701633333334
2023,4,3,45.56499999999999,133.84,,5358.6619666666675
2023,4,4,48.85399999999999,125.10666666666665,,5295.180799999999
2023,4,5,62.22066666666667,98.01666666666667,,4671.320833333332
2023,4,6,66.96233333333333,158.64333333333335,,9504.339300000001
2023,4,7,68.38266666666667,139.15,,8386.0068
2023,4,8,68.32266666666666,124.58333333333333,,7537.1795
2023,4,9,68.967,115.86999999999999,,6900.008100000001
2023,4,10,60.427666666666674,108.0,,5934.533966666667
2023,4,11,60.83133333333333,106.52,,5863.697133333334
2023,4,12,60.18866666666667,101.89666666666666,,5575.369266666667
2023,4,13,60.14666666666667,107.46,,5861.129499999999
2023,4,14,60.247666666666674,109.09333333333333,,5903.148066666666
2023,4,15,61.87733333333333,109.88666666666668,,6007.869133333333
2023,4,16,55.11866666666668,127.65333333333335,,6591.6652
2023,4,17,66.21733333333333,114.15333333333334,,7032.826133333333
2023,4,18,232.0546666666667,42.446666666666665,,8367.7544
2023,4,19,279.81733333333335,46.24,,12052.0976
2023,4,20,261.766,35.61000000000001,,7690.332933333332
2023,4,21,138.51699999999997,62.92666666666666,,6387.269333333333
2023,4,22,73.96733333333333,61.89333333333334,,3326.2654999999995
2023,4,23,68.258,71.76666666666667,,3720.765833333333
2023,5,0,31.182580645161284,136.48387096774192,,3639.0409677419348
2023,5,1,27.671612903225807,150.83870967741936,,3834.6861290322577
2023,5,2,25.050967741935484,157.67741935483872,,3834.791290322581
2023,5,3,24.95709677419356,161.25806451612902,,3914.3299999999995
2023,5,4,30.162258064516134,156.32258064516128,,3990.150322580645
2023,5,5,40.74774193548387,130.4967741935484,,4063.026451612904
2023,5,6,53.37419354838711,127.03225806451613,,5904.499354838709
2023,5,7,53.99838709677421,141.51612903225808,,6817.085806451611
2023,5,8,55.615806451612904,133.86129032258063,,6618.654709677419
2023,5,9,50.79322580645163,135.81612903225806,,6448.66593548387
2023,5,10,37.745161290322585,141.80645161290323,,5156.371483870967
2023,5,11,37.847741935483874,143.05483870967745,,5217.315322580646
2023,5,12,35.96741935483872,139.0677419354839,,4873.344838709677
2023,5,13,35.27709677419356,143.0225806451613,,4988.96170967742
2023,5,14,35.88935483870969,143.04516129032257,,5053.820806451612
2023,5,15,33.76935483870969,145.46129032258065,,4946.360774193548
2023,5,16,35.25032258064517,150.39999999999998,,5259.69935483871
2023,5,17,84.79225806451613,111.7709677419355,,7627.264870967743
2023,5,18,169.32645161290316,91.14838709677419,,14355.504419354838
2023,5,19,176.98677419354837,93.11935483870967,,15477.834290322582
2023,5,20,119.04387096774195,105.20967741935483,,10507.339354838708
2023,5,21,52.09612903225806,127.30645161290323,,5436.036612903226
2023,5,22,46.820967741935476,102.88064516129033,,3534.006645161291
2023,5,23,29.659354838709675,122.35483870967742,,3317.482258064516
2023,6,0,18.005333333333333,174.02333333333337,,3082.8305333333333
2023,6,1,17.207,185.69666666666666,,3161.3383666666664
2023,6,2,16.874333333333336,190.85,,3204.691433333334
2023,6,3,17.048333333333332,191.45666666666665,,3250.2737666666667
2023,6,4,22.865000000000002,164.81666666666666,,3674.196000000001
2023,6,5,22.952666666666673,118.96666666666667,,2539.129
2023,6,6,42.31866666666667,180.7133333333333,,7739.475533333333
2023,6,7,40.116666666666674,155.8,,6217.056333333335
2023,6,8,42.72966666666667,146.69,,6087.516399999999
2023,6,9,35.56666666666667,116.42,,3742.5015333333345
2023,6,10,36.071000000000005,137.3,,4585.6
2023,6,11,33.853,141.43333333333334,,4680.7440000000015
2023,6,12,29.102999999999998,138.6,,4030.8039999999996
2023,6,13,28.57599999999999,143.16666666666666,,4069.1026666666667
2023,6,14,28.832999999999995,148.86666666666667,,4257.156666666666
2023,6,15,28.949666666666666,155.66666666666666,,4471.039333333332
2023,6,16,29.493333333333336,159.43333333333334,,4570.84
2023,6,17,85.81233333333333,133.61333333333334,,11528.691899999998
2023,6,18,162.09799999999998,83.63333333333334,,13540.392000000002
2023,6,19,123.64533333333335,80.5,,9891.928666666669
2023,6,20,52.81433333333333,118.46666666666667,,4944.058333333333
2023,6,21,30.279666666666675,132.56666666666666,,3888.0196666666675
2023,6,22,24.023999999999997,120.21666666666667,,2345.2840000000006
2023,6,23,16.968666666666667,136.49,,2283.1250999999997
2023,7,0,26.865161290322586,240.18387096774197,,6174.632451612904
2023,7,1,25.907419354838712,247.39354838709676,,6203.400580645159
2023,7,2,25.708387096774196,250.84838709677416,,6265.245548387096
2023,7,3,25.722903225806455,252.0677419354839,,6297.7842580645165
2023,7,4,27.218387096774194,238.49032258064514,,6170.77141935484
2023,7,5,29.054838709677423,194.9903225806452,,5110.71429032258
2023,7,6,55.06838709677419,170.03225806451613,,7046.81806451613
2023,7,7,47.512258064516146,173.59354838709677,,6773.630419354838
2023,7,8,51.42064516129034,154.0,,6540.951612903228
2023,7,9,53.02580645161292,136.46774193548387,,5278.034129032257
2023,7,10,36.47741935483872,161.53870967741935,,4606.857290322581
2023,7,11,34.977419354838716,162.24516129032259,,4341.832838709676
2023,7,12,29.80129032258064,176.0935483870968,,4569.736838709678
2023,7,13,29.142258064516135,193.04516129032257,,4901.501741935484
2023,7,14,29.344193548387093,198.50645161290322,,5067.66493548387
2023,7,15,29.31161290322581,205.44516129032255,,5324.225709677419
2023,7,16,30.334516129032263,199.8258064516129,,5267.47522580645
2023,7,17,116.47741935483872,139.41935483870967,,13523.571612903224
2023,7,18,190.46387096774194,90.24838709677418,,14747.75351612903
2023,7,19,156.37161290322578,67.19354838709677,,8180.293870967743
2023,7,20,91.73129032258063,117.41935483870968,,6310.591290322583
2023,7,21,47.93806451612903,155.0677419354839,,5281.282225806452
2023,7,22,29.86612903225807,190.07096774193548,,4902.707548387097
2023,7,23,26.069677419354843,212.3967741935484,,5263.060774193549
2023,8,0,26.779354838709672,125.38709677419355,,3328.647419354839
2023,8,1,25.413548387096775,135.09677419354838,,3472.5848387096776
2023,8,2,24.811935483870975,140.03225806451613,,3529.286774193549
2023,8,3,25.65225806451613,138.51612903225808,,3599.267419354839
2023,8,4,32.81935483870968,129.60967741935482,,3858.9250645161283
2023,8,5,42.81677419354838,124.21612903225805,,4625.016612903225
2023,8,6,76.93838709677419,136.3032258064516,,9454.806645161292
2023,8,7,71.12806451612904,155.58387096774194,,9644.756967741936
2023,8,8,78.40451612903225,138.5,,9208.513709677422
2023,8,9,61.049354838709675,122.6774193548387,,6413.195161290322
2023,8,10,53.251935483870966,116.50967741935484,,5361.299806451613
2023,8,11,47.044193548387085,123.02258064516128,,4825.146322580645
2023,8,12,39.77516129032258,136.65806451612903,,4635.920774193548
2023,8,13,33.21032258064516,154.53225806451613,,4598.272225806452
2023,8,14,32.98903225806452,157.66451612903228,,4758.11170967742
2023,8,15,34.182903225806456,159.1290322580645,,4931.105967741935
2023,8,16,54.872903225806446,149.5225806451613,,6221.913999999999
2023,8,17,156.35225806451612,130.83870967741936,,19244.87193548387
2023,8,18,198.55129032258063,75.58064516129032,,13832.580967741937
2023,8,19,186.28451612903226,81.58064516129032,,14348.652580645163
2023,8,20,103.62774193548385,105.87096774193549,,10106.554193548387
2023,8,21,51.410645161290326,147.29032258064515,,6268.865870967742
2023,8,22,33.86645161290322,121.70645161290322,,3887.4065806451613
2023,8,23,25.85645161290323,129.91290322580645,,3252.125967741935
2023,9,0,75.67999999999999,176.55666666666667,,13277.252033333332
2023,9,1,71.047,197.75,,14034.694433333334
2023,9,2,68.38099999999999,204.6,,14029.292000000003
2023,9,3,70.64533333333333,198.54,,13912.242900000001
2023,9,4,80.72,157.96,,12271.235733333331
2023,9,5,96.75533333333333,96.51666666666667,,8549.8711
2023,9,6,120.00999999999999,128.34,,14019.395600000005
2023,9,7,105.81466666666665,145.26333333333332,,13698.810333333331
2023,9,8,105.32266666666669,123.69333333333334,,11016.930733333333
2023,9,9,103.26266666666666,112.52333333333334,,9555.91596666667
2023,9,10,80.027,111.66666666666667,,8061.406999999997
2023,9,11,80.4773333333333,113.23333333333333,,8380.458999999999
2023,9,12,75.18233333333332,119.66666666666667,,8225.505000000001
2023,9,13,69.847,137.95,,8877.470999999998
2023,9,14,70.04666666666665,135.73333333333332,,8777.564333333336
2023,9,15,80.34566666666666,124.16666666666667,,9198.219000000001
2023,9,16,101.67466666666668,121.84666666666668,,9655.845466666668
2023,9,17,231.91266666666667,75.16000000000001,,14762.714433333334
2023,9,18,274.27466666666675,37.596666666666664,,9860.974566666668
2023,9,19,280.34333333333336,38.55666666666665,,10402.034666666666
2023,9,20,275.27866666666677,43.706666666666656,,11275.822566666668
2023,9,21,209.40400000000002,88.17,,15819.164066666668
2023,9,22,109.90833333333335,108.35666666666665,,11444.135066666664
2023,9,23,94.034,150.64000000000001,,14142.461199999998
2023,10,0,108.92935483870966,121.69677419354839,,9973.836451612902
2023,10,1,91.7932258064516,140.98387096774198,,10894.158096774192
2023,10,2,85.3932258064516,144.3741935483871,,10192.234387096776
2023,10,3,86.1774193548387,142.60645161290324,,10242.501516129028
2023,10,4,103.5841935483871,110.9709677419355,,9512.044258064516
2023,10,5,137.5070967741936,81.50322580645162,,9809.927806451613
2023,10,6,144.55967741935484,122.47741935483872,,15860.800483870966
2023,10,7,134.2641935483871,123.04838709677419,,15486.75219354839
2023,10,8,136.9435483870968,102.45806451612904,,12874.527741935479
2023,10,9,137.97129032258067,81.99354838709678,,9746.066709677416
2023,10,10,138.7951612903226,73.60322580645162,,8516.913096774191
2023,10,11,137.37096774193554,81.4709677419355,,9808.529741935487
2023,10,12,133.60516129032263,88.24193548387099,,10754.22722580645
2023,10,13,131.21903225806452,99.21612903225807,,12067.853806451609
2023,10,14,131.90645161290325,98.83870967741937,,12055.530387096773
2023,10,15,131.59516129032255,91.48064516129033,,11226.169645161293
2023,10,16,157.97806451612908,85.0741935483871,,11386.270354838713
2023,10,17,203.39548387096775,85.97741935483872,,15856.081161290324
2023,10,18,292.1980645161291,56.167741935483875,,16321.123516129033
2023,10,19,295.81,49.541935483870965,,14637.796870967743
2023,10,20,276.44129032258064,77.13548387096773,,21610.647548387096
2023,10,21,234.7609677419355,92.43225806451615,,21020.757354838708
2023,10,22,181.10645161290327,77.57096774193549,,12963.487419354837
2023,10,23,147.35967741935482,102.31290322580648,,12559.421451612903
2023,11,0,163.7996666666667,26.839999999999996,,4213.020200000001
2023,11,1,160.63000000000002,33.419999999999995,,5085.528
2023,11,2,154.88933333333338,37.17333333333333,,5406.188266666667
2023,11,3,154.14766666666668,41.436666666666675,,6027.453299999999
2023,11,4,160.32899999999998,35.36333333333334,,5323.4536
2023,11,5,177.46166666666667,43.67666666666666,,7476.920666666667
2023,11,6,202.26833333333337,67.54,,12455.070833333335
2023,11,7,198.55066666666664,75.39333333333333,,13345.923933333333
2023,11,8,200.19500000000005,59.58666666666668,,10730.43513333333
2023,11,9,214.214,41.53333333333334,,8101.345799999997
2023,11,10,196.499,36.593333333333334,,6610.821533333334
2023,11,11,194.19233333333332,37.45333333333333,,6762.841566666665
2023,11,12,192.96166666666667,41.910000000000004,,7634.301566666666
2023,11,13,192.86799999999994,43.646666666666675,,8033.238733333333
2023,11,14,192.87599999999995,44.07333333333334,,8027.025366666666
2023,11,15,194.46433333333331,45.10000000000001,,8169.4424
2023,11,16,211.96366666666663,54.99333333333334,,10684.79973333333
2023,11,17,241.40533333333335,62.35000000000001,,14171.979
2023,11,18,300.0576666666667,56.680000000000014,,17007.3359
2023,11,19,300.03600000000006,67.81333333333335,,20345.84346666667
2023,11,20,299.6863333333333,80.20666666666668,,24039.356699999997
2023,11,21,284.823,63.34,,18656.4979
2023,11,22,205.99400000000009,30.726666666666667,,5615.775866666665
2023,11,23,202.89500000000007,32.36666666666666,,5965.888666666665
2023,12,0,79.94483870967743,119.33870967741936,,6239.219129032258
2023,12,1,79.75935483870971,127.27096774193551,,6902.860580645162
2023,12,2,76.7267741935484,133.69032258064516,,7116.862999999999
2023,12,3,76.28161290322582,135.0741935483871,,7282.791741935484
2023,12,4,80.35967741935485,133.30967741935484,,7583.505838709676
2023,12,5,75.61483870967741,133.76451612903227,,7905.729032258064
2023,12,6,89.19967741935486,135.57419354838711,,9445.015064516127
2023,12,7,89.22870967741939,138.65806451612903,,9390.887967741935
2023,12,8,92.12096774193549,138.74193548387098,,9650.712548387095
2023,12,9,94.12838709677419,129.18064516129033,,8433.235322580647
2023,12,10,87.56903225806452,134.69354838709677,,8189.385451612904
2023,12,11,87.62838709677419,137.6258064516129,,8458.99058064516
2023,12,12,89.56516129032259,141.39032258064518,,8812.404225806451
2023,12,13,88.80000000000001,144.8774193548387,,8646.417548387095
2023,12,14,86.22741935483873,142.83548387096772,,8396.95558064516
2023,12,15,89.47677419354844,138.08709677419355,,8135.85170967742
2023,12,16,95.63870967741937,135.40645161290323,,9562.545387096772
2023,12,17,108.75225806451614,124.31290322580645,,10437.503645161292
2023,12,18,152.26870967741937,85.91935483870968,,11376.975354838709
2023,12,19,184.6138709677419,71.69999999999999,,11898.951387096775
2023,12,20,194.05096774193552,68.84516129032258,,11964.09458064516
2023,12,21,136.62064516129033,77.01612903225806,,8487.802483870966
2023,12,22,106.85870967741936,78.8225806451613,,6763.761032258064
2023,12,23,94.23193548387098,97.80967741935484,,6439.35564516129
2024,1,0,38.084339622641494,181.44905660377358,,6505.12449056604
2024,1,1,35.74962264150943,194.6735849056604,,6518.212169811321
2024,1,2,34.08830188679244,201.40943396226416,,6503.76358490566
2024,1,3,33.15245283018866,202.55849056603773,,6404.452773584907
2024,1,4,35.091698113207535,197.37169811320751,,6468.09520754717
2024,1,5,49.83075471698113,164.46603773584903,,7561.969169811319
2024,1,6,56.64792452830189,156.30566037735846,,8121.902113207547
2024,1,7,54.814716981132065,184.12264150943398,,9850.676320754717
2024,1,8,57.19547169811321,179.20943396226417,,10099.401962264152
2024,1,9,56.93396226415094,171.6943396226415,,9933.045264150944
2024,1,10,49.18905660377359,175.1811320754717,,8740.863886792455
2024,1,11,49.27754716981132,174.78301886792454,,8760.632113207545
2024,1,12,51.02264150943396,169.94716981132078,,8612.534264150941
2024,1,13,51.598679245283016,165.42075471698112,,8208.841528301886
2024,1,14,51.80471698113207,165.24528301886792,,8259.691849056606
2024,1,15,53.40094339622642,155.9018867924528,,7928.077773584905
2024,1,16,73.42018867924527,135.9188679245283,,8683.978622641509
2024,1,17,88.50509433962263,133.5245283018868,,10222.371660377357
2024,1,18,134.62603773584905,88.10566037735848,,10301.28096226415
2024,1,19,162.06132075471697,67.52452830188679,,9705.004698113209
2024,1,20,178.59830188679248,66.0433962264151,,10529.37896226415
2024,1,21,120.32773584905662,85.08113207547169,,9536.421698113203
2024,1,22,81.23792452830187,89.42641509433963,,6464.926113207546
2024,1,23,40.968518518518515,127.44814814814815,,4850.742944444445
2024,2,0,59.72793103448274,281.7586206896552,,15431.112758620693
2024,2,1,57.96517241379308,297.9310344827586,,15962.521034482761
2024,2,2,55.74448275862068,312.37931034482756,,16357.66689655172
2024,2,3,56.486206896551714,311.8965517241379,,16568.847241379313
2024,2,4,60.75241379310343,285.7586206896552,,15961.35862068965
2024,2,5,77.32,207.13793103448276,,14210.973448275865
2024,2,6,97.44551724137928,208.3448275862069,,17196.435517241378
2024,2,7,93.54655172413793,232.68965517241378,,19991.615517241375
2024,2,8,91.00034482758622,252.86206896551724,,21057.80068965517
2024,2,9,88.35448275862066,245.51724137931035,,20090.89620689655
2024,2,10,95.40586206896552,234.0,,20684.64931034483
2024,2,11,94.52275862068969,234.06896551724137,,20205.09620689655
2024,2,12,96.81379310344829,229.48275862068965,,20266.37551724138
2024,2,13,97.61689655172415,221.13793103448276,,19828.78793103448
2024,2,14,100.52344827586208,217.0344827586207,,19835.99275862069
2024,2,15,102.19689655172417,205.6206896551724,,19109.758275862063
2024,2,16,104.08379310344827,173.79310344827587,,16730.68068965517
2024,2,17,123.35206896551723,153.3448275862069,,17143.470344827583
2024,2,18,145.06103448275863,105.34482758620689,,13357.842413793102
2024,2,19,177.13172413793106,69.3103448275862,,11750.514827586208
2024,2,20,171.65620689655174,72.20689655172414,,11798.638965517242
2024,2,21,148.06724137931036,108.37931034482759,,14588.602758620687
2024,2,22,105.52448275862072,120.06896551724138,,10858.090689655171
2024,2,23,62.99724137931033,206.86206896551724,,12535.264827586205
2024,3,0,109.59548387096771,138.03225806451613,,14308.101290322582
2024,3,1,107.32290322580643,158.51612903225808,,16144.067096774192
2024,3,2,106.26903225806451,171.90322580645162,,17529.232258064512
2024,3,3,106.13967741935483,178.48387096774192,,18242.138387096773
2024,3,4,112.91032258064517,161.83870967741936,,17395.429354838707
2024,3,5,115.66967741935484,118.25806451612904,,12964.433548387096
2024,3,6,140.3687096774193,88.64516129032258,,10742.139999999998
2024,3,7,129.7316129032258,104.38709677419355,,12058.120000000003
2024,3,8,120.94032258064517,121.87096774193549,,13743.383870967738
2024,3,9,117.57387096774193,131.19354838709677,,14525.48
2024,3,10,112.81193548387095,144.32258064516128,,15585.119354838707
2024,3,11,113.95806451612901,140.5483870967742,,15383.066129032257
2024,3,12,119.87387096774195,133.80645161290323,,15316.990967741935
2024,3,13,120.46290322580647,130.67741935483872,,14921.10612903226
2024,3,14,121.82322580645166,120.48387096774194,,13976.762258064515
2024,3,15,125.19516129032259,106.74193548387096,,12532.714516129032
2024,3,16,127.26709677419358,91.09677419354838,,10881.736451612906
2024,3,17,164.31354838709677,76.09677419354838,,11188.945806451615
2024,3,18,177.38129032258067,37.61290322580645,,5778.873548387096
2024,3,19,184.55709677419355,27.483870967741936,,4375.448064516128
2024,3,20,182.75387096774193,30.419354838709676,,5009.112580645162
2024,3,21,176.5435483870968,41.74193548387097,,7173.1761290322565
2024,3,22,162.25258064516132,57.32258064516129,,7711.8922580645185
2024,3,23,110.88225806451614,88.16129032258064,,9349.14580645161
2024,4,0,78.42733333333332,174.23333333333332,,13155.507666666668
2024,4,1,77.29833333333335,178.06666666666666,,13236.347666666668
2024,4,2,76.65300000000002,178.16666666666666,,13072.133333333337
2024,4,3,76.12333333333335,178.66666666666666,,13012.538333333334
2024,4,4,79.00766666666667,174.96666666666667,,12934.046666666667
2024,4,5,83.45100000000001,167.83333333333334,,13140.604333333333
2024,4,6,82.45266666666667,126.46666666666667,,9725.424999999997
2024,4,7,77.25066666666667,77.23333333333333,,5559.439333333333
2024,4,8,83.81066666666666,125.23333333333333,,9861.262666666666
2024,4,9,82.68133333333334,125.16666666666667,,9803.521
2024,4,10,81.86266666666664,131.7,,10625.509666666667
2024,4,11,79.45466666666665,131.7,,10211.810666666668
2024,4,12,83.89066666666665,137.9,,11414.059333333336
2024,4,13,84.708,140.46666666666667,,11647.534333333335
2024,4,14,86.98133333333334,144.4,,12210.397666666664
2024,4,15,78.40066666666665,94.93333333333334,,7335.244666666664
2024,4,16,86.78033333333332,96.43333333333334,,8058.002000000001
2024,4,17,90.19833333333332,73.56666666666666,,6400.268666666668
2024,4,18,99.33833333333334,66.2,,5654.354666666666
2024,4,19,112.98100000000001,47.2,,4615.365666666667
2024,4,20,106.24866666666668,45.6,,4346.49
2024,4,21,99.37333333333332,49.6,,4420.531333333334
2024,4,22,91.39300000000003,146.7,,12258.052666666665
2024,4,23,83.57900000000002,147.3,,11865.401
2024,5,0,37.774838709677425,153.61290322580646,,5993.62129032258
2024,5,1,34.72903225806452,159.1290322580645,,5666.065161290322
2024,5,2,33.688064516129046,152.38709677419354,,5176.170967741935
2024,5,3,34.32709677419355,153.4516129032258,,5314.852580645161
2024,5,4,42.08193548387095,144.83870967741936,,6253.092580645162
2024,5,5,57.82290322580644,100.90322580645162,,5398.486451612904
2024,5,6,57.743225806451605,103.09677419354838,,5547.802903225806
2024,5,7,55.1874193548387,103.87096774193549,,5330.496129032258
2024,5,8,64.90677419354839,100.7741935483871,,5561.582903225806
2024,5,9,68.98999999999998,91.6774193548387,,5102.990645161291
2024,5,10,57.72677419354839,93.29032258064517,,4293.581612903225
2024,5,11,56.12032258064516,97.61290322580645,,4253.494838709677
2024,5,12,58.05032258064517,100.38709677419355,,4546.56935483871
2024,5,13,48.799677419354836,104.90322580645162,,4061.3474193548377
2024,5,14,51.446129032258064,107.35483870967742,,4325.99935483871
2024,5,15,57.409677419354836,106.35483870967742,,4686.350645161289
2024,5,16,75.32709677419356,97.19354838709677,,6112.859354838709
2024,5,17,106.23290322580644,82.87096774193549,,8012.0996774193545
2024,5,18,115.03451612903226,56.67741935483871,,6519.933225806452
2024,5,19,131.47516129032255,46.74193548387097,,6178.345806451613
2024,5,20,84.00709677419356,46.32258064516129,,4077.2616129032253
2024,5,21,47.750322580645154,70.25806451612904,,3326.6474193548383
2024,5,22,51.22483870967742,111.58064516129032,,5940.151290322579
2024,5,23,43.00387096774193,129.3548387096774,,5771.697741935484
2024,6,0,109.26799999999997,89.26666666666667,,9414.306333333334
2024,6,1,108.76733333333331,92.93333333333334,,9770.279333333332
2024,6,2,108.798,91.13333333333334,,9607.816666666668
2024,6,3,108.83333333333333,93.23333333333333,,9840.351333333332
2024,6,4,109.89166666666667,96.4,,10317.449
2024,6,5,129.16633333333334,73.9,,9591.282
2024,6,6,181.14666666666668,130.53333333333333,,23279.922
2024,6,7,187.56199999999995,112.4,,19950.950333333334
2024,6,8,192.73666666666668,102.96666666666667,,17769.758000000005
2024,6,9,175.10800000000003,86.43333333333334,,13876.328333333337
2024,6,10,145.23566666666665,77.8,,11086.729
2024,6,11,144.98033333333333,76.9,,10909.745999999997
2024,6,12,142.16199999999998,77.36666666666666,,10758.855
2024,6,13,143.108,78.1,,11146.233333333334
2024,6,14,143.58066666666667,81.7,,11609.116000000002
2024,6,15,145.768,81.76666666666667,,11609.77933333333
2024,6,16,154.6813333333333,86.4,,12746.509666666667
2024,6,17,213.67599999999996,97.8,,20199.32433333333
2024,6,18,255.34133333333335,83.66666666666667,,20257.574000000004
2024,6,19,249.59800000000007,77.26666666666667,,18252.560666666668
2024,6,20,200.11599999999999,101.86666666666666,,19494.609666666664
2024,6,21,164.22566666666668,84.83333333333333,,13536.304333333332
2024,6,22,119.26066666666665,91.46666666666667,,10467.632333333333
2024,6,23,109.977,91.33333333333333,,9721.440999999999
2024,7,0,101.11290322580646,196.4806451612903,101.51870967741937,19832.1724516129
2024,7,1,100.02645161290323,213.7258064516129,101.21677419354839,21271.84887096774
2024,7,2,98.82129032258065,220.1967741935484,99.53032258064515,21602.309290322577
2024,7,3,98.92032258064516,221.93548387096774,99.09580645161292,21820.773258064513
2024,7,4,102.4874193548387,215.5193548387097,102.62580645161292,21892.922129032257
2024,7,5,121.46354838709675,166.1483870967742,121.63258064516128,20120.703096774196
2024,7,6,217.22612903225814,156.75806451612902,217.44096774193557,34866.41283870968
2024,7,7,229.5716129032258,196.1290322580645,230.50838709677413,46072.038064516135
2024,7,8,234.4261290322581,190.09677419354838,234.4261290322581,45260.00903225806
2024,7,9,178.2496774193549,179.69354838709677,178.2496774193549,32405.95741935484
2024,7,10,144.4525806451613,180.19354838709677,146.81000000000003,26222.498387096777
2024,7,11,139.92290322580644,176.80645161290323,142.50258064516132,24835.3935483871
2024,7,12,137.44645161290322,169.2258064516129,143.35967741935485,23334.891612903222
2024,7,13,137.16129032258064,157.26129032258066,143.52935483870968,21519.369516129027
2024,7,14,137.67806451612904,159.3967741935484,144.4767741935484,22011.959580645158
2024,7,15,141.64903225806455,147.38709677419354,147.4993548387097,20943.35870967742
2024,7,16,165.14161290322585,122.3225806451613,174.75258064516134,20237.060322580648
2024,7,17,266.3861290322581,124.03225806451613,277.67870967741936,33540.920645161284
2024,7,18,293.09838709677416,82.97096774193548,293.09838709677416,24475.792967741934
2024,7,19,286.35516129032254,62.5,286.35516129032254,17913.27916129032
2024,7,20,219.2448387096774,61.406451612903226,219.2448387096774,13556.453419354844
2024,7,21,136.8925806451613,77.80967741935484,136.8925806451613,10392.226774193548
2024,7,22,109.85064516129032,86.4258064516129,109.85064516129032,9474.782516129033
2024,7,23,102.25580645161291,130.93548387096774,102.32967741935487,13375.599354838709
2024,8,0,82.13806451612902,276.5387096774194,117.4683870967742,22869.69870967742
2024,8,1,82.03774193548388,292.0870967741936,117.52354838709677,24103.559193548386
2024,8,2,83.07903225806453,306.4129032258065,118.92322580645161,25641.014451612908
2024,8,3,83.33935483870968,306.1193548387097,119.08645161290323,25694.695709677424
2024,8,4,84.50064516129032,280.77096774193546,117.0106451612903,23943.60593548387
2024,8,5,103.89806451612904,201.02903225806452,129.60903225806453,21177.03664516129
2024,8,6,177.11677419354842,201.15483870967742,201.51322580645166,36991.87083870969
2024,8,7,179.6764516129032,226.55161290322582,199.90258064516127,42167.19261290323
2024,8,8,183.13161290322583,245.62580645161293,198.0203225806452,47203.28687096773
2024,8,9,137.12290322580643,239.1967741935484,146.40032258064517,32265.436451612903
2024,8,10,106.98129032258066,227.93548387096774,117.85451612903223,24746.48322580646
2024,8,11,99.71387096774194,228.0,118.13580645161295,22922.643548387096
2024,8,12,97.67580645161291,221.93548387096774,120.50290322580648,21503.30580645162
2024,8,13,97.23870967741934,213.6451612903226,123.22,20706.61290322581
2024,8,14,101.85870967741936,209.6290322580645,129.90322580645162,20893.509193548387
2024,8,15,104.8935483870968,197.90322580645162,149.32419354838711,20520.557580645163
2024,8,16,116.10129032258065,165.46774193548387,166.67774193548388,19437.932258064517
2024,8,17,263.47548387096776,148.27096774193546,278.4793548387097,39883.389032258056
2024,8,18,308.74354838709684,101.02580645161291,311.0483870967742,31159.214774193555
2024,8,19,309.89838709677423,67.24193548387096,309.9006451612903,20823.094354838708
2024,8,20,243.38258064516123,70.98709677419355,265.4254838709677,16923.376999999997
2024,8,21,140.9925806451613,106.45806451612904,148.1667741935484,15103.677741935482
2024,8,22,100.39838709677419,118.44193548387096,179.75161290322578,11842.952774193549
2024,8,23,87.41677419354838,202.13548387096773,124.83645161290322,17693.829870967744
2024,9,0,99.55233333333332,134.75,153.25966666666667,14947.474666666665
2024,9,1,98.79199999999999,155.44666666666666,153.72033333333334,16790.72796666667
2024,9,2,98.78999999999999,169.09,153.90033333333335,17922.878
2024,9,3,99.047,175.59000000000003,154.30033333333333,18607.022699999994
2024,9,4,99.78866666666664,158.5,152.707,17489.234733333335
2024,9,5,173.80999999999997,114.14000000000001,224.60633333333337,23085.442033333336
2024,9,6,214.17833333333334,86.91000000000001,273.21299999999997,20941.3442
2024,9,7,249.37166666666664,102.98000000000002,313.274,27601.93623333333
2024,9,8,240.35733333333332,119.86333333333332,309.8716666666667,30571.11136666667
2024,9,9,222.48166666666665,128.84,265.158,30863.343966666667
2024,9,10,159.61499999999995,142.06,195.1843333333333,25657.6841
2024,9,11,142.59566666666663,138.16666666666666,171.87066666666666,20935.29896666667
2024,9,12,137.397,131.06333333333333,167.75366666666665,18750.97913333333
2024,9,13,137.607,127.83,173.9006666666667,18351.722466666666
2024,9,14,143.196,117.29666666666667,182.76699999999997,17778.7205
2024,9,15,145.21633333333335,103.59333333333332,191.4096666666667,16314.888766666665
2024,9,16,203.73433333333335,88.75666666666667,263.34900000000005,20861.85353333333
2024,9,17,266.50899999999996,75.58333333333333,268.1813333333333,22303.389166666664
2024,9,18,354.1963333333333,36.15333333333333,352.62799999999993,13082.648733333332
2024,9,19,358.71833333333325,25.67,358.7176666666666,9370.630666666666
2024,9,20,302.4556666666667,28.73,309.881,8538.099566666668
2024,9,21,222.16600000000003,41.193333333333335,223.61166666666665,9429.436033333332
2024,9,22,122.86433333333335,54.876666666666665,179.50966666666673,7238.048766666668
2024,9,23,111.36100000000002,84.10999999999999,179.29866666666666,10337.129066666666
2024,10,0,118.55709677419355,125.15483870967739,178.11225806451614,14888.27958064516
2024,10,1,116.99387096774196,125.2290322580645,179.21645161290323,14706.77925806452
2024,10,2,116.41483870967743,126.48387096774194,179.21645161290323,14786.190774193547
2024,10,3,117.08322580645161,124.43548387096773,179.34290322580642,14595.83222580645
2024,10,4,126.90548387096773,125.09032258064515,195.68322580645162,15722.188387096774
2024,10,5,235.28225806451624,91.9193548387097,278.4258064516129,20020.097161290327
2024,10,6,247.4416129032259,59.07419354838709,290.42645161290324,14694.634870967744
2024,10,7,201.92322580645163,42.52903225806452,228.7596774193548,8438.084774193549
2024,10,8,199.28935483870967,40.690322580645166,226.01290322580644,7850.365580645162
2024,10,9,172.48774193548385,21.074193548387097,233.59193548387094,3291.775677419356
2024,10,10,166.78870967741935,53.24516129032258,206.72032258064513,9020.00229032258
2024,10,11,157.13387096774196,47.29677419354839,182.6635483870968,7705.267645161289
2024,10,12,155.2338709677419,60.877419354838715,179.65258064516132,9469.024838709678
2024,10,13,154.648064516129,63.9258064516129,179.01838709677423,9759.428258064516
2024,10,14,157.98548387096776,65.34516129032258,179.08354838709678,10061.052129032258
2024,10,15,162.74709677419355,52.95483870967742,179.25483870967744,7835.174129032258
2024,10,16,198.3703225806452,49.70645161290322,224.21967741935484,8936.769129032258
2024,10,17,309.1693548387097,95.73548387096774,309.1693548387097,25426.773516129033
2024,10,18,363.36064516129034,33.725806451612904,363.26,11341.870774193549
2024,10,19,366.3925806451612,37.87096774193548,366.2677419354838,13336.42406451613
2024,10,20,341.18548387096774,134.05483870967745,341.1851612903226,39553.34880645162
2024,10,21,243.041935483871,143.63870967741937,246.0506451612903,29590.261903225804
2024,10,22,154.4158064516129,143.71612903225807,201.92129032258066,22230.076387096775
2024,10,23,143.713,149.38333333333333,204.59800000000004,21285.190566666668
2024,11,0,126.0741379310345,128.07586206896553,254.5251724137931,16476.34248275862
2024,11,1,125.65433333333331,135.42666666666665,245.93266666666665,17172.1957
2024,11,2,125.37233333333332,136.04666666666668,245.9283333333333,17205.789266666667
2024,11,3,125.39833333333334,133.71,249.79999999999998,16914.675733333333
2024,11,4,126.938,132.61666666666667,268.16866666666664,16828.884266666664
2024,11,5,206.74066666666664,64.97,285.78033333333326,12544.347033333332
2024,11,6,270.51,48.28666666666666,314.98133333333334,10900.749099999997
2024,11,7,255.64866666666666,36.93333333333332,306.1859999999999,7020.641833333334
2024,11,8,259.10766666666666,32.77,295.09333333333325,6160.070300000001
2024,11,9,262.4053333333334,25.330000000000002,317.8243333333333,4189.032133333333
2024,11,10,160.23433333333332,42.48333333333333,221.55199999999994,6469.209066666667
2024,11,11,158.13199999999998,49.22666666666667,196.78666666666666,7550.4906
2024,11,12,156.83933333333331,57.61666666666667,184.46166666666664,8389.808
2024,11,13,157.36266666666668,56.066666666666656,185.27066666666667,8156.008
2024,11,14,161.92333333333337,59.53666666666666,192.514,9027.599766666664
2024,11,15,187.63599999999997,51.61333333333334,214.87433333333334,8402.901400000004
2024,11,16,225.13299999999998,41.82333333333334,276.219,7476.379466666665
2024,11,17,339.38800000000003,86.47999999999999,340.21000000000004,27201.4789
2024,11,18,362.2113333333333,27.380000000000006,361.7623333333333,9873.441466666665
2024,11,19,362.6696666666666,30.146666666666672,362.6593333333333,10935.944133333334
2024,11,20,351.13399999999996,104.49999999999997,356.5696666666666,36456.63106666668
2024,11,21,226.6296666666667,131.51666666666668,228.37900000000002,26136.721200000004
2024,11,22,156.94666666666663,160.2233333333333,266.86499999999995,24955.220933333323
2024,11,23,146.9887096774193,155.8,267.00322580645155,22794.64441935484
2024,12,0,115.86935483870964,23.083870967741934,172.70032258064518,2861.4916129032254
2024,12,1,117.10612903225807,26.058064516129033,176.54451612903227,3282.311032258064
2024,12,2,116.72806451612902,27.519354838709674,176.55451612903224,3455.5250322580646
2024,12,3,115.97806451612904,28.91290322580645,176.65096774193552,3471.944064516129
2024,12,4,121.00161290322579,33.877419354838715,196.70709677419353,4075.743225806452
2024,12,5,203.53838709677416,30.258064516129032,296.2187096774193,5877.1209677419365
2024,12,6,183.0845161290322,39.093548387096774,282.86677419354834,4840.040935483872
2024,12,7,168.9177419354838,50.770967741935486,289.0593548387096,6771.761032258064
2024,12,8,166.15161290322584,63.622580645161285,300.55903225806446,7707.714903225806
2024,12,9,150.72709677419354,63.46451612903226,273.5083870967742,7291.28329032258
2024,12,10,101.00064516129031,69.45161290322581,194.03870967741935,6063.9725806451615
2024,12,11,97.86483870967741,70.57741935483871,190.70612903225805,5819.128451612903
2024,12,12,99.86935483870967,68.94516129032257,184.49774193548384,5937.876290322581
2024,12,13,102.83354838709677,68.31612903225806,191.4109677419355,6028.397322580646
2024,12,14,113.3283870967742,63.29354838709678,202.39000000000001,6112.3800967741945
2024,12,15,129.31451612903226,59.28709677419355,211.65612903225804,6305.286258064515
2024,12,16,125.49645161290324,59.31290322580645,230.33387096774192,5779.140451612903
2024,12,17,242.40741935483868,22.735483870967744,266.57806451612896,3904.900483870968
2024,12,18,332.65999999999997,14.816129032258067,344.50064516129027,4587.549032258065
2024,12,19,343.03225806451604,12.358064516129033,349.5754838709677,4118.499677419355
2024,12,20,319.3522580645161,23.83225806451613,341.9761290322581,5705.093129032258
2024,12,21,244.27258064516133,16.58709677419355,277.64290322580644,2736.284225806452
2024,12,22,129.96290322580649,16.548387096774192,193.75322580645158,2156.186129032258
2024,12,23,123.18709677419355,16.14516129032258,171.11225806451608,1959.2609677419355
2025,1,0,96.51935483870966,83.27741935483871,153.09580645161287,7407.7115483870975
2025,1,1,95.32483870967741,86.01935483870967,152.82483870967735,7693.06835483871
2025,1,2,94.44322580645162,86.6548387096774,151.52387096774186,7766.982419354839
2025,1,3,94.1235483870968,87.6290322580645,154.57225806451606,7846.993129032259
2025,1,4,97.18935483870968,98.84838709677419,176.71096774193552,8791.064451612903
2025,1,5,193.9751612903226,50.229032258064514,270.0400000000001,7967.130419354838
2025,1,6,179.8906451612903,57.79354838709677,269.6435483870968,8426.475032258064
2025,1,7,136.92000000000002,84.80000000000001,256.2,9637.96964516129
2025,1,8,135.30161290322576,78.55806451612904,206.45967741935485,8418.091161290322
2025,1,9,94.3793548387097,104.07096774193549,163.3745161290323,9723.601258064515
2025,1,10,88.51903225806448,114.46451612903226,145.49741935483868,9685.555806451612
2025,1,11,88.65516129032258,112.40322580645162,142.68451612903223,9537.205870967742
2025,1,12,88.05548387096775,111.08709677419354,140.7112903225806,9263.442064516128
2025,1,13,87.4916129032258,110.89354838709677,140.74387096774186,9125.26606451613
2025,1,14,92.89903225806452,109.34193548387098,155.46548387096772,9821.615967741936
2025,1,15,102.77225806451614,107.31935483870969,178.07580645161292,10628.986838709678
2025,1,16,111.87387096774194,104.26774193548388,221.46870967741938,11155.501548387098
2025,1,17,263.378064516129,63.65806451612903,306.74322580645156,13756.680999999999
2025,1,18,324.3741935483871,62.696774193548386,326.101935483871,19114.688000000002
2025,1,19,328.481935483871,50.08387096774193,330.1835483870968,15587.293806451617
2025,1,20,310.1087096774193,38.48064516129032,322.2977419354839,11312.05641935484
2025,1,21,236.1148387096774,30.496774193548386,242.0858064516129,5352.042774193548
2025,1,22,110.50000000000003,88.65806451612903,163.90741935483877,7876.52264516129
2025,1,23,104.74000000000002,90.41612903225807,161.96677419354836,7354.514193548387
