{"data":[{"AreaShortName":"ZAMN","AreaPrice":108.5,"AreaColor":null},{"AreaShortName":"ZAMM","AreaPrice":108.5,"AreaColor":null},{"AreaShortName":"ANG","AreaPrice":0,"AreaColor":null},{"AreaShortName":"BOT","AreaPrice":15.9,"AreaColor":null},{"AreaShortName":"DRC","AreaPrice":108.5,"AreaColor":null},{"AreaShortName":"LES","AreaPrice":15.9,"AreaColor":null},{"AreaShortName":"MAL","AreaPrice":0,"AreaColor":null},{"AreaShortName":"MOZS","AreaPrice":15.9,"AreaColor":null},{"AreaShortName":"NAM","AreaPrice":15.9,"AreaColor":null},{"AreaShortName":"RSAN","AreaPrice":15.9,"AreaColor":null},{"AreaShortName":"RSAS","AreaPrice":15.9,"AreaColor":null},{"AreaShortName":"TAN","AreaPrice":0,"AreaColor":null},{"AreaShortName":"ZAMZ","AreaPrice":108.5,"AreaColor":null},{"AreaShortName":"ZIM","AreaPrice":108.5,"AreaColor":null},{"AreaShortName":"ZIMA","AreaPrice":108.5,"AreaColor":null},{"AreaShortName":"ZAMC","AreaPrice":108.5,"AreaColor":null},{"AreaShortName":"MOZN_EDM","AreaPrice":108.5,"AreaColor":null},{"AreaShortName":"MOZN_HCB","AreaPrice":108.5,"AreaColor":null},{"AreaShortName":"MOZC_EDM","AreaPrice":108.5,"AreaColor":null},{"AreaShortName":"ESW","AreaPrice":15.9,"AreaColor":null},{"AreaShortName":"ZAML","AreaPrice":108.5,"AreaColor":null}],"success":true,"error":"","avgPRZAR":1160.08,"avgPRUSD":59.88,"dateToday":"2023/05/06","currenrPrice":59.88,"matchVolume":0,"tradeVolume":0,"rate":0,"mapColors":[{"ColorName":"Red","RGB1":"rgb(168,70,91)","RGB2":"rgb(89,0,19)","AreaName":"ZAMN"},{"ColorName":"Red","RGB1":"rgb(168,70,91)","RGB2":"rgb(89,0,19)","AreaName":"ZAMM"},{"ColorName":"Red","RGB1":"rgb(168,70,91)","RGB2":"rgb(89,0,19)","AreaName":"DRC"},{"ColorName":"Red","RGB1":"rgb(168,70,91)","RGB2":"rgb(89,0,19)","AreaName":"ZAMZ"},{"ColorName":"Red","RGB1":"rgb(168,70,91)","RGB2":"rgb(89,0,19)","AreaName":"ZIM"},{"ColorName":"Red","RGB1":"rgb(168,70,91)","RGB2":"rgb(89,0,19)","AreaName":"ZIMA"},{"ColorName":"Red","RGB1":"rgb(168,70,91)","RGB2":"rgb(89,0,19)","AreaName":"ZAMC"},{"ColorName":"Red","RGB1":"rgb(168,70,91)","RGB2":"rgb(89,0,19)","AreaName":"MOZN_EDM"},{"ColorName":"Red","RGB1":"rgb(168,70,91)","RGB2":"rgb(89,0,19)","AreaName":"MOZN_HCB"},{"ColorName":"Red","RGB1":"rgb(168,70,91)","RGB2":"rgb(89,0,19)","AreaName":"MOZC_EDM"},{"ColorName":"Red","RGB1":"rgb(168,70,91)","RGB2":"rgb(89,0,19)","AreaName":"ZAML"},{"ColorName":"Yellow","RGB1":"rgb(249,198,103)","RGB2":"rgb(249,116,0)","AreaName":"ANG"},{"ColorName":"Yellow","RGB1":"rgb(249,198,103)","RGB2":"rgb(249,116,0)","AreaName":"MAL"},{"ColorName":"Yellow","RGB1":"rgb(249,198,103)","RGB2":"rgb(249,116,0)","AreaName":"TAN"},{"ColorName":"Green","RGB1":"rgb(186,221,95)","RGB2":"rgb(57,130,53)","AreaName":"BOT"},{"ColorName":"Green","RGB1":"rgb(186,221,95)","RGB2":"rgb(57,130,53)","AreaName":"LES"},{"ColorName":"Green","RGB1":"rgb(186,221,95)","RGB2":"rgb(57,130,53)","AreaName":"MOZS"},{"ColorName":"Green","RGB1":"rgb(186,221,95)","RGB2":"rgb(57,130,53)","AreaName":"NAM"},{"ColorName":"Green","RGB1":"rgb(186,221,95)","RGB2":"rgb(57,130,53)","AreaName":"RSAN"},{"ColorName":"Green","RGB1":"rgb(186,221,95)","RGB2":"rgb(57,130,53)","AreaName":"RSAS"},{"ColorName":"Green","RGB1":"rgb(186,221,95)","RGB2":"rgb(57,130,53)","AreaName":"ESW"}],"excelData":[["Area Name","Price"],["ZAMN",108.5],["ZAMM",108.5],["ANG",0],["BOT",15.9],["DRC",108.5],["LES",15.9],["MAL",0],["MOZS",15.9],["NAM",15.9],["RSAN",15.9],["RSAS",15.9],["TAN",0],["ZAMZ",108.5],["ZIM",108.5],["ZIMA",108.5],["ZAMC",108.5],["MOZN_EDM",108.5],["MOZN_HCB",108.5],["MOZC_EDM",108.5],["ESW",15.9],["ZAML",108.5]]}