{"data":[{"AreaShortName":"ZAMN","AreaPrice":117,"AreaColor":null},{"AreaShortName":"ZAMM","AreaPrice":117,"AreaColor":null},{"AreaShortName":"ANG","AreaPrice":0,"AreaColor":null},{"AreaShortName":"BOT","AreaPrice":15.99,"AreaColor":null},{"AreaShortName":"DRC","AreaPrice":117,"AreaColor":null},{"AreaShortName":"LES","AreaPrice":15.99,"AreaColor":null},{"AreaShortName":"MAL","AreaPrice":0,"AreaColor":null},{"AreaShortName":"MOZS","AreaPrice":15.99,"AreaColor":null},{"AreaShortName":"NAM","AreaPrice":15.99,"AreaColor":null},{"AreaShortName":"RSAN","AreaPrice":15.99,"AreaColor":null},{"AreaShortName":"RSAS","AreaPrice":15.99,"AreaColor":null},{"AreaShortName":"TAN","AreaPrice":0,"AreaColor":null},{"AreaShortName":"ZAMZ","AreaPrice":117,"AreaColor":null},{"AreaShortName":"ZIM","AreaPrice":117,"AreaColor":null},{"AreaShortName":"ZIMA","AreaPrice":117,"AreaColor":null},{"AreaShortName":"ZAMC","AreaPrice":117,"AreaColor":null},{"AreaShortName":"MOZN_EDM","AreaPrice":117,"AreaColor":null},{"AreaShortName":"MOZN_HCB","AreaPrice":117,"AreaColor":null},{"AreaShortName":"MOZC_EDM","AreaPrice":117,"AreaColor":null},{"AreaShortName":"ESW","AreaPrice":15.99,"AreaColor":null},{"AreaShortName":"ZAML","AreaPrice":117,"AreaColor":null}],"success":true,"error":"","avgPRZAR":1160.08,"avgPRUSD":59.88,"dateToday":"2023/05/06","currenrPrice":59.88,"matchVolume":0,"tradeVolume":0,"rate":0,"mapColors":[{"ColorName":"Red","RGB1":"rgb(168,70,91)","RGB2":"rgb(89,0,19)","AreaName":"ZAMN"},{"ColorName":"Red","RGB1":"rgb(168,70,91)","RGB2":"rgb(89,0,19)","AreaName":"ZAMM"},{"ColorName":"Red","RGB1":"rgb(168,70,91)","RGB2":"rgb(89,0,19)","AreaName":"DRC"},{"ColorName":"Red","RGB1":"rgb(168,70,91)","RGB2":"rgb(89,0,19)","AreaName":"ZAMZ"},{"ColorName":"Red","RGB1":"rgb(168,70,91)","RGB2":"rgb(89,0,19)","AreaName":"ZIM"},{"ColorName":"Red","RGB1":"rgb(168,70,91)","RGB2":"rgb(89,0,19)","AreaName":"ZIMA"},{"ColorName":"Red","RGB1":"rgb(168,70,91)","RGB2":"rgb(89,0,19)","AreaName":"ZAMC"},{"ColorName":"Red","RGB1":"rgb(168,70,91)","RGB2":"rgb(89,0,19)","AreaName":"MOZN_EDM"},{"ColorName":"Red","RGB1":"rgb(168,70,91)","RGB2":"rgb(89,0,19)","AreaName":"MOZN_HCB"},{"ColorName":"Red","RGB1":"rgb(168,70,91)","RGB2":"rgb(89,0,19)","AreaName":"MOZC_EDM"},{"ColorName":"Red","RGB1":"rgb(168,70,91)","RGB2":"rgb(89,0,19)","AreaName":"ZAML"},{"ColorName":"Yellow","RGB1":"rgb(249,198,103)","RGB2":"rgb(249,116,0)","AreaName":"ANG"},{"ColorName":"Yellow","RGB1":"rgb(249,198,103)","RGB2":"rgb(249,116,0)","AreaName":"MAL"},{"ColorName":"Yellow","RGB1":"rgb(249,198,103)","RGB2":"rgb(249,116,0)","AreaName":"TAN"},{"ColorName":"Green","RGB1":"rgb(186,221,95)","RGB2":"rgb(57,130,53)","AreaName":"BOT"},{"ColorName":"Green","RGB1":"rgb(186,221,95)","RGB2":"rgb(57,130,53)","AreaName":"LES"},{"ColorName":"Green","RGB1":"rgb(186,221,95)","RGB2":"rgb(57,130,53)","AreaName":"MOZS"},{"ColorName":"Green","RGB1":"rgb(186,221,95)","RGB2":"rgb(57,130,53)","AreaName":"NAM"},{"ColorName":"Green","RGB1":"rgb(186,221,95)","RGB2":"rgb(57,130,53)","AreaName":"RSAN"},{"ColorName":"Green","RGB1":"rgb(186,221,95)","RGB2":"rgb(57,130,53)","AreaName":"RSAS"},{"ColorName":"Green","RGB1":"rgb(186,221,95)","RGB2":"rgb(57,130,53)","AreaName":"ESW"}],"excelData":[["Area Name","Price"],["ZAMN",117],["ZAMM",117],["ANG",0],["BOT",15.99],["DRC",117],["LES",15.99],["MAL",0],["MOZS",15.99],["NAM",15.99],["RSAN",15.99],["RSAS",15.99],["TAN",0],["ZAMZ",117],["ZIM",117],["ZIMA",117],["ZAMC",117],["MOZN_EDM",117],["MOZN_HCB",117],["MOZC_EDM",117],["ESW",15.99],["ZAML",117]]}