{"data":[{"AreaShortName":"ZAMN","AreaPrice":205.5,"AreaColor":null},{"AreaShortName":"ZAMM","AreaPrice":205.5,"AreaColor":null},{"AreaShortName":"ANG","AreaPrice":0,"AreaColor":null},{"AreaShortName":"BOT","AreaPrice":205.5,"AreaColor":null},{"AreaShortName":"DRC","AreaPrice":205.5,"AreaColor":null},{"AreaShortName":"LES","AreaPrice":205.5,"AreaColor":null},{"AreaShortName":"MAL","AreaPrice":0,"AreaColor":null},{"AreaShortName":"MOZS","AreaPrice":205.5,"AreaColor":null},{"AreaShortName":"NAM","AreaPrice":205.5,"AreaColor":null},{"AreaShortName":"RSAN","AreaPrice":205.5,"AreaColor":null},{"AreaShortName":"RSAS","AreaPrice":205.5,"AreaColor":null},{"AreaShortName":"TAN","AreaPrice":0,"AreaColor":null},{"AreaShortName":"ZAMZ","AreaPrice":205.5,"AreaColor":null},{"AreaShortName":"ZIM","AreaPrice":205.5,"AreaColor":null},{"AreaShortName":"ZIMA","AreaPrice":205.5,"AreaColor":null},{"AreaShortName":"ZAMC","AreaPrice":205.5,"AreaColor":null},{"AreaShortName":"MOZN_EDM","AreaPrice":205.5,"AreaColor":null},{"AreaShortName":"MOZN_HCB","AreaPrice":205.5,"AreaColor":null},{"AreaShortName":"MOZC_EDM","AreaPrice":205.5,"AreaColor":null},{"AreaShortName":"ESW","AreaPrice":205.5,"AreaColor":null},{"AreaShortName":"ZAML","AreaPrice":205.5,"AreaColor":null}],"success":true,"error":"","avgPRZAR":1008.79,"avgPRUSD":49.89,"dateToday":"2023/05/17","currenrPrice":49.89,"matchVolume":0,"tradeVolume":0,"rate":0,"mapColors":[{"ColorName":"Red","RGB1":"rgb(168,70,91)","RGB2":"rgb(89,0,19)","AreaName":"ZAMN"},{"ColorName":"Red","RGB1":"rgb(168,70,91)","RGB2":"rgb(89,0,19)","AreaName":"ZAMM"},{"ColorName":"Red","RGB1":"rgb(168,70,91)","RGB2":"rgb(89,0,19)","AreaName":"BOT"},{"ColorName":"Red","RGB1":"rgb(168,70,91)","RGB2":"rgb(89,0,19)","AreaName":"DRC"},{"ColorName":"Red","RGB1":"rgb(168,70,91)","RGB2":"rgb(89,0,19)","AreaName":"LES"},{"ColorName":"Red","RGB1":"rgb(168,70,91)","RGB2":"rgb(89,0,19)","AreaName":"MOZS"},{"ColorName":"Red","RGB1":"rgb(168,70,91)","RGB2":"rgb(89,0,19)","AreaName":"NAM"},{"ColorName":"Red","RGB1":"rgb(168,70,91)","RGB2":"rgb(89,0,19)","AreaName":"RSAN"},{"ColorName":"Red","RGB1":"rgb(168,70,91)","RGB2":"rgb(89,0,19)","AreaName":"RSAS"},{"ColorName":"Red","RGB1":"rgb(168,70,91)","RGB2":"rgb(89,0,19)","AreaName":"ZAMZ"},{"ColorName":"Red","RGB1":"rgb(168,70,91)","RGB2":"rgb(89,0,19)","AreaName":"ZIM"},{"ColorName":"Red","RGB1":"rgb(168,70,91)","RGB2":"rgb(89,0,19)","AreaName":"ZIMA"},{"ColorName":"Red","RGB1":"rgb(168,70,91)","RGB2":"rgb(89,0,19)","AreaName":"ZAMC"},{"ColorName":"Red","RGB1":"rgb(168,70,91)","RGB2":"rgb(89,0,19)","AreaName":"MOZN_EDM"},{"ColorName":"Red","RGB1":"rgb(168,70,91)","RGB2":"rgb(89,0,19)","AreaName":"MOZN_HCB"},{"ColorName":"Red","RGB1":"rgb(168,70,91)","RGB2":"rgb(89,0,19)","AreaName":"MOZC_EDM"},{"ColorName":"Red","RGB1":"rgb(168,70,91)","RGB2":"rgb(89,0,19)","AreaName":"ESW"},{"ColorName":"Red","RGB1":"rgb(168,70,91)","RGB2":"rgb(89,0,19)","AreaName":"ZAML"},{"ColorName":"Yellow","RGB1":"rgb(249,198,103)","RGB2":"rgb(249,116,0)","AreaName":"ANG"},{"ColorName":"Yellow","RGB1":"rgb(249,198,103)","RGB2":"rgb(249,116,0)","AreaName":"MAL"},{"ColorName":"Yellow","RGB1":"rgb(249,198,103)","RGB2":"rgb(249,116,0)","AreaName":"TAN"}],"excelData":[["Area Name","Price"],["ZAMN",205.5],["ZAMM",205.5],["ANG",0],["BOT",205.5],["DRC",205.5],["LES",205.5],["MAL",0],["MOZS",205.5],["NAM",205.5],["RSAN",205.5],["RSAS",205.5],["TAN",0],["ZAMZ",205.5],["ZIM",205.5],["ZIMA",205.5],["ZAMC",205.5],["MOZN_EDM",205.5],["MOZN_HCB",205.5],["MOZC_EDM",205.5],["ESW",205.5],["ZAML",205.5]]}