{"data":[{"AreaShortName":"ZAMN","AreaPrice":101.71,"AreaColor":null},{"AreaShortName":"ZAMM","AreaPrice":101.71,"AreaColor":null},{"AreaShortName":"ANG","AreaPrice":0,"AreaColor":null},{"AreaShortName":"BOT","AreaPrice":101.71,"AreaColor":null},{"AreaShortName":"DRC","AreaPrice":101.71,"AreaColor":null},{"AreaShortName":"LES","AreaPrice":101.71,"AreaColor":null},{"AreaShortName":"MAL","AreaPrice":0,"AreaColor":null},{"AreaShortName":"MOZS","AreaPrice":101.71,"AreaColor":null},{"AreaShortName":"NAM","AreaPrice":101.71,"AreaColor":null},{"AreaShortName":"RSAN","AreaPrice":101.71,"AreaColor":null},{"AreaShortName":"RSAS","AreaPrice":101.71,"AreaColor":null},{"AreaShortName":"TAN","AreaPrice":0,"AreaColor":null},{"AreaShortName":"ZAMZ","AreaPrice":101.71,"AreaColor":null},{"AreaShortName":"ZIM","AreaPrice":101.71,"AreaColor":null},{"AreaShortName":"ZIMA","AreaPrice":101.71,"AreaColor":null},{"AreaShortName":"ZAMC","AreaPrice":101.71,"AreaColor":null},{"AreaShortName":"MOZN_EDM","AreaPrice":101.71,"AreaColor":null},{"AreaShortName":"MOZN_HCB","AreaPrice":101.71,"AreaColor":null},{"AreaShortName":"MOZC_EDM","AreaPrice":101.71,"AreaColor":null},{"AreaShortName":"ESW","AreaPrice":101.71,"AreaColor":null},{"AreaShortName":"ZAML","AreaPrice":101.71,"AreaColor":null}],"success":true,"error":"","avgPRZAR":1008.79,"avgPRUSD":49.89,"dateToday":"2023/05/17","currenrPrice":49.89,"matchVolume":0,"tradeVolume":0,"rate":0,"mapColors":[{"ColorName":"Red","RGB1":"rgb(168,70,91)","RGB2":"rgb(89,0,19)","AreaName":"ZAMN"},{"ColorName":"Red","RGB1":"rgb(168,70,91)","RGB2":"rgb(89,0,19)","AreaName":"ZAMM"},{"ColorName":"Red","RGB1":"rgb(168,70,91)","RGB2":"rgb(89,0,19)","AreaName":"BOT"},{"ColorName":"Red","RGB1":"rgb(168,70,91)","RGB2":"rgb(89,0,19)","AreaName":"DRC"},{"ColorName":"Red","RGB1":"rgb(168,70,91)","RGB2":"rgb(89,0,19)","AreaName":"LES"},{"ColorName":"Red","RGB1":"rgb(168,70,91)","RGB2":"rgb(89,0,19)","AreaName":"MOZS"},{"ColorName":"Red","RGB1":"rgb(168,70,91)","RGB2":"rgb(89,0,19)","AreaName":"NAM"},{"ColorName":"Red","RGB1":"rgb(168,70,91)","RGB2":"rgb(89,0,19)","AreaName":"RSAN"},{"ColorName":"Red","RGB1":"rgb(168,70,91)","RGB2":"rgb(89,0,19)","AreaName":"RSAS"},{"ColorName":"Red","RGB1":"rgb(168,70,91)","RGB2":"rgb(89,0,19)","AreaName":"ZAMZ"},{"ColorName":"Red","RGB1":"rgb(168,70,91)","RGB2":"rgb(89,0,19)","AreaName":"ZIM"},{"ColorName":"Red","RGB1":"rgb(168,70,91)","RGB2":"rgb(89,0,19)","AreaName":"ZIMA"},{"ColorName":"Red","RGB1":"rgb(168,70,91)","RGB2":"rgb(89,0,19)","AreaName":"ZAMC"},{"ColorName":"Red","RGB1":"rgb(168,70,91)","RGB2":"rgb(89,0,19)","AreaName":"MOZN_EDM"},{"ColorName":"Red","RGB1":"rgb(168,70,91)","RGB2":"rgb(89,0,19)","AreaName":"MOZN_HCB"},{"ColorName":"Red","RGB1":"rgb(168,70,91)","RGB2":"rgb(89,0,19)","AreaName":"MOZC_EDM"},{"ColorName":"Red","RGB1":"rgb(168,70,91)","RGB2":"rgb(89,0,19)","AreaName":"ESW"},{"ColorName":"Red","RGB1":"rgb(168,70,91)","RGB2":"rgb(89,0,19)","AreaName":"ZAML"},{"ColorName":"Yellow","RGB1":"rgb(249,198,103)","RGB2":"rgb(249,116,0)","AreaName":"ANG"},{"ColorName":"Yellow","RGB1":"rgb(249,198,103)","RGB2":"rgb(249,116,0)","AreaName":"MAL"},{"ColorName":"Yellow","RGB1":"rgb(249,198,103)","RGB2":"rgb(249,116,0)","AreaName":"TAN"}],"excelData":[["Area Name","Price"],["ZAMN",101.71],["ZAMM",101.71],["ANG",0],["BOT",101.71],["DRC",101.71],["LES",101.71],["MAL",0],["MOZS",101.71],["NAM",101.71],["RSAN",101.71],["RSAS",101.71],["TAN",0],["ZAMZ",101.71],["ZIM",101.71],["ZIMA",101.71],["ZAMC",101.71],["MOZN_EDM",101.71],["MOZN_HCB",101.71],["MOZC_EDM",101.71],["ESW",101.71],["ZAML",101.71]]}