date,hour,zamg,price,volume
01/07/2024,1,119.44,119.44,157.3
01/07/2024,2,119.41,119.41,155.5
01/07/2024,3,119.4,119.4,155.7
01/07/2024,4,119.49,119.49,155.7
01/07/2024,5,119.8,119.8,155.7
01/07/2024,6,240.02,240.02,162.4
01/07/2024,7,264.95,264.95,164
01/07/2024,8,271.88,271.88,161
01/07/2024,9,297.1,297.1,158
01/07/2024,10,255.06,255.06,154
01/07/2024,11,164.93,164.93,157
01/07/2024,12,164.93,164.93,163
01/07/2024,13,164.92,164.92,173
01/07/2024,14,164.93,164.93,170
01/07/2024,15,164.95,164.95,169
01/07/2024,16,164.95,164.95,170
01/07/2024,17,175,175,140
01/07/2024,18,301.38,301.38,74
01/07/2024,19,300.55,300.55,25
01/07/2024,20,255.09,255.09,15
01/07/2024,21,255.06,255.06,14
01/07/2024,22,164.99,164.99,14
01/07/2024,23,119.25,119.25,44
01/07/2024,24,119.13,119.13,84
02/07/2024,1,128.86,128.86,158.4
02/07/2024,2,128.86,128.86,160
02/07/2024,3,131.06,131.06,160
02/07/2024,4,131.06,131.06,160
02/07/2024,5,131.06,131.06,160
02/07/2024,6,240.09,240.09,159.2
02/07/2024,7,272.41,272.41,155
02/07/2024,8,305.28,305.28,161
02/07/2024,9,307.16,307.16,158
02/07/2024,10,240.09,240.09,155
02/07/2024,11,140.01,140.01,158
02/07/2024,12,140.01,140.01,160
02/07/2024,13,140.01,140.01,164
02/07/2024,14,135,135,162
02/07/2024,15,140.02,140.02,162
02/07/2024,16,140.05,140.05,165
02/07/2024,17,205.43,205.43,130
02/07/2024,18,271.65,271.65,63
02/07/2024,19,310.2,310.2,13
02/07/2024,20,308.7,308.7,13
02/07/2024,21,255.09,255.09,13
02/07/2024,22,150.02,150.02,13
02/07/2024,23,127.92,127.92,48
02/07/2024,24,127.13,127.13,98
03/07/2024,1,115.92,115.92,155
03/07/2024,2,115.91,115.91,191
03/07/2024,3,115.92,115.92,206
03/07/2024,4,115.92,115.92,239
03/07/2024,5,115.92,115.92,242
03/07/2024,6,140.06,140.06,233
03/07/2024,7,240.04,240.04,278
03/07/2024,8,240.03,240.03,304
03/07/2024,9,278.11,278.11,256
03/07/2024,10,240.02,240.02,255
03/07/2024,11,140.09,140.09,245
03/07/2024,12,140.09,140.09,224
03/07/2024,13,140.08,140.08,224
03/07/2024,14,140.1,140.1,224
03/07/2024,15,140.08,140.08,221
03/07/2024,16,146,146,222
03/07/2024,17,164.93,164.93,201
03/07/2024,18,279.92,279.92,227
03/07/2024,19,297.09,297.09,185
03/07/2024,20,255.09,255.09,95
03/07/2024,21,255.06,255.06,77
03/07/2024,22,150.08,150.08,132
03/07/2024,23,125.78,125.78,125
03/07/2024,24,120.65,120.65,134
04/07/2024,1,100.04,100.04,198.6
04/07/2024,2,100.03,100.03,240
04/07/2024,3,100.05,100.05,242
04/07/2024,4,100.07,100.07,239
04/07/2024,5,114.91,114.91,239
04/07/2024,6,150.05,150.05,205
04/07/2024,7,240.03,240.03,125
04/07/2024,8,240.03,240.03,126
04/07/2024,9,274.46,274.46,121
04/07/2024,10,164.91,164.91,122
04/07/2024,11,150.02,150.02,124
04/07/2024,12,150.01,150.01,128
04/07/2024,13,150.09,150.09,134
04/07/2024,14,163.14,163.14,135
04/07/2024,15,164.9,164.9,137
04/07/2024,16,164.93,164.93,138
04/07/2024,17,164.96,164.96,145
04/07/2024,18,279.94,279.94,147
04/07/2024,19,297.09,297.09,82.3
04/07/2024,20,255.1,255.1,53
04/07/2024,21,255.06,255.06,50
04/07/2024,22,150.03,150.03,95
04/07/2024,23,114.93,114.93,90
04/07/2024,24,100.09,100.09,122
05/07/2024,1,99.91,99.91,164
05/07/2024,2,99.91,99.91,164
05/07/2024,3,99.91,99.91,164
05/07/2024,4,99.91,99.91,164
05/07/2024,5,99.95,99.95,164
05/07/2024,6,103.8,103.8,164
05/07/2024,7,240.04,240.04,140
05/07/2024,8,240.03,240.03,244
05/07/2024,9,275.01,275.01,260
05/07/2024,10,149.94,149.94,267
05/07/2024,11,140.1,140.1,267
05/07/2024,12,140.1,140.1,237
05/07/2024,13,145.89,145.89,247
05/07/2024,14,146.41,146.41,248
05/07/2024,15,149.92,149.92,251
05/07/2024,16,149.94,149.94,255
05/07/2024,17,149.95,149.95,259
05/07/2024,18,275.09,275.09,353
05/07/2024,19,297.09,297.09,244.1
05/07/2024,20,283.2,283.2,80
05/07/2024,21,255.06,255.06,165
05/07/2024,22,149.91,149.91,228.8
05/07/2024,23,99.88,99.88,128
05/07/2024,24,99.88,99.88,128
06/07/2024,1,75.06,75.06,203.6
06/07/2024,2,75.06,75.06,235
06/07/2024,3,75.05,75.05,240
06/07/2024,4,75.05,75.05,239
06/07/2024,5,75.07,75.07,239
06/07/2024,6,75.1,75.1,235
06/07/2024,7,98.99,98.99,129
06/07/2024,8,98.98,98.98,128
06/07/2024,9,99.98,99.98,129
06/07/2024,10,103.6,103.6,132
06/07/2024,11,125,125,137
06/07/2024,12,125,125,142
06/07/2024,13,98.99,98.99,141
06/07/2024,14,98.99,98.99,136
06/07/2024,15,98.99,98.99,136
06/07/2024,16,99,99,140
06/07/2024,17,103.6,99.01,142
06/07/2024,18,311.14,311.14,84
06/07/2024,19,311.4,311.4,82.3
06/07/2024,20,311.4,311.4,54
06/07/2024,21,194.56,194.56,54
06/07/2024,22,150.02,150.02,64
06/07/2024,23,75.09,75.09,74
06/07/2024,24,75.04,75.04,115
07/07/2024,1,75.06,75.06,130
07/07/2024,2,75.05,75.05,150
07/07/2024,3,75.04,75.04,165
07/07/2024,4,75.05,75.05,165
07/07/2024,5,75.05,75.05,230
07/07/2024,6,75.06,75.06,201
07/07/2024,7,100.9,100.9,131
07/07/2024,8,105.25,105.25,137
07/07/2024,9,104.46,104.46,185
07/07/2024,10,110.22,110.22,181
07/07/2024,11,108.04,108.04,183
07/07/2024,12,110.53,110.53,181
07/07/2024,13,107.11,107.11,189
07/07/2024,14,107.42,107.42,179
07/07/2024,15,107.11,107.11,163
07/07/2024,16,110.84,110.84,155
07/07/2024,17,120.02,120.02,145
07/07/2024,18,144.61,144.61,158
07/07/2024,19,311.41,311.41,140
07/07/2024,20,311.41,311.41,112
07/07/2024,21,187.39,187.39,77
07/07/2024,22,110.84,110.84,97
07/07/2024,23,100.08,100.08,45
07/07/2024,24,75.04,75.04,110
08/07/2024,1,99.07,99.07,159
08/07/2024,2,99.06,99.06,159
08/07/2024,3,99.05,99.05,159
08/07/2024,4,99.07,99.07,159
08/07/2024,5,99.99,99.99,159
08/07/2024,6,100.02,100.02,159
08/07/2024,7,240.06,240.06,137.3
08/07/2024,8,240.04,240.04,150
08/07/2024,9,275,275,147
08/07/2024,10,149.94,149.94,143
08/07/2024,11,200.94,147.5,139
08/07/2024,12,147,147,137
08/07/2024,13,150.03,150.03,135
08/07/2024,14,149.92,149.92,134
08/07/2024,15,149.93,149.93,138
08/07/2024,16,149.97,149.97,140
08/07/2024,17,225.09,225.09,133
08/07/2024,18,275.08,275.08,125
08/07/2024,19,297.09,297.09,92
08/07/2024,20,281.4,281.4,47
08/07/2024,21,255.07,255.07,15
08/07/2024,22,200.96,200.96,25
08/07/2024,23,106.18,106.18,75
08/07/2024,24,99.07,99.07,120
09/07/2024,1,105.02,100.74,139
09/07/2024,2,105.02,99.42,144
09/07/2024,3,105.03,99.34,144
09/07/2024,4,105.02,99.58,144
09/07/2024,5,104.75,101.05,144
09/07/2024,6,105.05,104.95,139
09/07/2024,7,239.98,239.98,121
09/07/2024,8,239.95,239.95,132
09/07/2024,9,239.92,239.92,136
09/07/2024,10,150.09,150.09,134
09/07/2024,11,150.09,150.04,128
09/07/2024,12,150.07,150.01,125
09/07/2024,13,150.07,150.03,134
09/07/2024,14,150.08,150,131
09/07/2024,15,150.06,149.91,132
09/07/2024,16,160.05,149.95,133
09/07/2024,17,170.05,170.05,143
09/07/2024,18,249.95,249.95,160
09/07/2024,19,310.45,310.45,102
09/07/2024,20,284.5,284.5,102
09/07/2024,21,181,181,90
09/07/2024,22,102.25,102.25,75
09/07/2024,23,105.04,105.04,110
09/07/2024,24,102.25,99.96,115
10/07/2024,1,104,100.69,242
10/07/2024,2,104,100.37,242
10/07/2024,3,103.4,99.1,184
10/07/2024,4,100.53,100.53,184
10/07/2024,5,102.32,102.32,242
10/07/2024,6,129.98,129.98,242
10/07/2024,7,276.22,276.22,120
10/07/2024,8,273.37,273.37,117
10/07/2024,9,271.22,271.22,115
10/07/2024,10,170.07,170.07,115
10/07/2024,11,150.07,150.07,105
10/07/2024,12,149.98,149.98,101
10/07/2024,13,150.01,150.01,111
10/07/2024,14,149.96,149.96,112
10/07/2024,15,150.05,150.03,115
10/07/2024,16,150.04,150.04,119
10/07/2024,17,170.05,170.05,124
10/07/2024,18,310.82,310.82,128
10/07/2024,19,304.25,304.25,101
10/07/2024,20,304.25,304.25,79
10/07/2024,21,216.34,216.34,79
10/07/2024,22,108,108,101
10/07/2024,23,105.07,105.07,109
10/07/2024,24,101.51,101.51,109
11/07/2024,1,100.59,100.59,234
11/07/2024,2,100.59,100.59,234
11/07/2024,3,102.6,100.59,234
11/07/2024,4,100.59,100.59,234
11/07/2024,5,100.61,100.61,295
11/07/2024,6,100.6,100.6,213
11/07/2024,7,240.06,240.06,223
11/07/2024,8,274.91,274.91,200
11/07/2024,9,274.31,274.31,170
11/07/2024,10,183,183,140
11/07/2024,11,150.33,150.33,188
11/07/2024,12,150.06,150.06,203
11/07/2024,13,150.08,150.08,193
11/07/2024,14,150.07,150.07,193
11/07/2024,15,150.05,150.05,183
11/07/2024,16,150.04,150.04,163
11/07/2024,17,170.04,170.04,143
11/07/2024,18,310.82,310.82,85
11/07/2024,19,304.75,304.75,95
11/07/2024,20,304.75,304.75,90
11/07/2024,21,240.08,240.08,70
11/07/2024,22,150.02,150.02,76
11/07/2024,23,100.61,100.61,114
11/07/2024,24,100.6,100.6,103
12/07/2024,1,99.04,99.04,241
12/07/2024,2,99.04,99.04,251
12/07/2024,3,99.03,99.03,261
12/07/2024,4,99.03,99.03,256
12/07/2024,5,99.05,99.05,241
12/07/2024,6,108.56,108.56,160
12/07/2024,7,310.08,310.08,184
12/07/2024,8,310.2,310.2,245
12/07/2024,9,310.2,310.2,200
12/07/2024,10,259.96,259.96,120
12/07/2024,11,121,121,169
12/07/2024,12,120.09,120.09,174
12/07/2024,13,120.07,120.07,154
12/07/2024,14,120.07,120.07,154
12/07/2024,15,120.07,120.07,154
12/07/2024,16,120.07,120.07,119
12/07/2024,17,121,121,65
12/07/2024,18,311.3,311.3,90
12/07/2024,19,311.44,311.44,45
12/07/2024,20,311.44,311.44,50
12/07/2024,21,240.07,240.07,50
12/07/2024,22,99.09,99.09,40
12/07/2024,23,99.03,99.03,90
12/07/2024,24,99.02,99.02,166
13/07/2024,1,102.47,102.47,191
13/07/2024,2,102.4,100.58,240
13/07/2024,3,80.08,80.08,250
13/07/2024,4,70.1,70.1,260
13/07/2024,5,98.89,98.89,240
13/07/2024,6,70.01,70.01,165
13/07/2024,7,70.02,70.02,145
13/07/2024,8,102.2,102.2,220
13/07/2024,9,120.05,120.05,190
13/07/2024,10,123.05,123.05,135
13/07/2024,11,154.84,154.84,170
13/07/2024,12,120.08,118.39,175
13/07/2024,13,170.03,116.71,170
13/07/2024,14,170.03,114.02,170
13/07/2024,15,170.04,110.32,155
13/07/2024,16,170.06,113.69,125
13/07/2024,17,255.9,153.06,65
13/07/2024,18,310.9,155.43,85
13/07/2024,19,175.21,175.21,55
13/07/2024,20,169.27,169.27,50
13/07/2024,21,105.95,105.95,50
13/07/2024,22,101.92,101.92,40
13/07/2024,23,105.07,105.07,90
13/07/2024,24,105,105,135
14/07/2024,1,102.4,100.91,215
14/07/2024,2,102.4,80.07,265
14/07/2024,3,80.07,70.09,261
14/07/2024,4,70.09,70.09,262
14/07/2024,5,80.04,80.04,260
14/07/2024,6,70.01,70.01,170
14/07/2024,7,79.95,79.95,150
14/07/2024,8,101.58,101.58,215
14/07/2024,9,106.96,106.96,200
14/07/2024,10,113.69,113.69,145
14/07/2024,11,120.02,120.02,160
14/07/2024,12,120.02,114.36,155
14/07/2024,13,120.04,105.62,130
14/07/2024,14,120.05,106.29,145
14/07/2024,15,120.06,105.28,155
14/07/2024,16,129.98,107.97,135
14/07/2024,17,170.05,150.04,37
14/07/2024,18,120.08,120.08,60
14/07/2024,19,163.38,163.38,80
14/07/2024,20,165.36,165.36,80
14/07/2024,21,104.73,104.73,82.5
14/07/2024,22,95.04,95.04,85
14/07/2024,23,105.05,105.05,90
14/07/2024,24,103.6,103.6,125
15/07/2024,1,102.6,99.1,165
15/07/2024,2,102.6,99.08,160
15/07/2024,3,99.07,99.07,158
15/07/2024,4,99.07,99.07,158
15/07/2024,5,100.91,100.91,166
15/07/2024,6,120.04,120.04,177
15/07/2024,7,179.98,179.98,227
15/07/2024,8,243.24,243.24,295
15/07/2024,9,243.28,243.28,230
15/07/2024,10,150.06,150.06,230
15/07/2024,11,170.04,156.26,230
15/07/2024,12,170.04,150.33,230
15/07/2024,13,170.04,150.06,181
15/07/2024,14,170.04,150.04,135
15/07/2024,15,170.04,150.03,179
15/07/2024,16,170.06,150.07,168
15/07/2024,17,170.1,170.04,120
15/07/2024,18,310.95,310.95,120
15/07/2024,19,312.57,312.57,55
15/07/2024,20,312.57,312.57,35
15/07/2024,21,210.08,210.08,38
15/07/2024,22,120.04,120.04,55
15/07/2024,23,105.03,105.03,109
15/07/2024,24,105,105,142
16/07/2024,1,99.1,99.1,162
16/07/2024,2,99.09,99.09,158
16/07/2024,3,99.08,99.08,159
16/07/2024,4,99.07,99.07,161
16/07/2024,5,99.07,99.07,166
16/07/2024,6,88.51,88.51,176
16/07/2024,7,140.03,140.03,159
16/07/2024,8,243.24,243.24,193
16/07/2024,9,243.27,243.27,211
16/07/2024,10,155.05,155.05,196
16/07/2024,11,150.03,150.03,165
16/07/2024,12,130.05,130.05,160
16/07/2024,13,120.09,120.09,165
16/07/2024,14,120.1,120.09,164
16/07/2024,15,120.08,120.08,162
16/07/2024,16,150.04,150.01,162
16/07/2024,17,155.02,155.01,176
16/07/2024,18,310.33,310.33,176
16/07/2024,19,311.44,311.44,85
16/07/2024,20,311.44,311.44,35
16/07/2024,21,206.2,206.2,38
16/07/2024,22,120.03,120.03,55
16/07/2024,23,105.05,105.05,84
16/07/2024,24,105.03,105.03,125
17/07/2024,1,99.09,99.09,235
17/07/2024,2,99.08,99.08,245
17/07/2024,3,99.07,99.07,263.4
17/07/2024,4,99.06,99.06,263.3
17/07/2024,5,102.34,102.34,263.4
17/07/2024,6,99.06,99.06,170
17/07/2024,7,243.23,243.23,150
17/07/2024,8,243.22,243.22,255
17/07/2024,9,243.21,243.21,216
17/07/2024,10,155.08,155.08,216
17/07/2024,11,150,144.19,216
17/07/2024,12,150.05,143.95,216
17/07/2024,13,144.99,141.56,195
17/07/2024,14,150.06,140.07,105
17/07/2024,15,150.07,140,145
17/07/2024,16,150.01,139.91,120
17/07/2024,17,150.09,150.04,80
17/07/2024,18,311.31,311.31,85
17/07/2024,19,311.46,311.46,80
17/07/2024,20,311.46,311.46,80
17/07/2024,21,220.3,220.3,82
17/07/2024,22,120.03,120.03,82
17/07/2024,23,105.01,105.01,87
17/07/2024,24,99.1,99.1,117
18/07/2024,1,99,99,250
18/07/2024,2,98.99,98.99,275
18/07/2024,3,98.99,98.99,311
18/07/2024,4,98.98,98.98,304
18/07/2024,5,103.09,103.09,280
18/07/2024,6,98.93,98.93,190
18/07/2024,7,292.63,292.63,160
18/07/2024,8,291.92,291.92,250
18/07/2024,9,279.25,279.25,244
18/07/2024,10,287.47,287.47,240
18/07/2024,11,163.18,163.18,180
18/07/2024,12,155.08,155.08,170
18/07/2024,13,150.13,150.13,170
18/07/2024,14,150.08,150.08,120
18/07/2024,15,155,151.31,130
18/07/2024,16,150.03,150,110
18/07/2024,17,155.04,155.04,110
18/07/2024,18,312.81,312.81,120
18/07/2024,19,313.12,313.12,79
18/07/2024,20,313.12,313.12,80
18/07/2024,21,265.52,265.52,81
18/07/2024,22,98.92,98.92,81
18/07/2024,23,105.02,105.02,90
18/07/2024,24,103.09,103.09,150
19/07/2024,1,102.42,102.42,230
19/07/2024,2,101.05,101.05,280
19/07/2024,3,99.99,99.99,290
19/07/2024,4,103.7,103.7,285
19/07/2024,5,105.03,105.03,255
19/07/2024,6,99.01,99.01,195
19/07/2024,7,287.34,287.34,175
19/07/2024,8,287.34,287.34,265
19/07/2024,9,286.06,286.06,255
19/07/2024,10,239.96,239.96,238
19/07/2024,11,161.58,161.58,215
19/07/2024,12,155.07,155.07,215
19/07/2024,13,150.93,150.93,210
19/07/2024,14,150.08,150.08,185
19/07/2024,15,150.09,150.09,175
19/07/2024,16,150.05,150.04,155
19/07/2024,17,150.09,150.09,135
19/07/2024,18,312.57,312.57,135
19/07/2024,19,313.12,313.12,80
19/07/2024,20,313.12,313.12,80
19/07/2024,21,267.03,267.03,83
19/07/2024,22,99.09,99.09,90
19/07/2024,23,105.04,105.04,75
19/07/2024,24,105.01,105.01,160
20/07/2024,1,105.01,105.01,235
20/07/2024,2,104.42,104.42,280
20/07/2024,3,103.87,103.87,290
20/07/2024,4,105.01,105.01,285
20/07/2024,5,105.01,105.01,255
20/07/2024,6,70.05,70.05,195
20/07/2024,7,70.04,70.04,175
20/07/2024,8,150.04,121,265
20/07/2024,9,150.3,150.3,265
20/07/2024,10,155.06,155.06,215
20/07/2024,11,155,155,205
20/07/2024,12,150.08,150.08,205
20/07/2024,13,150.03,112.39,180
20/07/2024,14,150.04,109.9,155
20/07/2024,15,150.09,107.77,165
20/07/2024,16,155.04,110.26,155
20/07/2024,17,253.13,119.84,135
20/07/2024,18,278,273.03,145
20/07/2024,19,291.11,291.11,85
20/07/2024,20,291.11,291.11,85
20/07/2024,21,150.07,150.07,83
20/07/2024,22,95.09,95.09,79
20/07/2024,23,105.05,105.05,79
20/07/2024,24,105.02,105.02,170
21/07/2024,1,105.01,105.01,281
21/07/2024,2,104.6,104.6,331
21/07/2024,3,102.96,102.96,330
21/07/2024,4,105.01,105.01,315
21/07/2024,5,105.01,104.42,283
21/07/2024,6,70.04,70.04,205
21/07/2024,7,70.05,70.05,175
21/07/2024,8,95.08,95.08,250
21/07/2024,9,106.71,106.71,265
21/07/2024,10,119.13,119.13,235
21/07/2024,11,115.23,115.23,225
21/07/2024,12,150.05,105.29,225
21/07/2024,13,155.02,107.06,200
21/07/2024,14,155,106.35,160.1
21/07/2024,15,155.01,106,150
21/07/2024,16,120.07,108.48,140
21/07/2024,17,155.05,118.06,110
21/07/2024,18,292,102.41,160
21/07/2024,19,242.58,242.58,105
21/07/2024,20,235.48,235.48,85
21/07/2024,21,118.98,118.98,86
21/07/2024,22,95.08,95.08,84
21/07/2024,23,105.06,105.06,84
21/07/2024,24,105.03,105.03,195
22/07/2024,1,105,105,204
22/07/2024,2,104.78,104.78,231
22/07/2024,3,104.24,104.24,230
22/07/2024,4,105.03,105.03,229
22/07/2024,5,105.09,105.09,233
22/07/2024,6,231.81,231.81,225
22/07/2024,7,304.05,304.05,181.2
22/07/2024,8,307.77,307.77,265
22/07/2024,9,289.83,289.83,269
22/07/2024,10,155.09,155.09,240
22/07/2024,11,150.05,150.05,230
22/07/2024,12,155.03,153.04,220
22/07/2024,13,155.01,150.03,170
22/07/2024,14,155.01,150.02,180
22/07/2024,15,155.04,150.05,201
22/07/2024,16,155.02,150.01,135
22/07/2024,17,155.05,155.03,116
22/07/2024,18,313.68,313.68,95
22/07/2024,19,314.23,314.23,65
22/07/2024,20,314.23,314.23,65
22/07/2024,21,260.69,260.69,35
22/07/2024,22,126,126,81
22/07/2024,23,105.06,105.06,92
22/07/2024,24,105.02,105.02,202
23/07/2024,1,105.07,105.07,185
23/07/2024,2,105.07,105.07,115
23/07/2024,3,105.06,105.06,121
23/07/2024,4,105.08,105.08,131
23/07/2024,5,134.11,134.11,146
23/07/2024,6,215.33,215.33,151
23/07/2024,7,299.8,299.8,159
23/07/2024,8,310.08,310.08,185
23/07/2024,9,310.08,310.08,203
23/07/2024,10,280.75,280.75,208
23/07/2024,11,231.81,231.81,162
23/07/2024,12,231.48,231.48,155
23/07/2024,13,230.36,230.36,150
23/07/2024,14,231.08,231.08,149
23/07/2024,15,230.14,230.14,137
23/07/2024,16,258.87,258.87,122
23/07/2024,17,259.41,259.41,190
23/07/2024,18,310.83,310.83,140
23/07/2024,19,313.92,313.92,75
23/07/2024,20,313.92,313.92,35
23/07/2024,21,269.04,269.04,38
23/07/2024,22,266.18,266.18,55
23/07/2024,23,255.14,255.14,82
23/07/2024,24,105.07,105.07,97
24/07/2024,1,99.03,99.03,210
24/07/2024,2,99.03,99.03,230
24/07/2024,3,99.03,99.03,258
24/07/2024,4,99.03,99.03,278
24/07/2024,5,99.08,99.08,238
24/07/2024,6,117.06,117.06,105
24/07/2024,7,298.14,298.14,165
24/07/2024,8,298.14,298.14,220
24/07/2024,9,296.67,296.67,190
24/07/2024,10,140,140,190
24/07/2024,11,208.06,208.06,165
24/07/2024,12,206.97,206.97,150
24/07/2024,13,206.42,206.42,140
24/07/2024,14,206.69,206.69,110
24/07/2024,15,210.52,210.52,120
24/07/2024,16,211.34,211.34,100
24/07/2024,17,258.97,258.97,85
24/07/2024,18,310.79,310.79,121
24/07/2024,19,314.15,314.15,95
24/07/2024,20,314.15,314.15,80
24/07/2024,21,278.3,278.3,83
24/07/2024,22,267.38,267.38,80
24/07/2024,23,99.49,99.49,59.7
24/07/2024,24,99.02,99.02,145
25/07/2024,1,91.15,91.15,245
25/07/2024,2,91.15,91.15,280
25/07/2024,3,91.21,91.21,305
25/07/2024,4,91.21,91.21,300
25/07/2024,5,91.53,91.53,280
25/07/2024,6,213.42,213.42,105
25/07/2024,7,295.57,295.57,165
25/07/2024,8,299.68,299.68,240
25/07/2024,9,299.68,299.68,205
25/07/2024,10,281.6,281.6,225
25/07/2024,11,209.34,209.34,225
25/07/2024,12,176.4,176.4,210
25/07/2024,13,174.4,174.4,200
25/07/2024,14,164.99,164.99,165
25/07/2024,15,174.4,174.4,170
25/07/2024,16,210.5,210.5,175
25/07/2024,17,230.9,230.9,125
25/07/2024,18,310.92,310.92,126
25/07/2024,19,313.65,313.65,70
25/07/2024,20,313.65,313.65,40
25/07/2024,21,271.55,271.55,43
25/07/2024,22,222.74,222.74,75
25/07/2024,23,91.23,91.23,60
25/07/2024,24,91.23,91.23,135
26/07/2024,1,105.02,105.02,250
26/07/2024,2,105.02,105.02,255
26/07/2024,3,105.03,105.03,270
26/07/2024,4,105.05,105.05,270
26/07/2024,5,105.05,105.05,235
26/07/2024,6,105.08,105.08,115
26/07/2024,7,291.06,291.06,165
26/07/2024,8,294.75,294.75,190
26/07/2024,9,294.59,294.59,200
26/07/2024,10,280.2,280.2,180
26/07/2024,11,157.24,157.24,180
26/07/2024,12,154.1,154.1,170
26/07/2024,13,154.1,154.1,160
26/07/2024,14,154.89,154.89,130
26/07/2024,15,156.85,156.85,160
26/07/2024,16,160.28,160.28,120
26/07/2024,17,265.06,265.06,83
26/07/2024,18,310.52,310.52,96
26/07/2024,19,313.52,313.52,70
26/07/2024,20,313.9,313.9,62
26/07/2024,21,243.53,243.53,60
26/07/2024,22,217.75,217.75,67
26/07/2024,23,105.08,105.08,55
26/07/2024,24,105.05,105.05,115
27/07/2024,1,103.67,103.67,160
27/07/2024,2,102.33,102.33,175
27/07/2024,3,101.08,101.08,185
27/07/2024,4,101.08,101.08,190
27/07/2024,5,103.97,103.97,150
27/07/2024,6,101.08,101.08,25
27/07/2024,7,105.06,104.12,85
27/07/2024,8,95.08,95.08,96
27/07/2024,9,95.08,95.08,90
27/07/2024,10,99.93,99.93,80
27/07/2024,11,95.08,95.08,80
27/07/2024,12,95.06,95.06,85
27/07/2024,13,105.04,105.04,87
27/07/2024,14,105.04,103.04,80
27/07/2024,15,105.04,100.83,65
27/07/2024,16,105.05,104.03,60
27/07/2024,17,105.06,105.02,15
27/07/2024,18,105.1,105.07,25
27/07/2024,19,310.06,310.06,20
27/07/2024,20,303.88,303.88,30
27/07/2024,21,108.21,108.21,20
27/07/2024,22,105.04,105.04,74.3
27/07/2024,23,105.03,105.03,87
27/07/2024,24,103.67,103.67,97
28/07/2024,1,101.81,101.81,160
28/07/2024,2,98.62,98.62,175
28/07/2024,3,95.92,95.92,185
28/07/2024,4,97.14,97.14,190
28/07/2024,5,98.87,98.87,140
28/07/2024,6,105.05,99.91,45
28/07/2024,7,105.08,99.36,85
28/07/2024,8,95.02,95.02,106
28/07/2024,9,95.04,95.04,110
28/07/2024,10,95.07,95.07,120
28/07/2024,11,95.05,95.05,110
28/07/2024,12,95.02,95.02,115
28/07/2024,13,105.08,103.54,103
28/07/2024,14,105.07,103.29,104
28/07/2024,15,105.08,103.29,107.3
28/07/2024,16,105.03,104.71,94
28/07/2024,17,105.06,105.02,73
28/07/2024,18,129.94,129.93,110
28/07/2024,19,178.3,178.3,40.5
28/07/2024,20,172.52,172.52,40.2
28/07/2024,21,112.63,112.63,25
28/07/2024,22,105.06,105.06,42
28/07/2024,23,105.02,105.02,78
28/07/2024,24,102.78,102.78,104
29/07/2024,1,97.14,97.14,220
29/07/2024,2,95.09,95.09,245
29/07/2024,3,95.09,95.09,250
29/07/2024,4,97.39,97.39,245
29/07/2024,5,105.04,105.04,235
29/07/2024,6,115,115,221
29/07/2024,7,297.81,297.81,208
29/07/2024,8,287.27,287.27,230
29/07/2024,9,239.94,239.94,260
29/07/2024,10,120.06,120.06,260
29/07/2024,11,120.04,120.04,360
29/07/2024,12,120.05,120.05,359
29/07/2024,13,120.04,120.04,358
29/07/2024,14,120.04,120.04,367
29/07/2024,15,120.05,120.05,346
29/07/2024,16,120.07,120.07,336
29/07/2024,17,120.1,120.1,176
29/07/2024,18,310.49,310.49,145
29/07/2024,19,314.16,314.16,105.6
29/07/2024,20,314.24,314.24,65
29/07/2024,21,270.76,270.76,104
29/07/2024,22,102.38,102.38,114
29/07/2024,23,105.01,105.01,114
29/07/2024,24,105.01,105.01,165
30/07/2024,1,95.07,95.07,180
30/07/2024,2,95.06,95.06,210
30/07/2024,3,95.06,95.06,225
30/07/2024,4,95.07,95.07,205
30/07/2024,5,95.76,95.76,195
30/07/2024,6,99.99,99.99,148
30/07/2024,7,306.76,306.76,123
30/07/2024,8,310.21,310.21,155
30/07/2024,9,310.33,310.33,175
30/07/2024,10,100.05,100.05,200
30/07/2024,11,100.02,100.02,200
30/07/2024,12,100.01,100.01,200
30/07/2024,13,100.01,100.01,200
30/07/2024,14,100.01,100.01,200
30/07/2024,15,100.01,100.01,200
30/07/2024,16,100.02,100.02,180
30/07/2024,17,100.06,100.06,130
30/07/2024,18,311.31,311.31,142
30/07/2024,19,314.16,314.16,80
30/07/2024,20,314.16,314.16,80
30/07/2024,21,255.27,255.27,65
30/07/2024,22,95.06,95.06,106
30/07/2024,23,105.02,105.02,128
30/07/2024,24,95.08,95.08,170
31/07/2024,1,105.01,105.01,131
31/07/2024,2,105,105,150
31/07/2024,3,105,105,170
31/07/2024,4,105.01,105.01,210
31/07/2024,5,105.03,105.03,150
31/07/2024,6,112.74,112.74,95
31/07/2024,7,240.31,240.31,100
31/07/2024,8,249.95,249.95,80
31/07/2024,9,249.95,249.95,80
31/07/2024,10,297.54,297.54,99.5
31/07/2024,11,103.88,103.88,108
31/07/2024,12,95.07,95.07,91
31/07/2024,13,95.04,95.04,78
31/07/2024,14,95.02,95.02,73
31/07/2024,15,95.04,95.04,58
31/07/2024,16,95.08,95.08,58
31/07/2024,17,263.07,263.07,61
31/07/2024,18,313.81,313.81,65
31/07/2024,19,313.1,313.1,40.3
31/07/2024,20,313.1,313.1,40.3
31/07/2024,21,287.91,287.91,53.1
31/07/2024,22,104.63,104.63,106
31/07/2024,23,105.05,105.05,83.5
31/07/2024,24,105,105,106
01/08/2024,1,105.01,105.01,155
01/08/2024,2,105.01,105.01,170
01/08/2024,3,105.01,105.01,195
01/08/2024,4,105.02,105.02,200
01/08/2024,5,105.05,105.05,175
01/08/2024,6,117.5,117.5,100
01/08/2024,7,239.93,239.93,90
01/08/2024,8,239.95,239.95,150
01/08/2024,9,239.94,239.94,131
01/08/2024,10,281.62,281.62,145
01/08/2024,11,97.5,97.5,150
01/08/2024,12,95.82,95.82,150
01/08/2024,13,96.89,96.89,85
01/08/2024,14,95.33,95.33,85
01/08/2024,15,97.64,97.64,75
01/08/2024,16,116.82,116.82,53
01/08/2024,17,260.7,239.96,20
01/08/2024,18,308.59,308.59,40
01/08/2024,19,312.03,312.03,25
01/08/2024,20,312.03,312.03,10
01/08/2024,21,283.32,283.32,30
01/08/2024,22,225.26,225.26,60
01/08/2024,23,105.08,105.08,88.7
01/08/2024,24,105.06,105.06,106
02/08/2024,1,95.01,95.01,246.8
02/08/2024,2,95.01,95.01,245
02/08/2024,3,95.01,95.01,245
02/08/2024,4,95.01,95.01,245
02/08/2024,5,95.07,95.07,242
02/08/2024,6,155.39,155.39,125
02/08/2024,7,300.04,300.04,104
02/08/2024,8,299.9,299.9,125
02/08/2024,9,258,258,150
02/08/2024,10,292,292,150
02/08/2024,11,95.04,95.04,130
02/08/2024,12,90.86,90.86,130
02/08/2024,13,90.67,90.67,140
02/08/2024,14,91.33,91.33,125
02/08/2024,15,95,95,130
02/08/2024,16,95.03,95.03,120
02/08/2024,17,130.4,130.4,70
02/08/2024,18,312.03,312.03,110
02/08/2024,19,312.39,312.39,55
02/08/2024,20,312.39,312.39,67.5
02/08/2024,21,283.98,283.98,80
02/08/2024,22,95.09,95.09,99.8
02/08/2024,23,95.04,95.04,101
02/08/2024,24,95.02,95.02,161
03/08/2024,1,70.1,70.1,320
03/08/2024,2,70.08,70.08,335
03/08/2024,3,70.08,70.08,345
03/08/2024,4,70.08,70.08,299
03/08/2024,5,81.07,81.07,355
03/08/2024,6,70.09,70.09,115
03/08/2024,7,70.09,70.09,95
03/08/2024,8,70.09,70.09,105
03/08/2024,9,79.92,79.92,145
03/08/2024,10,84.99,79.96,145
03/08/2024,11,79.94,79.94,130
03/08/2024,12,79.95,79.95,130
03/08/2024,13,92.35,92.35,130
03/08/2024,14,70.1,70.1,130
03/08/2024,15,70.09,70.09,130
03/08/2024,16,79.96,79.96,122
03/08/2024,17,102.6,95.68,127
03/08/2024,18,119.98,100.88,115
03/08/2024,19,305.2,305.2,67.5
03/08/2024,20,305.2,305.2,50
03/08/2024,21,93.29,93.29,60
03/08/2024,22,60,60,85
03/08/2024,23,81.07,81.07,101
03/08/2024,24,92.67,92.67,300
04/08/2024,1,70.07,70.07,324
04/08/2024,2,70.06,70.06,324
04/08/2024,3,70.05,70.05,324
04/08/2024,4,70.05,70.05,324
04/08/2024,5,70.06,70.06,324
04/08/2024,6,70.06,70.06,115
04/08/2024,7,70.06,70.06,105
04/08/2024,8,70.09,70.09,130
04/08/2024,9,92.67,92.67,165
04/08/2024,10,94.54,94.54,165
04/08/2024,11,93.6,93.6,150
04/08/2024,12,92.67,92.67,150
04/08/2024,13,93.6,93.6,150
04/08/2024,14,94.33,94.33,150
04/08/2024,15,93.7,93.7,135
04/08/2024,16,95.16,95.16,125
04/08/2024,17,102.45,95.58,103
04/08/2024,18,119.98,100.36,91
04/08/2024,19,314.17,314.17,60
04/08/2024,20,314.17,314.17,30
04/08/2024,21,97.65,97.65,80
04/08/2024,22,81.07,81.07,101
04/08/2024,23,95.37,95.37,101
04/08/2024,24,92.15,92.15,235
05/08/2024,1,85.06,85.06,265
05/08/2024,2,85.05,85.05,289
05/08/2024,3,85.05,85.05,355
05/08/2024,4,85.06,85.06,368
05/08/2024,5,93.39,93.39,352
05/08/2024,6,98.49,98.49,274
05/08/2024,7,185.9,185.9,219
05/08/2024,8,244.09,244.09,144
05/08/2024,9,239.99,239.99,157
05/08/2024,10,239.92,239.92,160
05/08/2024,11,100,100,145
05/08/2024,12,90.33,90.33,141
05/08/2024,13,85.1,85.1,164
05/08/2024,14,85.09,85.09,184
05/08/2024,15,85.09,85.09,182
05/08/2024,16,102.9,92.5,157
05/08/2024,17,104.25,104.25,145
05/08/2024,18,312.75,312.75,106
05/08/2024,19,305.5,305.5,80
05/08/2024,20,305.5,305.5,80
05/08/2024,21,270.34,270.34,45
05/08/2024,22,102.75,102.75,65
05/08/2024,23,85.08,85.08,125
05/08/2024,24,94.95,94.95,225
06/08/2024,1,85.06,84.93,277
06/08/2024,2,85.06,84.93,307
06/08/2024,3,85.06,84.93,342
06/08/2024,4,85.06,84.93,304
06/08/2024,5,109.96,84.95,292
06/08/2024,6,223.05,92.39,261
06/08/2024,7,155.47,155.47,294
06/08/2024,8,155.47,155.47,319
06/08/2024,9,146.4,146.4,331
06/08/2024,10,127,127,330
06/08/2024,11,102.6,85.9,319
06/08/2024,12,100.06,85.4,382
06/08/2024,13,92.5,84.92,379
06/08/2024,14,162.5,84.92,231
06/08/2024,15,220.79,84.94,332
06/08/2024,16,251.25,84.94,330
06/08/2024,17,264,86.8,269
06/08/2024,18,299.95,299.95,214
06/08/2024,19,299.98,299.98,144
06/08/2024,20,299.99,299.99,55
06/08/2024,21,268.05,268.05,45
06/08/2024,22,95.03,95.03,45
06/08/2024,23,86.17,86.17,45
06/08/2024,24,84.92,84.92,178
07/08/2024,1,85.08,75.06,325
07/08/2024,2,85.08,75.05,325.5
07/08/2024,3,85.08,75.05,325.9
07/08/2024,4,85.08,75.06,323
07/08/2024,5,108.97,77.55,239
07/08/2024,6,101.5,87.47,139
07/08/2024,7,297.45,225,165
07/08/2024,8,300.24,237.63,215
07/08/2024,9,237.61,237.61,237
07/08/2024,10,302.73,133,240
07/08/2024,11,223.31,88.1,247
07/08/2024,12,225.53,87.9,233
07/08/2024,13,225.53,87.9,217
07/08/2024,14,230.79,86.3,203
07/08/2024,15,230.1,85.8,176
07/08/2024,16,258.52,87.6,158
07/08/2024,17,267.05,100.83,147
07/08/2024,18,310.22,310.22,126
07/08/2024,19,310.84,310.84,67.2
07/08/2024,20,311.78,311.78,65
07/08/2024,21,259.41,259.41,55
07/08/2024,22,105,105,70
07/08/2024,23,85.1,85.1,76
07/08/2024,24,75.08,75.08,151
08/08/2024,1,75.05,75.05,221
08/08/2024,2,75.05,75.05,225
08/08/2024,3,75.05,75.05,253
08/08/2024,4,75.06,75.06,248
08/08/2024,5,75.07,75.07,163
08/08/2024,6,89.61,89.61,73
08/08/2024,7,296.47,143.29,45
08/08/2024,8,280,138.4,90
08/08/2024,9,297.19,142.89,100
08/08/2024,10,237.78,237.78,100
08/08/2024,11,120,117.69,120
08/08/2024,12,120,117.35,125
08/08/2024,13,120,116.48,110
08/08/2024,14,120,115.62,90
08/08/2024,15,120,115.62,73
08/08/2024,16,101.5,100.25,70
08/08/2024,17,261,118.73,45
08/08/2024,18,311.71,255.78,90
08/08/2024,19,311.81,311.28,40
08/08/2024,20,311.81,311.77,40
08/08/2024,21,284.92,264.99,40
08/08/2024,22,284.81,100.25,45
08/08/2024,23,85.05,85.05,45
08/08/2024,24,75.08,75.08,86
09/08/2024,1,75.03,75.03,235
09/08/2024,2,75.03,75.03,260
09/08/2024,3,75.03,75.03,301
09/08/2024,4,75.04,75.04,295
09/08/2024,5,75.02,75.02,255
09/08/2024,6,221.23,89.73,126
09/08/2024,7,259.98,136,170
09/08/2024,8,241,127.5,220
09/08/2024,9,129.73,129.73,275
09/08/2024,10,100.02,77.33,253
09/08/2024,11,100.25,77.35,233
09/08/2024,12,100.06,76.29,225
09/08/2024,13,100.06,75.92,222
09/08/2024,14,100.06,100.04,208
09/08/2024,15,100.06,90,180
09/08/2024,16,100.5,100.07,177
09/08/2024,17,259.92,119.91,155
09/08/2024,18,311,147.5,130
09/08/2024,19,311.81,310.72,66.9
09/08/2024,20,311.81,311.78,67.2
09/08/2024,21,311.71,262.92,74.6
09/08/2024,22,99.5,99.5,88
09/08/2024,23,75.06,75.06,80
09/08/2024,24,75.03,75.03,135
10/08/2024,1,100.5,74.98,215
10/08/2024,2,100.5,74.97,230
10/08/2024,3,105.02,74.98,245
10/08/2024,4,105.02,74.98,240
10/08/2024,5,74.96,74.96,200
10/08/2024,6,77.68,77.68,124
10/08/2024,7,75.77,75.77,125
10/08/2024,8,77.34,77.34,145
10/08/2024,9,119.78,119.78,180
10/08/2024,10,59.87,59.87,145
10/08/2024,11,88,88,140
10/08/2024,12,59.67,59.67,140
10/08/2024,13,82.39,82.39,140
10/08/2024,14,87.28,87.28,140
10/08/2024,15,86.41,86.41,120
10/08/2024,16,85.71,85.71,100
10/08/2024,17,84.14,84.14,65
10/08/2024,18,290.8,290.8,45
10/08/2024,19,310.61,310.61,40
10/08/2024,20,311.33,311.33,40
10/08/2024,21,312.26,312.26,40
10/08/2024,22,105.02,105.02,45
10/08/2024,23,105,81.17,45
10/08/2024,24,105.04,76.11,125
11/08/2024,1,101.25,67.19,190
11/08/2024,2,101.25,67.09,205
11/08/2024,3,105.03,67.14,215
11/08/2024,4,105.03,67.14,215
11/08/2024,5,67.41,65.1,175
11/08/2024,6,67.01,67.01,115
11/08/2024,7,67.1,65.09,122
11/08/2024,8,65.01,65.01,132
11/08/2024,9,65.09,65.09,135
11/08/2024,10,65.07,65.07,140
11/08/2024,11,65.03,65.03,130
11/08/2024,12,65.01,65.01,130
11/08/2024,13,105.02,82.39,130
11/08/2024,14,105.01,81.7,130
11/08/2024,15,105.01,80.65,105
11/08/2024,16,105.01,81.17,85
11/08/2024,17,105.01,84.49,67
11/08/2024,18,312.2,312.2,45
11/08/2024,19,314.29,314.29,40
11/08/2024,20,313.66,313.66,40
11/08/2024,21,307,92.34,40
11/08/2024,22,105.09,81.52,45
11/08/2024,23,105.01,79.6,45
11/08/2024,24,105.07,67.42,95
12/08/2024,1,105.06,75.94,212
12/08/2024,2,105.06,74.99,237
12/08/2024,3,105.07,74.99,272
12/08/2024,4,105.07,77.16,292
12/08/2024,5,105.03,86.93,282
12/08/2024,6,105.06,101.96,227
12/08/2024,7,139.2,139.2,197
12/08/2024,8,75,75,207
12/08/2024,9,74.95,74.95,196
12/08/2024,10,79.75,79.75,197
12/08/2024,11,96,96,225
12/08/2024,12,78.71,78.71,232
12/08/2024,13,78.88,78.88,225
12/08/2024,14,76.91,76.91,225
12/08/2024,15,76.45,76.45,235
12/08/2024,16,75.2,75.2,212
12/08/2024,17,77.03,77.03,200
12/08/2024,18,199.98,199.98,173
12/08/2024,19,311.91,311.91,111
12/08/2024,20,313.04,313.04,62
12/08/2024,21,265.24,265.24,45
12/08/2024,22,120.99,120.99,60
12/08/2024,23,105.02,91.99,145
12/08/2024,24,105.05,81.7,215
13/08/2024,1,136.81,136.81,270
13/08/2024,2,136.81,136.81,295
13/08/2024,3,137.71,137.71,311
13/08/2024,4,137.71,137.71,309
13/08/2024,5,105.09,105.09,297
13/08/2024,6,124.98,124.98,281
13/08/2024,7,143.52,143.52,270
13/08/2024,8,150.27,150.27,293
13/08/2024,9,128.51,128.51,333
13/08/2024,10,77.29,77.29,360
13/08/2024,11,84.99,84.99,385
13/08/2024,12,77.6,77.6,405
13/08/2024,13,77.89,77.89,405
13/08/2024,14,77.36,77.36,400
13/08/2024,15,77.6,77.6,395
13/08/2024,16,75.63,75.63,390
13/08/2024,17,78,78,335
13/08/2024,18,312.15,312.15,300
13/08/2024,19,312.42,312.42,224.5
13/08/2024,20,313.36,313.36,74.5
13/08/2024,21,312.05,312.05,44.5
13/08/2024,22,281.96,281.96,69.5
13/08/2024,23,262.69,262.69,145
13/08/2024,24,105.09,105.09,270
14/08/2024,1,105.1,105.1,338
14/08/2024,2,105.1,105.1,349.4
14/08/2024,3,136.41,136.41,349.8
14/08/2024,4,136.41,136.41,349.8
14/08/2024,5,105.09,105.09,305
14/08/2024,6,222.2,222.2,225
14/08/2024,7,118,118,232
14/08/2024,8,119.14,119.14,265
14/08/2024,9,113.23,113.23,265
14/08/2024,10,76.33,76.33,275
14/08/2024,11,79.14,79.14,280
14/08/2024,12,77.89,77.89,275
14/08/2024,13,77.36,77.36,260
14/08/2024,14,77.36,77.36,240
14/08/2024,15,77.95,77.95,224.5
14/08/2024,16,75.71,75.71,204.5
14/08/2024,17,77.5,77.5,194.5
14/08/2024,18,311.52,311.52,189.5
14/08/2024,19,312.11,312.11,90
14/08/2024,20,313.36,313.36,34.5
14/08/2024,21,312.05,312.05,24.5
14/08/2024,22,281.96,281.96,84
14/08/2024,23,261.31,261.31,84
14/08/2024,24,105.1,105.1,260
15/08/2024,1,138.18,77.06,289
15/08/2024,2,134.95,77.05,304.8
15/08/2024,3,137.83,77.09,301
15/08/2024,4,137.83,79.33,304.8
15/08/2024,5,139.3,109.22,235
15/08/2024,6,80.08,80.08,215
15/08/2024,7,200.01,200.01,197
15/08/2024,8,245.23,245.23,237
15/08/2024,9,243.55,243.55,290
15/08/2024,10,246.12,246.12,275
15/08/2024,11,85.08,85.08,255
15/08/2024,12,85.08,85.08,260
15/08/2024,13,85.08,85.08,255
15/08/2024,14,85.09,85.09,250
15/08/2024,15,85.09,85.09,250
15/08/2024,16,85.09,85.09,250
15/08/2024,17,121.45,121.45,220
15/08/2024,18,299.9,299.9,195
15/08/2024,19,300,300,80
15/08/2024,20,312.98,312.98,50
15/08/2024,21,299.96,299.96,55
15/08/2024,22,86.33,86.33,105
15/08/2024,23,265.59,107.44,127
15/08/2024,24,162.07,80.08,259
16/08/2024,1,138,85.02,300
16/08/2024,2,138,85.02,303
16/08/2024,3,138,85.02,303
16/08/2024,4,138,85.02,303
16/08/2024,5,139.33,85.07,307
16/08/2024,6,85.09,85.09,255
16/08/2024,7,236.72,236.72,275
16/08/2024,8,247.51,247.51,315
16/08/2024,9,247.5,247.5,335
16/08/2024,10,250.84,250.84,295
16/08/2024,11,100.02,100.02,260
16/08/2024,12,109.98,109.98,255
16/08/2024,13,109.98,109.98,240
16/08/2024,14,119.96,109.98,240
16/08/2024,15,221.15,109.98,240
16/08/2024,16,255.34,119.98,255
16/08/2024,17,262.71,138.9,220
16/08/2024,18,299.94,299.94,210
16/08/2024,19,311.05,311.05,90.9
16/08/2024,20,313.36,313.36,45
16/08/2024,21,302.22,302.22,40
16/08/2024,22,86,86,125
16/08/2024,23,268.48,85.07,180
16/08/2024,24,161.77,85.02,265
17/08/2024,1,142.5,85.01,425
17/08/2024,2,142.5,85.01,440
17/08/2024,3,142.5,85.01,450
17/08/2024,4,142.5,85.01,450
17/08/2024,5,142.5,85.05,420
17/08/2024,6,220.57,85.07,280
17/08/2024,7,85.07,85.02,360
17/08/2024,8,85.08,85.02,400
17/08/2024,9,296.15,235.5,410
17/08/2024,10,233.51,233.51,375
17/08/2024,11,228.18,228.18,240
17/08/2024,12,229.4,229.4,240
17/08/2024,13,225.49,96,240
17/08/2024,14,229.15,96,240
17/08/2024,15,231.16,96,240
17/08/2024,16,257.84,95.42,240
17/08/2024,17,266.67,99.22,185
17/08/2024,18,294.06,87.09,160
17/08/2024,19,301.51,301.51,210
17/08/2024,20,301.51,301.51,80
17/08/2024,21,293.5,90.53,84
17/08/2024,22,85.04,76.59,90
17/08/2024,23,268.48,85.05,205
17/08/2024,24,163.61,85.02,340
18/08/2024,1,142.5,85.01,420
18/08/2024,2,142.5,85.01,435
18/08/2024,3,142.5,85.01,445
18/08/2024,4,142.5,85.01,445
18/08/2024,5,142.5,85.05,415
18/08/2024,6,85.08,85.04,324.4
18/08/2024,7,306.25,85.02,305.8
18/08/2024,8,85.08,85.01,303.1
18/08/2024,9,85.09,85.06,293.2
18/08/2024,10,100.08,95.6,287.1
18/08/2024,11,100.1,94.7,255
18/08/2024,12,221.83,96,250
18/08/2024,13,100.08,96,258
18/08/2024,14,100.09,96,260
18/08/2024,15,100.09,96,263
18/08/2024,16,258.59,95.78,267
18/08/2024,17,266.67,99.22,189
18/08/2024,18,85.64,85.64,143
18/08/2024,19,310.77,310.77,80
18/08/2024,20,310.77,310.77,80
18/08/2024,21,92.34,92.34,84
18/08/2024,22,76.59,76.59,200
18/08/2024,23,268.48,85.05,215
18/08/2024,24,163.61,85.02,332
19/08/2024,1,90.06,84.19,407
19/08/2024,2,90.06,83.29,431
19/08/2024,3,90.06,83.29,447
19/08/2024,4,90.06,83.29,456
19/08/2024,5,136.15,89.26,441
19/08/2024,6,223.4,157.95,407
19/08/2024,7,247.51,247.51,372
19/08/2024,8,247.51,247.51,373
19/08/2024,9,247.49,247.49,397.1
19/08/2024,10,119.43,119.43,385
19/08/2024,11,100.09,100.09,391
19/08/2024,12,100.1,100.1,381
19/08/2024,13,100.1,100.1,344
19/08/2024,14,100.1,100.1,344
19/08/2024,15,100.1,100.1,384
19/08/2024,16,100.09,100.09,365
19/08/2024,17,154.81,154.81,310
19/08/2024,18,311.15,311.15,247
19/08/2024,19,311.92,311.92,230
19/08/2024,20,313.46,313.46,107
19/08/2024,21,233.87,233.87,70
19/08/2024,22,78.83,78.83,182
19/08/2024,23,90.06,86,202
19/08/2024,24,90.07,84.74,298
20/08/2024,1,138.33,85.05,435
20/08/2024,2,138.33,85.05,445
20/08/2024,3,138.33,85.05,440
20/08/2024,4,138.33,85.05,450
20/08/2024,5,138.33,85.05,433
20/08/2024,6,85.06,85.06,435
20/08/2024,7,247.51,247.51,405
20/08/2024,8,247.49,247.49,429
20/08/2024,9,247.46,247.46,485
20/08/2024,10,144.96,100.09,430
20/08/2024,11,224.62,100.09,430
20/08/2024,12,230.34,100.1,435
20/08/2024,13,230.34,100.1,440
20/08/2024,14,230.34,100.09,440
20/08/2024,15,226.56,100.09,440
20/08/2024,16,257.96,114.73,440
20/08/2024,17,267.5,232.4,395
20/08/2024,18,314.52,314.52,333
20/08/2024,19,311.82,311.82,261
20/08/2024,20,313.36,313.36,135
20/08/2024,21,311.05,311.05,95
20/08/2024,22,76.5,76.5,180
20/08/2024,23,264,84.04,203
20/08/2024,24,160.87,84.04,323
21/08/2024,1,137.78,80.47,440
21/08/2024,2,137.78,80.47,455
21/08/2024,3,137.78,80.47,465
21/08/2024,4,137.78,80.47,465
21/08/2024,5,138.95,83.19,435
21/08/2024,6,90.08,85.01,305
21/08/2024,7,233.57,233.57,367
21/08/2024,8,232.93,232.93,373
21/08/2024,9,231.21,231.21,388
21/08/2024,10,142.99,142.99,365
21/08/2024,11,151.74,151.74,256
21/08/2024,12,199.94,154.16,254
21/08/2024,13,221.15,154.16,265
21/08/2024,14,199.94,154.16,266
21/08/2024,15,226.82,158.5,269
21/08/2024,16,255.63,159.47,275
21/08/2024,17,261.84,166.23,173
21/08/2024,18,311.3,311.3,178.9
21/08/2024,19,311.79,311.79,148.8
21/08/2024,20,313.67,313.67,80
21/08/2024,21,312.11,312.11,70
21/08/2024,22,161.88,161.88,96
21/08/2024,23,265.95,88.08,205
21/08/2024,24,159.89,79.11,271
22/08/2024,1,159.95,82.38,427.9
22/08/2024,2,159.95,80.25,424
22/08/2024,3,159.95,80.25,424.1
22/08/2024,4,159.95,80.25,424.1
22/08/2024,5,159.95,88.76,423.9
22/08/2024,6,136.25,136.25,226
22/08/2024,7,249.19,249.19,374
22/08/2024,8,249.18,249.18,371
22/08/2024,9,249.18,249.18,362
22/08/2024,10,113.33,113.33,355
22/08/2024,11,154.99,154.99,360
22/08/2024,12,154.99,107.71,357
22/08/2024,13,198.92,106.75,375
22/08/2024,14,154.99,106.75,365
22/08/2024,15,198.92,145,355
22/08/2024,16,198.94,144.99,330
22/08/2024,17,219.97,106.63,211
22/08/2024,18,299.71,299.71,220
22/08/2024,19,314.39,314.39,170
22/08/2024,20,314.99,314.99,80
22/08/2024,21,310.4,124.98,70
22/08/2024,22,100.06,100.03,150
22/08/2024,23,268.68,98.97,192
22/08/2024,24,163.61,91.53,271
23/08/2024,1,187.45,78.52,275
23/08/2024,2,187.45,78.76,280
23/08/2024,3,187.45,78.76,290
23/08/2024,4,187.45,78.76,290
23/08/2024,5,187.45,85.57,268
23/08/2024,6,133.15,133.15,190
23/08/2024,7,304.18,276.46,199
23/08/2024,8,303.51,301.16,220
23/08/2024,9,249.19,249.19,245
23/08/2024,10,106.5,106.5,245
23/08/2024,11,184.92,184.92,245
23/08/2024,12,122.45,122.45,235
23/08/2024,13,119.99,119.99,225
23/08/2024,14,152.45,108,225
23/08/2024,15,120,120,220
23/08/2024,16,184.92,184.92,205
23/08/2024,17,260.61,100.1,190
23/08/2024,18,299.67,299.67,165
23/08/2024,19,313.19,313.19,95
23/08/2024,20,314.63,314.63,146.8
23/08/2024,21,235.73,235.73,150
23/08/2024,22,234.37,234.37,134
23/08/2024,23,125,89.7,131
23/08/2024,24,111,79.97,190
24/08/2024,1,140,82.18,225
24/08/2024,2,140,82.18,240
24/08/2024,3,140,82.18,250
24/08/2024,4,140,83.02,250
24/08/2024,5,129.99,82.39,215
24/08/2024,6,235,130,131.5
24/08/2024,7,130.1,130.1,120
24/08/2024,8,128.56,128.56,180
24/08/2024,9,135.22,135.22,230.1
24/08/2024,10,129.07,129.07,215
24/08/2024,11,128.05,128.05,215
24/08/2024,12,100.05,87.25,221
24/08/2024,13,100.03,87.25,224
24/08/2024,14,100.04,87.04,225
24/08/2024,15,100.05,87.88,222
24/08/2024,16,100.05,87.88,200
24/08/2024,17,100.06,89.15,186
24/08/2024,18,231.98,231.98,145
24/08/2024,19,312.12,242.29,98
24/08/2024,20,242.74,242.74,80
24/08/2024,21,231.98,231.98,70
24/08/2024,22,100.09,96.32,132.6
24/08/2024,23,265.45,87.88,100
24/08/2024,24,166,84.29,160
25/08/2024,1,140,81.55,260
25/08/2024,2,140,81.55,275
25/08/2024,3,140,81.55,285
25/08/2024,4,140,82.39,285
25/08/2024,5,84.5,84.5,250
25/08/2024,6,145,83.45,190
25/08/2024,7,145,86.82,215
25/08/2024,8,129.99,86.82,255
25/08/2024,9,130,93.37,270
25/08/2024,10,100.06,89.15,215
25/08/2024,11,100.08,91.05,230
25/08/2024,12,100.09,90.62,237
25/08/2024,13,100.06,91.68,222
25/08/2024,14,100.07,89.57,222
25/08/2024,15,100.07,85.35,210
25/08/2024,16,100.05,83.45,200
25/08/2024,17,100.05,89.57,180
25/08/2024,18,297.46,297.46,140
25/08/2024,19,314.47,314.47,79.5
25/08/2024,20,319.93,319.93,89.5
25/08/2024,21,100.03,100.03,135.5
25/08/2024,22,100.03,98.01,179
25/08/2024,23,266.67,89.57,95
25/08/2024,24,166,85.35,157
26/08/2024,1,145,81.55,190
26/08/2024,2,145,81.55,205
26/08/2024,3,145,81.55,225
26/08/2024,4,145,82.39,225
26/08/2024,5,145,85.56,230
26/08/2024,6,80.08,80.08,205
26/08/2024,7,248.96,248.96,173
26/08/2024,8,247.33,247.33,185
26/08/2024,9,247.34,247.34,210
26/08/2024,10,188.17,188.17,214
26/08/2024,11,130.66,130.66,205
26/08/2024,12,129.64,129.64,210
26/08/2024,13,127.07,127.07,215
26/08/2024,14,127.07,127.07,215
26/08/2024,15,128.61,128.61,188
26/08/2024,16,131.17,131.17,170
26/08/2024,17,135.28,135.28,165
26/08/2024,18,296.72,296.72,145
26/08/2024,19,314.07,314.07,74.5
26/08/2024,20,314.44,314.44,64.5
26/08/2024,21,310.63,299.07,109.5
26/08/2024,22,236.4,236.4,154.5
26/08/2024,23,270,89.57,130
26/08/2024,24,166,80.07,175
27/08/2024,1,129.98,77.05,215
27/08/2024,2,129.95,77.04,230
27/08/2024,3,129.95,77.02,235
27/08/2024,4,129.94,77.01,235
27/08/2024,5,129.94,77.07,225
27/08/2024,6,235,90.05,200
27/08/2024,7,246.92,246.92,165
27/08/2024,8,300.63,246.93,190
27/08/2024,9,246.9,246.9,250
27/08/2024,10,105,105,240
27/08/2024,11,123.95,103,240
27/08/2024,12,123.96,103,245
27/08/2024,13,123.93,101,250
27/08/2024,14,123.93,100.75,250
27/08/2024,15,123.97,101.56,240
27/08/2024,16,263.33,103.75,235
27/08/2024,17,102.2,102.2,200
27/08/2024,18,276.92,276.92,145
27/08/2024,19,313.92,313.92,74.5
27/08/2024,20,314.44,314.44,64.5
27/08/2024,21,314.44,314.44,107.5
27/08/2024,22,248.59,248.59,127.5
27/08/2024,23,265,86.26,100
27/08/2024,24,129.95,81,165
28/08/2024,1,124.94,69.47,245
28/08/2024,2,129.95,70.28,260
28/08/2024,3,129.95,70.28,270
28/08/2024,4,134.98,71.38,275
28/08/2024,5,137.14,76.84,240
28/08/2024,6,77.01,76.84,190
28/08/2024,7,249,249,155
28/08/2024,8,248.98,248.98,200
28/08/2024,9,248.96,248.96,225
28/08/2024,10,109.33,109.33,265
28/08/2024,11,115.43,115.43,255
28/08/2024,12,100.05,100.05,245
28/08/2024,13,100.05,100.05,215
28/08/2024,14,100.05,100.05,215
28/08/2024,15,100.08,100.08,190
28/08/2024,16,100.09,100.09,160
28/08/2024,17,115.64,115.64,160
28/08/2024,18,304.75,304.75,140
28/08/2024,19,313.35,313.35,64
28/08/2024,20,314.15,314.15,64
28/08/2024,21,314.16,314.16,109
28/08/2024,22,233.35,233.35,150
28/08/2024,23,266.67,89.41,90
28/08/2024,24,145,83.95,155
29/08/2024,1,127.94,69.41,210
29/08/2024,2,127.94,69.41,245
29/08/2024,3,127.94,69.41,255
29/08/2024,4,127.94,69.41,265
29/08/2024,5,137.14,75.52,225
29/08/2024,6,134.85,134.85,165
29/08/2024,7,250.56,250.56,155
29/08/2024,8,250.55,250.55,200
29/08/2024,9,250.56,250.56,195
29/08/2024,10,100.1,100.1,215
29/08/2024,11,100.05,100.05,210
29/08/2024,12,100.03,100.03,190
29/08/2024,13,100.03,100.03,180
29/08/2024,14,100.05,100.05,165
29/08/2024,15,100.05,100.05,140
29/08/2024,16,100.08,100.08,129.5
29/08/2024,17,124.97,124.97,113
29/08/2024,18,302.33,302.33,105
29/08/2024,19,314.45,314.45,110.5
29/08/2024,20,314.45,314.45,68.5
29/08/2024,21,303.89,303.89,63.5
29/08/2024,22,232.41,232.41,128.5
29/08/2024,23,265.83,85.29,115
29/08/2024,24,156,77.04,145
30/08/2024,1,127.92,69.94,150
30/08/2024,2,127.92,69.94,185
30/08/2024,3,127.92,69.94,210
30/08/2024,4,127.92,69.94,220
30/08/2024,5,127.92,69.94,190
30/08/2024,6,128.25,128.25,118
30/08/2024,7,249.83,249.83,110
30/08/2024,8,249.83,249.83,180
30/08/2024,9,249.82,249.82,160
30/08/2024,10,100.07,100.07,170
30/08/2024,11,100.04,100.04,170
30/08/2024,12,100.05,100.05,145
30/08/2024,13,100.05,100.03,130
30/08/2024,14,100.05,100.04,125
30/08/2024,15,100.06,100.06,120
30/08/2024,16,100.07,100.07,95
30/08/2024,17,100.08,100.08,85
30/08/2024,18,259.41,259.41,80
30/08/2024,19,313.66,313.66,89
30/08/2024,20,313.66,313.66,69
30/08/2024,21,285.66,285.66,69
30/08/2024,22,101.17,101.17,83.8
30/08/2024,23,127.97,77.25,83
30/08/2024,24,127.94,77.08,105
31/08/2024,1,136.8,77.08,65
31/08/2024,2,136.8,77.08,100
31/08/2024,3,136.8,77.08,125
31/08/2024,4,136.8,77.08,135
31/08/2024,5,140,77.08,95
31/08/2024,6,100.08,100.06,95
31/08/2024,7,197.55,100.06,55
31/08/2024,8,310,100.05,72
31/08/2024,9,310,100.06,69
31/08/2024,10,129.94,100.05,64
31/08/2024,11,100.09,100.05,65
31/08/2024,12,100.07,100.06,60
31/08/2024,13,175,129.94,45
31/08/2024,14,223,129.99,35
31/08/2024,15,228.33,226.33,35
31/08/2024,16,260.91,198.99,15
31/08/2024,17,132.45,129.99,5
31/08/2024,18,314.54,314.54,70
31/08/2024,19,314.95,314.95,65
31/08/2024,20,314.95,314.95,65
31/08/2024,21,314.95,314.95,115
31/08/2024,22,312,312,120
31/08/2024,23,127.94,127.94,72
31/08/2024,24,161.23,161.23,113.2
01/09/2024,1,133,77.08,80
01/09/2024,2,133,77.08,110
01/09/2024,3,138.4,83.55,140
01/09/2024,4,138.4,83.55,155
01/09/2024,5,140,77.08,95
01/09/2024,6,235,100.07,45
01/09/2024,7,310,100.04,69.6
01/09/2024,8,310,100.06,90
01/09/2024,9,310,100.07,85
01/09/2024,10,129.95,100.05,90
01/09/2024,11,228.33,226.33,85
01/09/2024,12,225,222,90
01/09/2024,13,225.25,225.25,95
01/09/2024,14,225.25,225.25,100
01/09/2024,15,222,222,70
01/09/2024,16,144.99,144.99,45
01/09/2024,17,129.99,129.99,40
01/09/2024,18,314.5,314.5,25
01/09/2024,19,314.95,314.95,40
01/09/2024,20,314.95,314.95,10
01/09/2024,21,314.95,314.95,40
01/09/2024,22,314.33,314.33,45
01/09/2024,23,266,264.8,50
01/09/2024,24,163.8,163.14,70
02/09/2024,1,140,139.2,80
02/09/2024,2,140,138.8,110
02/09/2024,3,140,139.04,115
02/09/2024,4,140,139.04,140
02/09/2024,5,140,90.09,130
02/09/2024,6,100.07,100.07,110
02/09/2024,7,239.9,239.9,90
02/09/2024,8,239.91,239.91,100
02/09/2024,9,239.91,239.91,85
02/09/2024,10,100.07,100.07,90
02/09/2024,11,100.08,100.07,90
02/09/2024,12,100.08,100.07,90
02/09/2024,13,100.08,100.07,80
02/09/2024,14,100.08,100.07,85
02/09/2024,15,100.08,100.07,85
02/09/2024,16,112.5,112.5,80
02/09/2024,17,124.98,124.98,60
02/09/2024,18,314.45,314.45,40
02/09/2024,19,314.95,314.95,20
02/09/2024,20,314.95,314.95,20
02/09/2024,21,314.95,314.95,40
02/09/2024,22,314.33,314.33,40
02/09/2024,23,262.53,262.53,40
02/09/2024,24,166,165.47,25
03/09/2024,1,366.84,77.07,70
03/09/2024,2,366.84,77.06,90
03/09/2024,3,366.84,77.05,100
03/09/2024,4,366.84,77.05,130
03/09/2024,5,366.84,77.31,120
03/09/2024,6,100.09,100.07,111
03/09/2024,7,366.84,229.91,81
03/09/2024,8,366.84,229.91,75
03/09/2024,9,366.84,229.9,80
03/09/2024,10,100.08,100.08,90
03/09/2024,11,100.08,100.08,90
03/09/2024,12,100.07,100.07,100
03/09/2024,13,100.08,100.08,92
03/09/2024,14,100.08,100.08,85
03/09/2024,15,100.09,100.09,85
03/09/2024,16,110.11,110.11,85
03/09/2024,17,110.11,110.11,45
03/09/2024,18,110.11,110.11,30
03/09/2024,19,366.84,366.84,40
03/09/2024,20,366.84,366.84,20
03/09/2024,21,315.83,315.83,47.4
03/09/2024,22,229.93,229.93,47.4
03/09/2024,23,169.95,84.37,50
03/09/2024,24,366.84,84.37,60
04/09/2024,1,194.95,76,65
04/09/2024,2,194.95,76,100
04/09/2024,3,194.95,76,130
04/09/2024,4,194.95,76,140
04/09/2024,5,194.95,77.01,95
04/09/2024,6,130,76.12,45
04/09/2024,7,310,116.99,65
04/09/2024,8,310,200.05,65
04/09/2024,9,310,100.1,42.3
04/09/2024,10,125.08,125.08,37.8
04/09/2024,11,125.04,125.03,5
04/09/2024,12,125.07,125.03,5
04/09/2024,13,125.08,125.01,5
04/09/2024,14,125.08,125.01,5
04/09/2024,15,125.07,125.01,5
04/09/2024,16,125.06,125.05,5
04/09/2024,17,125.06,125.06,9.9
04/09/2024,18,125.07,125.07,26
04/09/2024,19,313.3,313.3,20
04/09/2024,20,361.54,361.54,10
04/09/2024,21,298.63,298.63,10
04/09/2024,22,121.13,121.13,20
04/09/2024,23,249.97,81.26,20
04/09/2024,24,207.95,81.26,50
05/09/2024,1,164.95,39.98,25
05/09/2024,2,164.95,39.98,65
05/09/2024,3,164.95,39.98,85
05/09/2024,4,164.95,39.98,90
05/09/2024,5,164.95,36.34,55
05/09/2024,6,109.99,39.98,35
05/09/2024,7,310,200.07,65
05/09/2024,8,310,200,60
05/09/2024,9,310,103.4,30
05/09/2024,10,102.3,102.3,30
05/09/2024,11,99.97,99.97,55
05/09/2024,12,99.96,99.96,55
05/09/2024,13,103.88,103.88,45
05/09/2024,14,103.42,103.42,35
05/09/2024,15,102,102,35
05/09/2024,16,103.85,103.85,15
05/09/2024,17,122.82,122.82,20
05/09/2024,18,123.88,123.88,20
05/09/2024,19,314.22,314.22,11
05/09/2024,20,362.69,362.69,11
05/09/2024,21,310.18,242.74,11
05/09/2024,22,123.43,123.43,20
05/09/2024,23,263.33,69.66,20
05/09/2024,24,177.95,69.66,0
06/09/2024,1,115,75.26,45
06/09/2024,2,115,75.26,100
06/09/2024,3,115,75.26,130
06/09/2024,4,115,75.26,130
06/09/2024,5,115,75.26,95
06/09/2024,6,100.09,100.09,35
06/09/2024,7,105,100.08,70
06/09/2024,8,260,200.01,73
06/09/2024,9,260,200.03,70
06/09/2024,10,125.07,125.07,70
06/09/2024,11,125.04,107.2,85
06/09/2024,12,125.04,121.03,92
06/09/2024,13,125.03,121.18,93
06/09/2024,14,125.03,122.81,75
06/09/2024,15,125.06,123.91,84
06/09/2024,16,125.04,123.96,65
06/09/2024,17,261.82,125.24,50
06/09/2024,18,125.07,125.07,68
06/09/2024,19,312.65,312.65,25
06/09/2024,20,360.31,360.31,10
06/09/2024,21,284.2,284.2,10
06/09/2024,22,125.08,125.08,40
06/09/2024,23,260,79.78,20
06/09/2024,24,212.95,79.78,30
07/09/2024,1,117.95,73.35,45
07/09/2024,2,117.95,73.35,65
07/09/2024,3,117.95,73.35,100
07/09/2024,4,117.95,73.66,100
07/09/2024,5,117.95,70.32,65
07/09/2024,6,111,80.93,40
07/09/2024,7,117.95,100.08,10
07/09/2024,8,260,104.99,10
07/09/2024,9,260,100.09,65
07/09/2024,10,179.92,125.04,80
07/09/2024,11,172.95,125.01,85
07/09/2024,12,155.45,125.03,85
07/09/2024,13,125.1,81,85
07/09/2024,14,166,82.14,75
07/09/2024,15,235,84.87,75
07/09/2024,16,270,91.76,75
07/09/2024,17,270,93.62,60
07/09/2024,18,125.05,97.28,50
07/09/2024,19,310.95,301.5,23
07/09/2024,20,266.01,266.01,12
07/09/2024,21,275.45,120.02,12
07/09/2024,22,100.01,95.78,20
07/09/2024,23,259.98,88.81,20
07/09/2024,24,166,82.75,18
08/09/2024,1,111,73.35,45
08/09/2024,2,111,73.35,53
08/09/2024,3,111,73.35,90
08/09/2024,4,111,73.35,95
08/09/2024,5,111,73.35,55
08/09/2024,6,111,81,50
08/09/2024,7,111,77.9,20
08/09/2024,8,260,80.99,43
08/09/2024,9,260,80.99,100
08/09/2024,10,260,77.9,70
08/09/2024,11,166,86.99,70
08/09/2024,12,125.1,86.99,78
08/09/2024,13,125.1,88.81,85
08/09/2024,14,185,90.99,83
08/09/2024,15,235,91.24,65
08/09/2024,16,270,93.36,50
08/09/2024,17,270,99.12,40
08/09/2024,18,125.01,102.54,31
08/09/2024,19,309.05,309.05,10
08/09/2024,20,309.05,309.05,16.6
08/09/2024,21,111,111,16.4
08/09/2024,22,100.04,97.91,26.6
08/09/2024,23,259.98,88.81,25.9
08/09/2024,24,185,88.81,10
09/09/2024,1,111,81,55
09/09/2024,2,111,81,75
09/09/2024,3,111,81,85
09/09/2024,4,111,81,105
09/09/2024,5,111,81,125
09/09/2024,6,90.02,90.02,85
09/09/2024,7,115.79,115.79,83
09/09/2024,8,251.84,251.84,85
09/09/2024,9,253.12,253.12,95
09/09/2024,10,260,256.29,95
09/09/2024,11,172.95,155.38,110
09/09/2024,12,172.95,125.08,110
09/09/2024,13,125.06,125.06,103
09/09/2024,14,125.07,125.07,105
09/09/2024,15,125.1,125.1,100
09/09/2024,16,151.99,151.99,102
09/09/2024,17,179.91,167.36,85
09/09/2024,18,159.48,159.48,70
09/09/2024,19,350.17,350.17,20
09/09/2024,20,363.71,363.71,20
09/09/2024,21,200,200,20
09/09/2024,22,100.04,100.04,20
09/09/2024,23,100.27,88.81,20
09/09/2024,24,182.95,88.81,0
10/09/2024,1,140,83.15,79.5
10/09/2024,2,140,83.15,110
10/09/2024,3,140,83.45,110
10/09/2024,4,140,83.45,120
10/09/2024,5,140,83.15,144.5
10/09/2024,6,107,105.9,134.5
10/09/2024,7,125.03,121.95,120
10/09/2024,8,245.93,245.93,95
10/09/2024,9,247.58,247.58,120
10/09/2024,10,238.59,238.59,130
10/09/2024,11,134.5,124.72,130
10/09/2024,12,128,122.73,130
10/09/2024,13,128,124.87,130
10/09/2024,14,219.92,124.11,130
10/09/2024,15,219.95,125.06,120
10/09/2024,16,219.92,126.89,120
10/09/2024,17,219.95,128.88,110
10/09/2024,18,140.8,140.8,64.5
10/09/2024,19,353.62,353.62,19.5
10/09/2024,20,366.8,366.8,19.5
10/09/2024,21,366.8,366.8,19.5
10/09/2024,22,203.79,203.79,19.5
10/09/2024,23,259.98,100.02,19.5
10/09/2024,24,212.95,91.09,40
11/09/2024,1,140,79.1,94.5
11/09/2024,2,140,79.1,110
11/09/2024,3,140,79.1,140
11/09/2024,4,140,79.1,140
11/09/2024,5,140,79.1,114.5
11/09/2024,6,130,111.69,44.5
11/09/2024,7,125.1,113.96,19.5
11/09/2024,8,273.97,273.97,44.5
11/09/2024,9,267.04,267.04,79.5
11/09/2024,10,265.53,265.53,87.1
11/09/2024,11,141,125.68,84.5
11/09/2024,12,141,125.22,84.5
11/09/2024,13,141,125.68,74.5
11/09/2024,14,131,125.37,74.5
11/09/2024,15,141,126.88,69.5
11/09/2024,16,131,125.37,64.5
11/09/2024,17,131,125.37,39.5
11/09/2024,18,314.77,314.77,39.5
11/09/2024,19,361.9,361.9,11.5
11/09/2024,20,361.93,361.93,11.5
11/09/2024,21,361.95,361.95,11.5
11/09/2024,22,243.76,243.76,19.5
11/09/2024,23,129.99,100.1,19.5
11/09/2024,24,210.45,87.16,10
12/09/2024,1,140,86,70
12/09/2024,2,140,86,78
12/09/2024,3,140,86,83
12/09/2024,4,140,86,86
12/09/2024,5,140,86,74
12/09/2024,6,234.49,234.49,44
12/09/2024,7,309.45,309.45,19.6
12/09/2024,8,309.2,309.2,80.9
12/09/2024,9,309.08,309.08,113
12/09/2024,10,260.98,260.93,126
12/09/2024,11,127,125.02,143
12/09/2024,12,127,125.01,135
12/09/2024,13,127,125.01,123
12/09/2024,14,127,125.01,113
12/09/2024,15,127,125.04,97
12/09/2024,16,127,127,95
12/09/2024,17,127,127,80
12/09/2024,18,314.7,314.7,70
12/09/2024,19,361.96,361.96,13
12/09/2024,20,361.96,361.96,13
12/09/2024,21,361.96,361.96,13
12/09/2024,22,361.94,361.94,20
12/09/2024,23,127,103.49,40
12/09/2024,24,210.45,94.8,65
13/09/2024,1,140,85.99,35
13/09/2024,2,140,85.99,45
13/09/2024,3,140,85.99,65
13/09/2024,4,140,85.99,65
13/09/2024,5,140,87.89,55
13/09/2024,6,244.5,244.5,85
13/09/2024,7,319.5,319.5,70
13/09/2024,8,319.2,319.2,94
13/09/2024,9,319.02,319.02,165
13/09/2024,10,308.96,308.96,185
13/09/2024,11,225,125.27,195
13/09/2024,12,226.82,125.54,195
13/09/2024,13,267.45,125.08,185
13/09/2024,14,267.45,125.08,185
13/09/2024,15,267.45,125.09,185
13/09/2024,16,284.95,156.42,150
13/09/2024,17,293.33,292.33,140
13/09/2024,18,324.7,324.7,127
13/09/2024,19,363.68,363.68,55
13/09/2024,20,363.68,363.68,13
13/09/2024,21,363.68,363.68,13
13/09/2024,22,363.68,363.68,52.2
13/09/2024,23,127,125.04,30
13/09/2024,24,212.95,93.34,30
14/09/2024,1,140,87.45,85
14/09/2024,2,140,82.28,105
14/09/2024,3,140,82.29,120
14/09/2024,4,140,82.26,120
14/09/2024,5,140,81.97,75
14/09/2024,6,254.5,114.39,60
14/09/2024,7,329.47,124.96,40
14/09/2024,8,329.16,130.52,70
14/09/2024,9,328.95,128,115
14/09/2024,10,329.95,126.45,116.6
14/09/2024,11,292.45,125.08,130
14/09/2024,12,292.45,125.09,125
14/09/2024,13,232.86,116.65,110
14/09/2024,14,235,116.65,85
14/09/2024,15,235,116.59,100
14/09/2024,16,270,116.86,75
14/09/2024,17,297,119.93,65
14/09/2024,18,312.84,312.88,55
14/09/2024,19,361.97,361.97,15
14/09/2024,20,361.97,361.97,15
14/09/2024,21,311.46,311.5,15
14/09/2024,22,280.82,280.95,20
14/09/2024,23,261.25,100.08,20
14/09/2024,24,166,108,65
15/09/2024,1,140,101.32,115
15/09/2024,2,140,101,125
15/09/2024,3,140,101,140
15/09/2024,4,140,101,135
15/09/2024,5,140,101,90
15/09/2024,6,244.5,119.22,75
15/09/2024,7,319.5,125.09,60
15/09/2024,8,319.2,125.04,81.6
15/09/2024,9,309.81,116,150
15/09/2024,10,310,101,145
15/09/2024,11,235,94.81,135
15/09/2024,12,235,95.35,130
15/09/2024,13,235,96.16,125
15/09/2024,14,235,95.89,125
15/09/2024,15,235,96.16,100
15/09/2024,16,270,97.79,85
15/09/2024,17,297,110.82,90
15/09/2024,18,312.88,312.91,105
15/09/2024,19,361.97,361.97,25
15/09/2024,20,361.97,361.97,25
15/09/2024,21,313.6,313.64,25
15/09/2024,22,287.53,287.66,30
15/09/2024,23,128,109.74,20
15/09/2024,24,166,108.98,30
16/09/2024,1,140,90.01,54.5
16/09/2024,2,140,87.45,84.5
16/09/2024,3,140,87.45,94.5
16/09/2024,4,140,90.01,115
16/09/2024,5,140,90.01,134.5
16/09/2024,6,128,128,114.5
16/09/2024,7,125.09,125.03,80
16/09/2024,8,308.86,308.86,100
16/09/2024,9,307.13,307.13,130
16/09/2024,10,310,305.67,120
16/09/2024,11,292.45,153.57,110
16/09/2024,12,292.45,151.21,120
16/09/2024,13,292.45,152.98,84.5
16/09/2024,14,292.45,153.37,74.5
16/09/2024,15,292.45,151.02,84.5
16/09/2024,16,309.95,153.76,69.5
16/09/2024,17,322.45,197.29,54.5
16/09/2024,18,324.7,324.7,19.5
16/09/2024,19,361.97,361.97,19.5
16/09/2024,20,361.97,361.97,19.5
16/09/2024,21,314.27,314.3,19.5
16/09/2024,22,128,128,19.5
16/09/2024,23,128,111.8,19.5
16/09/2024,24,166,100,24.5
17/09/2024,1,128,98.77,104
17/09/2024,2,128,98.77,120
17/09/2024,3,128,98.76,160
17/09/2024,4,128,98.76,175
17/09/2024,5,104.25,98.94,179
17/09/2024,6,137.3,138.62,164
17/09/2024,7,329.5,329.5,139
17/09/2024,8,329.2,329.2,115
17/09/2024,9,310.77,313.42,120
17/09/2024,10,207.61,207.61,160
17/09/2024,11,128,128,190
17/09/2024,12,128,128,180
17/09/2024,13,128,128,170
17/09/2024,14,128,128,165
17/09/2024,15,128,128,140
17/09/2024,16,140.1,140.1,110
17/09/2024,17,292.43,292.43,89
17/09/2024,18,334.7,334.7,39
17/09/2024,19,361.69,361.69,19
17/09/2024,20,361.69,361.69,19
17/09/2024,21,361.69,361.69,19
17/09/2024,22,167.08,170.22,19
17/09/2024,23,128,110.59,24
17/09/2024,24,193.95,98.8,69
18/09/2024,1,115.99,103.1,125
18/09/2024,2,116,103.08,140
18/09/2024,3,116,103.07,170
18/09/2024,4,128,103.87,170
18/09/2024,5,106.08,106.08,130
18/09/2024,6,307.96,307.96,64
18/09/2024,7,339.5,339.5,44
18/09/2024,8,339.2,339.2,59
18/09/2024,9,325.63,328.58,69
18/09/2024,10,308.65,308.65,75
18/09/2024,11,150.1,150.1,74
18/09/2024,12,150.1,150.1,49
18/09/2024,13,150.1,150.1,56
18/09/2024,14,150.1,150.1,44
18/09/2024,15,150.1,150.1,14
18/09/2024,16,225,150.1,4
18/09/2024,17,314.38,314.3,4
18/09/2024,18,344.7,344.7,19
18/09/2024,19,367.92,367.92,14
18/09/2024,20,367.92,367.92,14
18/09/2024,21,367.92,367.92,14
18/09/2024,22,236.58,237.14,19
18/09/2024,23,128,118.45,19
18/09/2024,24,116,105.47,34
19/09/2024,1,130.04,112.9,246
19/09/2024,2,130.04,112.61,246
19/09/2024,3,130.04,112.09,246
19/09/2024,4,130.04,112.43,255
19/09/2024,5,130.02,115.97,255
19/09/2024,6,312.08,312.08,235
19/09/2024,7,344.5,344.5,179.1
19/09/2024,8,344.2,344.2,130
19/09/2024,9,343.7,343.7,175
19/09/2024,10,313.7,313.7,185
19/09/2024,11,150.09,150.07,195
19/09/2024,12,150.09,150.07,195
19/09/2024,13,225,150.07,205
19/09/2024,14,225,150.07,185
19/09/2024,15,225,150.07,180
19/09/2024,16,225,150.08,105
19/09/2024,17,319.34,319.34,109
19/09/2024,18,363.44,363.44,110
19/09/2024,19,368.76,368.76,60
19/09/2024,20,368.76,368.76,11
19/09/2024,21,367.01,367.01,11
19/09/2024,22,237.79,237.79,61.6
19/09/2024,23,130.03,130.03,88.1
19/09/2024,24,130.02,116.23,160
20/09/2024,1,130.02,112.68,235
20/09/2024,2,130.02,112.12,265
20/09/2024,3,130.02,111.73,285
20/09/2024,4,130.02,112.06,285
20/09/2024,5,130.02,116.03,280
20/09/2024,6,312.87,312.87,175
20/09/2024,7,347.5,347.5,175
20/09/2024,8,347.2,347.2,185
20/09/2024,9,317.66,317.66,200
20/09/2024,10,316.64,316.61,244
20/09/2024,11,150.99,150.99,95.6
20/09/2024,12,150.99,150.99,91.8
20/09/2024,13,150.99,150.99,106
20/09/2024,14,150.99,150.99,101
20/09/2024,15,161.92,161.92,104
20/09/2024,16,150.99,150.99,107
20/09/2024,17,322.27,322.27,112
20/09/2024,18,369.68,369.68,115
20/09/2024,19,369.69,369.69,35
20/09/2024,20,369.69,369.69,25
20/09/2024,21,369.69,369.69,30
20/09/2024,22,237.73,237.73,80
20/09/2024,23,130.08,130.08,95
20/09/2024,24,130.04,118.49,180
21/09/2024,1,130.09,130.01,240
21/09/2024,2,132,120.5,285
21/09/2024,3,132,115.9,285
21/09/2024,4,132,115.65,285
21/09/2024,5,130.07,130.03,275
21/09/2024,6,314.9,111.94,120
21/09/2024,7,313.33,122.68,100
21/09/2024,8,349.17,188.58,127
21/09/2024,9,319.67,188.58,124
21/09/2024,10,318.59,188.58,200
21/09/2024,11,224.95,151,210
21/09/2024,12,224.95,151,185
21/09/2024,13,150.1,114.29,180
21/09/2024,14,150.1,114.54,195
21/09/2024,15,150.1,112.43,165
21/09/2024,16,150.1,109.34,145
21/09/2024,17,311.33,112.68,130
21/09/2024,18,124.99,124.99,105
21/09/2024,19,371.41,371.43,39
21/09/2024,20,371.43,371.44,34
21/09/2024,21,125,125,44
21/09/2024,22,125,125,110
21/09/2024,23,155,155,150
21/09/2024,24,147.88,147.88,220
22/09/2024,1,132,130.07,240
22/09/2024,2,132,130.04,275
22/09/2024,3,132,130.04,275
22/09/2024,4,132,130.03,275
22/09/2024,5,132,130.07,245
22/09/2024,6,315,113.67,195
22/09/2024,7,350.45,110.57,145
22/09/2024,8,314.44,111,205
22/09/2024,9,314.58,111.07,245
22/09/2024,10,319.54,111.32,255
22/09/2024,11,150.1,110.7,260
22/09/2024,12,150.1,110.45,240
22/09/2024,13,165,113.05,240
22/09/2024,14,165,112.93,245
22/09/2024,15,165,111.56,205
22/09/2024,16,165,108.84,185
22/09/2024,17,325.25,111.94,165
22/09/2024,18,114.78,114.78,115
22/09/2024,19,314.94,371.42,75
22/09/2024,20,371.43,371.44,33
22/09/2024,21,125,125,48
22/09/2024,22,130.02,130.02,90
22/09/2024,23,164.99,164.99,88
22/09/2024,24,148.92,148.92,135
23/09/2024,1,145,130.1,40
23/09/2024,2,155,130.08,60
23/09/2024,3,155,130.07,80
23/09/2024,4,155,130.09,105
23/09/2024,5,132.79,132.79,120
23/09/2024,6,130.05,130.04,100
23/09/2024,7,150.04,123.73,81.4
23/09/2024,8,261.66,261.66,85
23/09/2024,9,261.66,261.66,100
23/09/2024,10,319.6,262.03,100
23/09/2024,11,165,165,90
23/09/2024,12,165,165,100
23/09/2024,13,165,162.46,85
23/09/2024,14,165,165,85
23/09/2024,15,166.49,166.49,85
23/09/2024,16,174.54,174.54,65
23/09/2024,17,325.3,180.17,35
23/09/2024,18,206.33,206.33,20
23/09/2024,19,371.47,371.47,20
23/09/2024,20,371.47,371.47,20
23/09/2024,21,311.91,311.91,20
23/09/2024,22,130.02,130.02,40
23/09/2024,23,130.09,130.09,20
23/09/2024,24,132.03,132.03,40
24/09/2024,1,181.96,129.89,250
24/09/2024,2,183.86,128.86,275
24/09/2024,3,183.86,128.83,275
24/09/2024,4,183.86,130.02,275
24/09/2024,5,165,135.77,275
24/09/2024,6,289.77,289.77,118.8
24/09/2024,7,313.69,313.69,101
24/09/2024,8,311.81,311.81,133.3
24/09/2024,9,314.52,314.52,128.7
24/09/2024,10,322.59,322.59,189
24/09/2024,11,167.99,167.99,205
24/09/2024,12,167.99,167.99,180
24/09/2024,13,167.99,167.99,154.5
24/09/2024,14,167.99,167.99,154.5
24/09/2024,15,169.49,169.49,124.5
24/09/2024,16,177.49,177.49,104.5
24/09/2024,17,344.1,328.29,89.5
24/09/2024,18,371.82,371.82,77.5
24/09/2024,19,371.82,371.82,14.5
24/09/2024,20,371.82,371.82,24.5
24/09/2024,21,371.82,371.82,34.5
24/09/2024,22,371.82,371.82,63.7
24/09/2024,23,165,133.05,99
24/09/2024,24,170.56,130.09,165
25/09/2024,1,190,127.49,250
25/09/2024,2,190,127.23,275
25/09/2024,3,190,126.6,275
25/09/2024,4,190,129.08,275
25/09/2024,5,183.4,146.33,275
25/09/2024,6,316.85,316.85,118.8
25/09/2024,7,316.62,316.62,101
25/09/2024,8,315.09,315.09,133.3
25/09/2024,9,317.4,317.4,128.7
25/09/2024,10,316.45,316.45,189
25/09/2024,11,184.75,184.75,205
25/09/2024,12,184.75,184.75,180
25/09/2024,13,184.75,184.75,154.5
25/09/2024,14,184.75,184.75,154.5
25/09/2024,15,186.42,186.42,124.5
25/09/2024,16,186.42,186.42,104.5
25/09/2024,17,375.8,375.8,89.5
25/09/2024,18,375.8,375.8,77.5
25/09/2024,19,375.8,375.8,14.5
25/09/2024,20,375.8,375.8,24.5
25/09/2024,21,375.8,375.8,34.5
25/09/2024,22,370.11,370.11,63.7
25/09/2024,23,164.27,145,99
25/09/2024,24,168.8,145,165
26/09/2024,1,165,120.02,275
26/09/2024,2,165,118.97,295
26/09/2024,3,165,118.89,300
26/09/2024,4,165,118.98,295
26/09/2024,5,151.89,136.2,216
26/09/2024,6,375.8,375.8,166.1
26/09/2024,7,318.1,318.1,161.1
26/09/2024,8,375.8,375.8,240
26/09/2024,9,375.8,375.8,255
26/09/2024,10,375.8,375.8,215
26/09/2024,11,310.96,251.23,219
26/09/2024,12,189.75,189.75,216
26/09/2024,13,189.75,189.75,211
26/09/2024,14,189.75,189.75,216
26/09/2024,15,375.8,375.8,173.9
26/09/2024,16,375.8,375.8,165.7
26/09/2024,17,375.8,375.8,145.7
26/09/2024,18,375.8,375.8,114
26/09/2024,19,375.8,375.8,38
26/09/2024,20,375.8,375.8,34
26/09/2024,21,375.8,375.8,36.6
26/09/2024,22,215.31,215.31,40
26/09/2024,23,165,130.04,66.1
26/09/2024,24,165,130.07,146.1
27/09/2024,1,165,118.37,240
27/09/2024,2,165,117.98,240
27/09/2024,3,165,117.73,240
27/09/2024,4,165,117.98,240
27/09/2024,5,165,125.18,220
27/09/2024,6,374.35,374.35,155
27/09/2024,7,374.38,374.38,67
27/09/2024,8,374.38,374.38,90
27/09/2024,9,374.32,374.32,87
27/09/2024,10,369.7,369.7,58
27/09/2024,11,314.92,314.92,206
27/09/2024,12,204.68,204.68,202
27/09/2024,13,204.68,204.68,217
27/09/2024,14,204.68,204.68,215
27/09/2024,15,201,201,227
27/09/2024,16,201,201,230
27/09/2024,17,314.74,314.74,214
27/09/2024,18,374.38,374.38,189
27/09/2024,19,374.38,374.38,53
27/09/2024,20,374.38,374.38,23
27/09/2024,21,374.38,374.38,20
27/09/2024,22,374.38,374.38,48
27/09/2024,23,164.99,118.1,140
27/09/2024,24,165.08,118.72,198
28/09/2024,1,177.5,115.31,222
28/09/2024,2,177.5,114.98,222
28/09/2024,3,177.5,114.76,214
28/09/2024,4,177.5,114.7,214
28/09/2024,5,195.5,116.93,214
28/09/2024,6,373.67,115.53,214
28/09/2024,7,373.67,373.67,48
28/09/2024,8,373.67,373.67,72
28/09/2024,9,373.67,373.67,69
28/09/2024,10,373.67,373.67,64
28/09/2024,11,373.67,373.67,235
28/09/2024,12,194,190.5,232
28/09/2024,13,155,116.43,248
28/09/2024,14,155,116.51,245
28/09/2024,15,152.73,116.88,218
28/09/2024,16,152.93,116.62,203
28/09/2024,17,373.67,373.67,183
28/09/2024,18,373.67,373.67,163
28/09/2024,19,373.67,373.67,72.1
28/09/2024,20,373.67,373.67,34
28/09/2024,21,373.67,373.67,39
28/09/2024,22,373.67,373.67,45.1
28/09/2024,23,165.55,118.3,124
28/09/2024,24,165.83,122.48,169
29/09/2024,1,187.5,116.01,292
29/09/2024,2,187.5,115.63,285
29/09/2024,3,187.5,115.42,278.5
29/09/2024,4,187.5,115.11,282.6
29/09/2024,5,200.5,116.62,265.9
29/09/2024,6,373.67,114.61,215
29/09/2024,7,311.82,116.54,75
29/09/2024,8,314.62,115.21,110.8
29/09/2024,9,314.62,115.21,135.7
29/09/2024,10,312.05,115.06,140.7
29/09/2024,11,272.5,116.15,169
29/09/2024,12,181.17,116.07,174
29/09/2024,13,181.17,115.92,169
29/09/2024,14,181.17,115.92,179
29/09/2024,15,154.36,116.24,164
29/09/2024,16,154.43,116.38,159
29/09/2024,17,249.97,117.01,119
29/09/2024,18,373.67,373.67,124
29/09/2024,19,373.67,373.67,119
29/09/2024,20,373.67,373.67,79
29/09/2024,21,287.52,287.52,89
29/09/2024,22,165,150.02,46
29/09/2024,23,165.26,118.11,120.7
29/09/2024,24,165.54,117.95,170.7
30/09/2024,1,185,116.54,240
30/09/2024,2,185,116.06,254.9
30/09/2024,3,185,115.95,261.7
30/09/2024,4,185,115.95,270.1
30/09/2024,5,213,119.84,282.6
30/09/2024,6,373.67,373.67,270
30/09/2024,7,373.67,373.67,228
30/09/2024,8,373.67,373.67,237
30/09/2024,9,373.67,373.67,234
30/09/2024,10,373.67,373.67,228
30/09/2024,11,373.67,373.67,305.7
30/09/2024,12,243.11,243.11,295.7
30/09/2024,13,236.66,236.66,220.9
30/09/2024,14,236.66,236.66,215.9
30/09/2024,15,209.35,209.35,234
30/09/2024,16,237.13,237.13,239.1
30/09/2024,17,373.67,373.67,189.1
30/09/2024,18,373.67,373.67,159
30/09/2024,19,373.67,373.67,144
30/09/2024,20,373.67,373.67,149
30/09/2024,21,290.31,290.31,99
30/09/2024,22,176,150.01,50
30/09/2024,23,175.8,125,79
30/09/2024,24,205.07,121.28,144
01/10/2024,1,159,117.99,235
01/10/2024,2,159,117.83,250
01/10/2024,3,159,117.67,254.9
01/10/2024,4,159,117.52,264.9
01/10/2024,5,204.17,127.23,259.9
01/10/2024,6,324.8,324.8,240
01/10/2024,7,314.95,314.95,140
01/10/2024,8,314.93,314.93,145.7
01/10/2024,9,314.93,314.93,180.7
01/10/2024,10,251,251,200.6
01/10/2024,11,261.51,261.51,210.9
01/10/2024,12,189.87,189.87,210.8
01/10/2024,13,189.89,189.89,214
01/10/2024,14,189.89,189.89,214
01/10/2024,15,189.9,189.9,214.1
01/10/2024,16,189.9,189.9,199
01/10/2024,17,260.85,260.85,159
01/10/2024,18,271.47,271.47,89
01/10/2024,19,373.67,373.67,79
01/10/2024,20,373.67,373.67,79
01/10/2024,21,311.17,311.17,79
01/10/2024,22,306.22,306.22,56
01/10/2024,23,222.12,133.55,129
01/10/2024,24,222.4,130.04,209
02/10/2024,1,192.67,114.34,229
02/10/2024,2,192.67,113.72,245
02/10/2024,3,192.67,113.72,250
02/10/2024,4,192.67,113.88,259.9
02/10/2024,5,207.25,115.28,250
02/10/2024,6,313.25,313.25,235
02/10/2024,7,312.05,312.05,135
02/10/2024,8,310.75,310.75,145.7
02/10/2024,9,311.9,311.9,165.7
02/10/2024,10,300.45,165,165.7
02/10/2024,11,307.5,256.51,174
02/10/2024,12,181,181,179
02/10/2024,13,182.98,182.98,184
02/10/2024,14,183.05,183.05,194
02/10/2024,15,184.69,184.69,184
02/10/2024,16,184.69,184.69,159
02/10/2024,17,269.94,269.94,114
02/10/2024,18,311.61,311.61,79
02/10/2024,19,373.66,373.66,79
02/10/2024,20,373.67,373.67,79
02/10/2024,21,373.63,373.63,79
02/10/2024,22,233.39,233.39,49
02/10/2024,23,224.07,117.08,124
02/10/2024,24,225,116.77,189
03/10/2024,1,192.93,109.98,257.9
03/10/2024,2,192.93,109.24,262.9
03/10/2024,3,192.93,109.11,247.9
03/10/2024,4,192.93,109.8,252.9
03/10/2024,5,230.11,114.53,209
03/10/2024,6,314.5,314.5,159
03/10/2024,7,313.57,313.57,150
03/10/2024,8,315.96,315.96,150
03/10/2024,9,315.96,315.96,150
03/10/2024,10,240.45,179.99,150
03/10/2024,11,193.34,193.34,150
03/10/2024,12,184.67,183.29,150
03/10/2024,13,180,180,150
03/10/2024,14,180,180,150
03/10/2024,15,181.39,181.39,150
03/10/2024,16,183.19,183.19,150
03/10/2024,17,179.94,179.94,160
03/10/2024,18,286.03,286.03,160
03/10/2024,19,373.65,373.65,150
03/10/2024,20,373.66,373.66,60
03/10/2024,21,373.62,373.62,60
03/10/2024,22,233.47,233.47,100
03/10/2024,23,224.53,116.4,90.8
03/10/2024,24,223.47,115.15,110.7
04/10/2024,1,192.09,110.96,117
04/10/2024,2,192.09,110.42,117
04/10/2024,3,192.09,110.53,117
04/10/2024,4,192.09,111.39,117
04/10/2024,5,228.26,117.31,117
04/10/2024,6,322.88,322.88,117
04/10/2024,7,312.93,312.93,60
04/10/2024,8,267.57,267.57,80
04/10/2024,9,201,201,80
04/10/2024,10,240.45,165,80
04/10/2024,11,158.95,158.95,157
04/10/2024,12,154.5,150.04,154
04/10/2024,13,150.1,150.04,177.2
04/10/2024,14,150.1,150.03,177.3
04/10/2024,15,150.1,150.03,177.4
04/10/2024,16,150.1,150.02,61
04/10/2024,17,150.09,150.09,45
04/10/2024,18,288.49,288.49,40
04/10/2024,19,378.11,378.11,26
04/10/2024,20,378.11,378.11,34
04/10/2024,21,378.08,378.08,34
04/10/2024,22,230.69,230.69,34
04/10/2024,23,192.09,116.46,84
04/10/2024,24,192.09,113.62,84
05/10/2024,1,200,110.47,152
05/10/2024,2,200,109.29,152
05/10/2024,3,200,108.36,152
05/10/2024,4,200,108.61,152
05/10/2024,5,232.17,111.27,152
05/10/2024,6,342.51,111,132
05/10/2024,7,316.99,111.14,60
05/10/2024,8,331.28,174.3,80
05/10/2024,9,331.28,185.13,80
05/10/2024,10,313.66,178.94,80
05/10/2024,11,313.77,174.3,169
05/10/2024,12,187.08,101.86,169
05/10/2024,13,191,103.35,169
05/10/2024,14,191,103.41,169
05/10/2024,15,191,103.72,169
05/10/2024,16,191,104.21,72
05/10/2024,17,336.64,116.96,65.3
05/10/2024,18,126.01,126.01,59.9
05/10/2024,19,371.3,371.3,36
05/10/2024,20,371.3,371.3,44
05/10/2024,21,150,150,44
05/10/2024,22,112.94,112.94,44
05/10/2024,23,221.46,146.63,137
05/10/2024,24,224.99,115.74,137
06/10/2024,1,200,109.29,169.4
06/10/2024,2,200,107.74,159.5
06/10/2024,3,200,106.81,159.2
06/10/2024,4,200,107.06,159.5
06/10/2024,5,234.64,109.41,152
06/10/2024,6,342.7,109.6,125.3
06/10/2024,7,316.48,106.01,65
06/10/2024,8,331.76,100.81,80
06/10/2024,9,331.76,101.69,80
06/10/2024,10,191,101.4,80
06/10/2024,11,314.8,101.95,105
06/10/2024,12,191,101.23,105
06/10/2024,13,191,101.65,105
06/10/2024,14,191,102.32,105
06/10/2024,15,191,101.88,105
06/10/2024,16,191,102.57,89
06/10/2024,17,323.76,105.27,94
06/10/2024,18,337.06,337.06,60
06/10/2024,19,371.3,371.3,46
06/10/2024,20,371.3,371.3,34.5
06/10/2024,21,150.01,150.01,34.5
06/10/2024,22,111,111,46
06/10/2024,23,225.05,112.94,136
06/10/2024,24,225.05,115.67,136
07/10/2024,1,200,110.47,180
07/10/2024,2,200,109.6,182
07/10/2024,3,200,109.6,182
07/10/2024,4,200,110.25,182
07/10/2024,5,234.69,114.92,182
07/10/2024,6,286.86,286.86,180
07/10/2024,7,317.04,317.04,172
07/10/2024,8,258.55,258.55,148
07/10/2024,9,256.28,256.28,150
07/10/2024,10,225.45,165,130
07/10/2024,11,150.09,150.09,140
07/10/2024,12,154.5,150.05,145
07/10/2024,13,186.67,150.1,115
07/10/2024,14,186.67,150.1,115
07/10/2024,15,186.67,158.91,130
07/10/2024,16,188,165.64,130
07/10/2024,17,254.4,254.4,87
07/10/2024,18,371.28,371.28,53
07/10/2024,19,371.3,371.3,39
07/10/2024,20,371.3,371.3,39
07/10/2024,21,150.06,150.06,39
07/10/2024,22,150.02,112.32,55.4
07/10/2024,23,228.61,121.76,141
07/10/2024,24,232.14,116.11,143.6
08/10/2024,1,192.09,116,175.4
08/10/2024,2,192.09,116,182
08/10/2024,3,192.09,116,182
08/10/2024,4,192.09,116,182
08/10/2024,5,225.8,124.98,182
08/10/2024,6,297.53,297.53,180
08/10/2024,7,315.39,315.39,143
08/10/2024,8,304.59,304.59,154.2
08/10/2024,9,303.97,303.97,194
08/10/2024,10,317,303.66,150
08/10/2024,11,315.71,198.98,154
08/10/2024,12,188.33,150.1,118
08/10/2024,13,188.33,150.08,153.3
08/10/2024,14,188.75,150.09,155
08/10/2024,15,189.17,179.09,158
08/10/2024,16,189.44,183.85,135.1
08/10/2024,17,300.7,300.7,102.6
08/10/2024,18,371.29,371.29,53
08/10/2024,19,371.3,371.3,42.6
08/10/2024,20,371.3,371.3,42.6
08/10/2024,21,371.3,371.3,42.6
08/10/2024,22,220.16,220.16,65.6
08/10/2024,23,198.91,150.07,146.8
08/10/2024,24,198.91,150.04,157.9
09/10/2024,1,198.91,108.78,175.4
09/10/2024,2,198.91,108.23,180
09/10/2024,3,198.91,108.05,180
09/10/2024,4,198.91,108.97,180
09/10/2024,5,219.5,112.47,164.3
09/10/2024,6,331.76,331.76,82
09/10/2024,7,311.69,311.69,59.5
09/10/2024,8,201,200.01,50
09/10/2024,9,201,180.99,100
09/10/2024,10,242.95,166,115
09/10/2024,11,202.45,150.05,110
09/10/2024,12,155,150.06,100
09/10/2024,13,155,150.06,80
09/10/2024,14,155,150.06,80
09/10/2024,15,155,150.06,79
09/10/2024,16,202.45,150.06,83
09/10/2024,17,334,250.04,87
09/10/2024,18,333.54,333.54,49.5
09/10/2024,19,368.86,368.86,39
09/10/2024,20,368.86,368.86,39
09/10/2024,21,368.86,368.86,39
09/10/2024,22,234.63,234.63,39
09/10/2024,23,232.74,115.93,141
09/10/2024,24,232.74,114.64,141
10/10/2024,1,200.9,112.45,180
10/10/2024,2,200.9,112.01,180
10/10/2024,3,200.9,111.88,180
10/10/2024,4,200.9,112.24,180
10/10/2024,5,224.93,115.67,165.2
10/10/2024,6,333.57,333.57,162
10/10/2024,7,313.38,313.38,60
10/10/2024,8,201,192.04,60
10/10/2024,9,201,181,59
10/10/2024,10,224.95,181,55
10/10/2024,11,226.95,150.09,62
10/10/2024,12,180.9,152.1,60
10/10/2024,13,180.9,152.63,105
10/10/2024,14,180.9,152.79,105
10/10/2024,15,180.9,152.67,108
10/10/2024,16,155,151.91,108
10/10/2024,17,334,298.96,110
10/10/2024,18,331.8,331.8,52
10/10/2024,19,368.05,368.05,37
10/10/2024,20,368.06,368.06,37
10/10/2024,21,368.05,368.05,37
10/10/2024,22,286.98,286.98,37
10/10/2024,23,226.33,165.64,93.7
10/10/2024,24,226.33,161.06,139
11/10/2024,1,200,101,197
11/10/2024,2,200,100.99,197
11/10/2024,3,200,100.99,197
11/10/2024,4,200,101.08,197
11/10/2024,5,242.45,110.72,129.3
11/10/2024,6,356.4,356.4,91.6
11/10/2024,7,317.89,317.89,71.3
11/10/2024,8,211,181,54
11/10/2024,9,211,171,150.4
11/10/2024,10,211,171,145
11/10/2024,11,222.95,165.28,144
11/10/2024,12,222.95,165.28,140
11/10/2024,13,222.95,165.28,179
11/10/2024,14,222.95,165.28,169
11/10/2024,15,222.95,165.28,159
11/10/2024,16,222.95,165.28,95
11/10/2024,17,229.95,178.32,99
11/10/2024,18,357.51,357.51,35
11/10/2024,19,364.27,364.27,19
11/10/2024,20,364.34,364.34,19
11/10/2024,21,364.05,364.05,19
11/10/2024,22,295.51,295.51,19
11/10/2024,23,230.06,161.14,171
11/10/2024,24,230.06,120.18,171
12/10/2024,1,160,123.95,185
12/10/2024,2,160,121.87,185
12/10/2024,3,160,121,185
12/10/2024,4,160,121,177
12/10/2024,5,192.09,134.17,173.2
12/10/2024,6,205.5,158.8,155
12/10/2024,7,201,200.1,107
12/10/2024,8,222.95,164.56,26
12/10/2024,9,222.95,150.99,100
12/10/2024,10,239.9,150.99,125
12/10/2024,11,222.95,150.97,125
12/10/2024,12,166,150.99,120
12/10/2024,13,150.05,121,136.5
12/10/2024,14,150.06,121.03,136.6
12/10/2024,15,150.07,124.96,132
12/10/2024,16,150.09,121.16,78
12/10/2024,17,150.01,124.98,60
12/10/2024,18,363.83,363.83,20
12/10/2024,19,363.83,363.83,24
12/10/2024,20,363.83,363.83,16
12/10/2024,21,281.59,281.59,16
12/10/2024,22,200.04,200.04,11
12/10/2024,23,223.05,182.63,171
12/10/2024,24,223.05,149.08,151
13/10/2024,1,192.09,124.61,177
13/10/2024,2,192.09,123.88,177
13/10/2024,3,192.09,122.82,177
13/10/2024,4,192.09,122.82,177
13/10/2024,5,214.95,134.49,177
13/10/2024,6,206.67,151.97,173.3
13/10/2024,7,336,101,120.9
13/10/2024,8,150.85,96.02,34
13/10/2024,9,150.07,96.75,124
13/10/2024,10,150,96.3,131
13/10/2024,11,150.09,100.64,131
13/10/2024,12,151.47,101,128
13/10/2024,13,153.48,101.18,173.9
13/10/2024,14,153.6,101.63,171.8
13/10/2024,15,150.07,120.99,170.8
13/10/2024,16,150.07,119.94,77
13/10/2024,17,150.01,121,80
13/10/2024,18,150.02,150.02,44
13/10/2024,19,363.83,363.83,20
13/10/2024,20,363.83,363.83,6
13/10/2024,21,353.15,353.15,6
13/10/2024,22,200.07,200.07,21
13/10/2024,23,228.05,159,151
13/10/2024,24,214.05,147.87,151
14/10/2024,1,200,157.86,227
14/10/2024,2,200,156.43,204
14/10/2024,3,200,153.5,189
14/10/2024,4,200,157.5,190
14/10/2024,5,227.5,179.11,189
14/10/2024,6,361.99,361.99,277
14/10/2024,7,332.29,332.29,282
14/10/2024,8,214,211,97.3
14/10/2024,9,214,211,147.4
14/10/2024,10,214,199.09,135
14/10/2024,11,239.95,199.8,142.4
14/10/2024,12,239.95,199.83,162.4
14/10/2024,13,239.95,199.86,179
14/10/2024,14,239.95,199.87,179
14/10/2024,15,239.95,199.89,189
14/10/2024,16,244.95,209.94,189
14/10/2024,17,256.45,233,169
14/10/2024,18,363.83,363.83,129
14/10/2024,19,363.83,363.83,57.4
14/10/2024,20,363.83,363.83,36
14/10/2024,21,363.83,363.83,89
14/10/2024,22,363.8,363.8,141
14/10/2024,23,233.57,229.55,259
14/10/2024,24,233.53,227.09,236
15/10/2024,1,209.95,136.99,207
15/10/2024,2,209.95,122.92,197
15/10/2024,3,209.95,122.53,177
15/10/2024,4,209.95,123.2,177
15/10/2024,5,192.1,150.04,285
15/10/2024,6,241.24,241.24,260
15/10/2024,7,235.08,235.08,254
15/10/2024,8,204,191,200
15/10/2024,9,191,180,289
15/10/2024,10,204,191,259
15/10/2024,11,224.95,150.08,269
15/10/2024,12,224.95,150.09,279
15/10/2024,13,224.95,151,279
15/10/2024,14,224.95,152,289
15/10/2024,15,224.95,153.23,297
15/10/2024,16,229.45,170.99,211
15/10/2024,17,234.45,219.2,223
15/10/2024,18,360.89,360.89,189
15/10/2024,19,369.22,369.22,181
15/10/2024,20,369.22,369.22,189
15/10/2024,21,369.18,369.18,189
15/10/2024,22,347.08,347.08,189
15/10/2024,23,200.1,189.68,251
15/10/2024,24,200.1,159.59,154
16/10/2024,1,169.99,155.58,194
16/10/2024,2,169.99,153.99,177
16/10/2024,3,169.99,153.7,177
16/10/2024,4,169.99,155.32,177
16/10/2024,5,192.1,162.29,224
16/10/2024,6,248.27,248.27,277
16/10/2024,7,246,246,122
16/10/2024,8,192.04,192.04,60
16/10/2024,9,185,185,130
16/10/2024,10,206,166,155
16/10/2024,11,179.77,179.77,174.5
16/10/2024,12,183.55,183.55,174.5
16/10/2024,13,193.18,193.18,174.8
16/10/2024,14,194.15,194.15,174.9
16/10/2024,15,193.54,193.54,174.9
16/10/2024,16,233.52,233.52,154.2
16/10/2024,17,231.4,231.4,112
16/10/2024,18,367.78,367.78,40
16/10/2024,19,372.42,372.42,40
16/10/2024,20,372.43,372.43,24
16/10/2024,21,372.43,372.43,24
16/10/2024,22,337.62,337.62,9
16/10/2024,23,200.05,183.31,251
16/10/2024,24,200.07,180.61,223
17/10/2024,1,180.45,136.23,185
17/10/2024,2,180.45,135.37,185
17/10/2024,3,180.45,135,185
17/10/2024,4,180.45,135.71,185
17/10/2024,5,192.07,150.01,185
17/10/2024,6,248.19,248.19,185
17/10/2024,7,229.93,229.93,134
17/10/2024,8,186,186,23
17/10/2024,9,190.97,190.97,112
17/10/2024,10,207,170.99,100
17/10/2024,11,186,186,100
17/10/2024,12,190.09,190.09,100
17/10/2024,13,191,191,134
17/10/2024,14,191,191,132
17/10/2024,15,191,191,143
17/10/2024,16,229,229,50
17/10/2024,17,232.85,232.85,60
17/10/2024,18,372.42,372.42,34
17/10/2024,19,372.44,372.44,26
17/10/2024,20,372.44,372.44,16
17/10/2024,21,372.44,372.44,22.5
17/10/2024,22,367.34,367.34,29
17/10/2024,23,200.1,169.65,159
17/10/2024,24,200.1,145.39,159
18/10/2024,1,181,135,188
18/10/2024,2,185.99,133.59,188
18/10/2024,3,185.99,131.31,188
18/10/2024,4,185.99,132.87,188
18/10/2024,5,192.07,148.47,188
18/10/2024,6,303.27,303.27,188
18/10/2024,7,287.64,287.64,132
18/10/2024,8,184.98,184.98,21
18/10/2024,9,184.93,184.93,85
18/10/2024,10,195,159.95,108
18/10/2024,11,189,161,110
18/10/2024,12,189,161,106
18/10/2024,13,189,161,116
18/10/2024,14,189,161,116
18/10/2024,15,189,161,118
18/10/2024,16,171,151,34
18/10/2024,17,171,171,35
18/10/2024,18,354.13,354.13,38
18/10/2024,19,369.17,369.17,27
18/10/2024,20,369.16,369.16,16
18/10/2024,21,369.14,369.14,17
18/10/2024,22,243.17,243.17,10
18/10/2024,23,200.06,181,172
18/10/2024,24,200.06,160.47,162
19/10/2024,1,179.45,125,164
19/10/2024,2,179.45,116.09,156
19/10/2024,3,179.45,115.85,156
19/10/2024,4,179.45,115.83,156
19/10/2024,5,174.45,125,156
19/10/2024,6,365.01,188.97,156
19/10/2024,7,330,148.76,138
19/10/2024,8,199.34,189.9,21
19/10/2024,9,199.3,190.62,108
19/10/2024,10,184.95,155,154
19/10/2024,11,198.92,150.07,106
19/10/2024,12,198.92,150.08,118
19/10/2024,13,150.04,150.04,139
19/10/2024,14,131.14,131.14,134
19/10/2024,15,129.77,129.77,140
19/10/2024,16,125,125,50
19/10/2024,17,129.77,129.77,64
19/10/2024,18,151.79,151.79,41
19/10/2024,19,366.63,366.63,121
19/10/2024,20,366.64,366.64,19
19/10/2024,21,362.02,362.02,19
19/10/2024,22,200.04,200.04,12
19/10/2024,23,200.1,166.38,162
19/10/2024,24,200.1,155.37,162
20/10/2024,1,174.45,119.96,188
20/10/2024,2,174.45,115.51,189
20/10/2024,3,174.45,115.27,189
20/10/2024,4,174.45,115.26,189
20/10/2024,5,174.45,116.65,189
20/10/2024,6,365.01,200.01,189
20/10/2024,7,330,163.05,132
20/10/2024,8,199.28,142,22
20/10/2024,9,199.26,141.33,106
20/10/2024,10,134.99,134.99,132
20/10/2024,11,131.15,131.15,108
20/10/2024,12,128.4,128.4,109
20/10/2024,13,127.03,127.03,129
20/10/2024,14,125,125,129
20/10/2024,15,125.65,125.65,139
20/10/2024,16,125,125,50
20/10/2024,17,139.4,139.4,63
20/10/2024,18,155,155,41
20/10/2024,19,364.72,364.72,74
20/10/2024,20,366.61,366.61,19
20/10/2024,21,352.67,352.67,19
20/10/2024,22,239.32,239.32,12
20/10/2024,23,200.1,166.08,162
20/10/2024,24,200.1,155,162
21/10/2024,1,166,136,240
21/10/2024,2,192.95,134.23,265
21/10/2024,3,192.95,132.52,270
21/10/2024,4,192.95,133.91,275
21/10/2024,5,166,143.58,270
21/10/2024,6,200.02,200.02,240
21/10/2024,7,295.63,295.63,220
21/10/2024,8,194.2,184.97,80
21/10/2024,9,194.12,193.34,220
21/10/2024,10,219.95,166,240
21/10/2024,11,150.03,150.03,250
21/10/2024,12,150.02,150.02,250
21/10/2024,13,150.02,150.02,160
21/10/2024,14,150.02,150.02,205
21/10/2024,15,150.03,150.03,237
21/10/2024,16,150.03,150.03,156
21/10/2024,17,178.99,178.99,221
21/10/2024,18,360.82,360.82,219
21/10/2024,19,366.66,366.66,101.3
21/10/2024,20,366.65,366.65,91.4
21/10/2024,21,366.65,366.65,89
21/10/2024,22,360.94,360.94,56
21/10/2024,23,200.09,167.35,156
21/10/2024,24,200.09,166.13,156
22/10/2024,1,150.1,79.29,220
22/10/2024,2,150.08,79.27,235
22/10/2024,3,150.08,79.25,249
22/10/2024,4,150.08,79.29,255
22/10/2024,5,150.09,79.56,240
22/10/2024,6,200.02,82.13,215
22/10/2024,7,200.03,110.46,175
22/10/2024,8,199.8,105.9,65.6
22/10/2024,9,199.8,106.37,214
22/10/2024,10,199.95,102.58,208
22/10/2024,11,194.94,104.99,207
22/10/2024,12,195.9,104.99,173
22/10/2024,13,196.09,104.99,168
22/10/2024,14,196.42,104.99,175
22/10/2024,15,196.87,142.21,190
22/10/2024,16,153.37,153.37,98
22/10/2024,17,228.56,228.56,177
22/10/2024,18,367.51,367.51,169
22/10/2024,19,368.91,368.91,139
22/10/2024,20,368.9,368.9,89
22/10/2024,21,363.89,363.89,89
22/10/2024,22,200.04,143.35,124
22/10/2024,23,150.09,79.9,164
22/10/2024,24,150.09,79.74,164.5
23/10/2024,1,150.09,114.49,177
23/10/2024,2,150.09,114.21,186
23/10/2024,3,150.09,113.94,186
23/10/2024,4,150.09,114.41,186
23/10/2024,5,150.09,125.61,186
23/10/2024,6,200.05,200.05,236
23/10/2024,7,318.36,318.36,150
23/10/2024,8,200.04,200.04,75
23/10/2024,9,200.04,200.04,155
23/10/2024,10,164.09,164.09,195
23/10/2024,11,164.97,164.97,157
23/10/2024,12,164.9,164.9,158
23/10/2024,13,165.08,165.08,172
23/10/2024,14,165.12,165.12,174
23/10/2024,15,162.24,162.24,180
23/10/2024,16,156.52,156.52,94
23/10/2024,17,222.93,222.93,113
23/10/2024,18,340.29,340.29,104
23/10/2024,19,368.66,368.66,130
23/10/2024,20,368.67,368.67,23
23/10/2024,21,368.66,368.66,6
23/10/2024,22,245.98,245.98,11
23/10/2024,23,156.66,156.66,156
23/10/2024,24,155.43,155.43,156
