{"data":[{"AreaShortName":"ZAMN","AreaPrice":14.95,"AreaColor":null},{"AreaShortName":"ZAMM","AreaPrice":14.95,"AreaColor":null},{"AreaShortName":"ANG","AreaPrice":0,"AreaColor":null},{"AreaShortName":"BOT","AreaPrice":50.1,"AreaColor":null},{"AreaShortName":"DRC","AreaPrice":14.95,"AreaColor":null},{"AreaShortName":"LES","AreaPrice":50.1,"AreaColor":null},{"AreaShortName":"MAL","AreaPrice":0,"AreaColor":null},{"AreaShortName":"MOZS","AreaPrice":50.1,"AreaColor":null},{"AreaShortName":"NAM","AreaPrice":50.1,"AreaColor":null},{"AreaShortName":"RSAN","AreaPrice":50.1,"AreaColor":null},{"AreaShortName":"RSAS","AreaPrice":50.1,"AreaColor":null},{"AreaShortName":"TAN","AreaPrice":0,"AreaColor":null},{"AreaShortName":"ZAMZ","AreaPrice":14.95,"AreaColor":null},{"AreaShortName":"ZIM","AreaPrice":14.95,"AreaColor":null},{"AreaShortName":"ZIMA","AreaPrice":14.95,"AreaColor":null},{"AreaShortName":"ZAMC","AreaPrice":14.95,"AreaColor":null},{"AreaShortName":"MOZN_EDM","AreaPrice":14.95,"AreaColor":null},{"AreaShortName":"MOZN_HCB","AreaPrice":14.95,"AreaColor":null},{"AreaShortName":"MOZC_EDM","AreaPrice":14.95,"AreaColor":null},{"AreaShortName":"ESW","AreaPrice":50.1,"AreaColor":null},{"AreaShortName":"ZAML","AreaPrice":14.95,"AreaColor":null}],"success":true,"error":"","avgPRZAR":805.86,"avgPRUSD":41.5,"dateToday":"2023/05/09","currenrPrice":41.5,"matchVolume":0,"tradeVolume":0,"rate":0,"mapColors":[{"ColorName":"Red","RGB1":"rgb(168,70,91)","RGB2":"rgb(89,0,19)","AreaName":"ZAMN"},{"ColorName":"Red","RGB1":"rgb(168,70,91)","RGB2":"rgb(89,0,19)","AreaName":"ZAMM"},{"ColorName":"Red","RGB1":"rgb(168,70,91)","RGB2":"rgb(89,0,19)","AreaName":"DRC"},{"ColorName":"Red","RGB1":"rgb(168,70,91)","RGB2":"rgb(89,0,19)","AreaName":"ZAMZ"},{"ColorName":"Red","RGB1":"rgb(168,70,91)","RGB2":"rgb(89,0,19)","AreaName":"ZIM"},{"ColorName":"Red","RGB1":"rgb(168,70,91)","RGB2":"rgb(89,0,19)","AreaName":"ZIMA"},{"ColorName":"Red","RGB1":"rgb(168,70,91)","RGB2":"rgb(89,0,19)","AreaName":"ZAMC"},{"ColorName":"Red","RGB1":"rgb(168,70,91)","RGB2":"rgb(89,0,19)","AreaName":"MOZN_EDM"},{"ColorName":"Red","RGB1":"rgb(168,70,91)","RGB2":"rgb(89,0,19)","AreaName":"MOZN_HCB"},{"ColorName":"Red","RGB1":"rgb(168,70,91)","RGB2":"rgb(89,0,19)","AreaName":"MOZC_EDM"},{"ColorName":"Red","RGB1":"rgb(168,70,91)","RGB2":"rgb(89,0,19)","AreaName":"ZAML"},{"ColorName":"Yellow","RGB1":"rgb(249,198,103)","RGB2":"rgb(249,116,0)","AreaName":"ANG"},{"ColorName":"Yellow","RGB1":"rgb(249,198,103)","RGB2":"rgb(249,116,0)","AreaName":"MAL"},{"ColorName":"Yellow","RGB1":"rgb(249,198,103)","RGB2":"rgb(249,116,0)","AreaName":"TAN"},{"ColorName":"Green","RGB1":"rgb(186,221,95)","RGB2":"rgb(57,130,53)","AreaName":"BOT"},{"ColorName":"Green","RGB1":"rgb(186,221,95)","RGB2":"rgb(57,130,53)","AreaName":"LES"},{"ColorName":"Green","RGB1":"rgb(186,221,95)","RGB2":"rgb(57,130,53)","AreaName":"MOZS"},{"ColorName":"Green","RGB1":"rgb(186,221,95)","RGB2":"rgb(57,130,53)","AreaName":"NAM"},{"ColorName":"Green","RGB1":"rgb(186,221,95)","RGB2":"rgb(57,130,53)","AreaName":"RSAN"},{"ColorName":"Green","RGB1":"rgb(186,221,95)","RGB2":"rgb(57,130,53)","AreaName":"RSAS"},{"ColorName":"Green","RGB1":"rgb(186,221,95)","RGB2":"rgb(57,130,53)","AreaName":"ESW"}],"excelData":[["Area Name","Price"],["ZAMN",14.95],["ZAMM",14.95],["ANG",0],["BOT",50.1],["DRC",14.95],["LES",50.1],["MAL",0],["MOZS",50.1],["NAM",50.1],["RSAN",50.1],["RSAS",50.1],["TAN",0],["ZAMZ",14.95],["ZIM",14.95],["ZIMA",14.95],["ZAMC",14.95],["MOZN_EDM",14.95],["MOZN_HCB",14.95],["MOZC_EDM",14.95],["ESW",50.1],["ZAML",14.95]]}