{"data":[{"AreaShortName":"ZAMN","AreaPrice":54.95,"AreaColor":null},{"AreaShortName":"ZAMM","AreaPrice":54.95,"AreaColor":null},{"AreaShortName":"ANG","AreaPrice":0,"AreaColor":null},{"AreaShortName":"BOT","AreaPrice":56.67,"AreaColor":null},{"AreaShortName":"DRC","AreaPrice":54.95,"AreaColor":null},{"AreaShortName":"LES","AreaPrice":56.67,"AreaColor":null},{"AreaShortName":"MAL","AreaPrice":0,"AreaColor":null},{"AreaShortName":"MOZS","AreaPrice":56.67,"AreaColor":null},{"AreaShortName":"NAM","AreaPrice":56.67,"AreaColor":null},{"AreaShortName":"RSAN","AreaPrice":56.67,"AreaColor":null},{"AreaShortName":"RSAS","AreaPrice":56.67,"AreaColor":null},{"AreaShortName":"TAN","AreaPrice":0,"AreaColor":null},{"AreaShortName":"ZAMZ","AreaPrice":54.95,"AreaColor":null},{"AreaShortName":"ZIM","AreaPrice":54.95,"AreaColor":null},{"AreaShortName":"ZIMA","AreaPrice":54.95,"AreaColor":null},{"AreaShortName":"ZAMC","AreaPrice":54.95,"AreaColor":null},{"AreaShortName":"MOZN_EDM","AreaPrice":54.95,"AreaColor":null},{"AreaShortName":"MOZN_HCB","AreaPrice":54.95,"AreaColor":null},{"AreaShortName":"MOZC_EDM","AreaPrice":54.95,"AreaColor":null},{"AreaShortName":"ESW","AreaPrice":56.67,"AreaColor":null},{"AreaShortName":"ZAML","AreaPrice":54.95,"AreaColor":null}],"success":true,"error":"","avgPRZAR":805.86,"avgPRUSD":41.5,"dateToday":"2023/05/09","currenrPrice":41.5,"matchVolume":0,"tradeVolume":0,"rate":0,"mapColors":[{"ColorName":"Red","RGB1":"rgb(168,70,91)","RGB2":"rgb(89,0,19)","AreaName":"ZAMN"},{"ColorName":"Red","RGB1":"rgb(168,70,91)","RGB2":"rgb(89,0,19)","AreaName":"ZAMM"},{"ColorName":"Red","RGB1":"rgb(168,70,91)","RGB2":"rgb(89,0,19)","AreaName":"DRC"},{"ColorName":"Red","RGB1":"rgb(168,70,91)","RGB2":"rgb(89,0,19)","AreaName":"ZAMZ"},{"ColorName":"Red","RGB1":"rgb(168,70,91)","RGB2":"rgb(89,0,19)","AreaName":"ZIM"},{"ColorName":"Red","RGB1":"rgb(168,70,91)","RGB2":"rgb(89,0,19)","AreaName":"ZIMA"},{"ColorName":"Red","RGB1":"rgb(168,70,91)","RGB2":"rgb(89,0,19)","AreaName":"ZAMC"},{"ColorName":"Red","RGB1":"rgb(168,70,91)","RGB2":"rgb(89,0,19)","AreaName":"MOZN_EDM"},{"ColorName":"Red","RGB1":"rgb(168,70,91)","RGB2":"rgb(89,0,19)","AreaName":"MOZN_HCB"},{"ColorName":"Red","RGB1":"rgb(168,70,91)","RGB2":"rgb(89,0,19)","AreaName":"MOZC_EDM"},{"ColorName":"Red","RGB1":"rgb(168,70,91)","RGB2":"rgb(89,0,19)","AreaName":"ZAML"},{"ColorName":"Yellow","RGB1":"rgb(249,198,103)","RGB2":"rgb(249,116,0)","AreaName":"ANG"},{"ColorName":"Yellow","RGB1":"rgb(249,198,103)","RGB2":"rgb(249,116,0)","AreaName":"MAL"},{"ColorName":"Yellow","RGB1":"rgb(249,198,103)","RGB2":"rgb(249,116,0)","AreaName":"TAN"},{"ColorName":"Green","RGB1":"rgb(186,221,95)","RGB2":"rgb(57,130,53)","AreaName":"BOT"},{"ColorName":"Green","RGB1":"rgb(186,221,95)","RGB2":"rgb(57,130,53)","AreaName":"LES"},{"ColorName":"Green","RGB1":"rgb(186,221,95)","RGB2":"rgb(57,130,53)","AreaName":"MOZS"},{"ColorName":"Green","RGB1":"rgb(186,221,95)","RGB2":"rgb(57,130,53)","AreaName":"NAM"},{"ColorName":"Green","RGB1":"rgb(186,221,95)","RGB2":"rgb(57,130,53)","AreaName":"RSAN"},{"ColorName":"Green","RGB1":"rgb(186,221,95)","RGB2":"rgb(57,130,53)","AreaName":"RSAS"},{"ColorName":"Green","RGB1":"rgb(186,221,95)","RGB2":"rgb(57,130,53)","AreaName":"ESW"}],"excelData":[["Area Name","Price"],["ZAMN",54.95],["ZAMM",54.95],["ANG",0],["BOT",56.67],["DRC",54.95],["LES",56.67],["MAL",0],["MOZS",56.67],["NAM",56.67],["RSAN",56.67],["RSAS",56.67],["TAN",0],["ZAMZ",54.95],["ZIM",54.95],["ZIMA",54.95],["ZAMC",54.95],["MOZN_EDM",54.95],["MOZN_HCB",54.95],["MOZC_EDM",54.95],["ESW",56.67],["ZAML",54.95]]}