{"data":[{"AreaShortName":"ZAMN","AreaPrice":29.98,"AreaColor":null},{"AreaShortName":"ZAMM","AreaPrice":29.98,"AreaColor":null},{"AreaShortName":"ANG","AreaPrice":0,"AreaColor":null},{"AreaShortName":"BOT","AreaPrice":29.98,"AreaColor":null},{"AreaShortName":"DRC","AreaPrice":29.98,"AreaColor":null},{"AreaShortName":"LES","AreaPrice":29.98,"AreaColor":null},{"AreaShortName":"MAL","AreaPrice":0,"AreaColor":null},{"AreaShortName":"MOZS","AreaPrice":29.98,"AreaColor":null},{"AreaShortName":"NAM","AreaPrice":29.98,"AreaColor":null},{"AreaShortName":"RSAN","AreaPrice":29.98,"AreaColor":null},{"AreaShortName":"RSAS","AreaPrice":29.98,"AreaColor":null},{"AreaShortName":"TAN","AreaPrice":0,"AreaColor":null},{"AreaShortName":"ZAMZ","AreaPrice":29.98,"AreaColor":null},{"AreaShortName":"ZIM","AreaPrice":29.98,"AreaColor":null},{"AreaShortName":"ZIMA","AreaPrice":29.98,"AreaColor":null},{"AreaShortName":"ZAMC","AreaPrice":29.98,"AreaColor":null},{"AreaShortName":"MOZN_EDM","AreaPrice":29.98,"AreaColor":null},{"AreaShortName":"MOZN_HCB","AreaPrice":29.98,"AreaColor":null},{"AreaShortName":"MOZC_EDM","AreaPrice":29.98,"AreaColor":null},{"AreaShortName":"ESW","AreaPrice":29.98,"AreaColor":null},{"AreaShortName":"ZAML","AreaPrice":29.98,"AreaColor":null}],"success":true,"error":"","avgPRZAR":1032.33,"avgPRUSD":50.73,"dateToday":"2023/05/20","currenrPrice":50.73,"matchVolume":0,"tradeVolume":0,"rate":0,"mapColors":[{"ColorName":"Red","RGB1":"rgb(168,70,91)","RGB2":"rgb(89,0,19)","AreaName":"ZAMN"},{"ColorName":"Red","RGB1":"rgb(168,70,91)","RGB2":"rgb(89,0,19)","AreaName":"ZAMM"},{"ColorName":"Red","RGB1":"rgb(168,70,91)","RGB2":"rgb(89,0,19)","AreaName":"BOT"},{"ColorName":"Red","RGB1":"rgb(168,70,91)","RGB2":"rgb(89,0,19)","AreaName":"DRC"},{"ColorName":"Red","RGB1":"rgb(168,70,91)","RGB2":"rgb(89,0,19)","AreaName":"LES"},{"ColorName":"Red","RGB1":"rgb(168,70,91)","RGB2":"rgb(89,0,19)","AreaName":"MOZS"},{"ColorName":"Red","RGB1":"rgb(168,70,91)","RGB2":"rgb(89,0,19)","AreaName":"NAM"},{"ColorName":"Red","RGB1":"rgb(168,70,91)","RGB2":"rgb(89,0,19)","AreaName":"RSAN"},{"ColorName":"Red","RGB1":"rgb(168,70,91)","RGB2":"rgb(89,0,19)","AreaName":"RSAS"},{"ColorName":"Red","RGB1":"rgb(168,70,91)","RGB2":"rgb(89,0,19)","AreaName":"ZAMZ"},{"ColorName":"Red","RGB1":"rgb(168,70,91)","RGB2":"rgb(89,0,19)","AreaName":"ZIM"},{"ColorName":"Red","RGB1":"rgb(168,70,91)","RGB2":"rgb(89,0,19)","AreaName":"ZIMA"},{"ColorName":"Red","RGB1":"rgb(168,70,91)","RGB2":"rgb(89,0,19)","AreaName":"ZAMC"},{"ColorName":"Red","RGB1":"rgb(168,70,91)","RGB2":"rgb(89,0,19)","AreaName":"MOZN_EDM"},{"ColorName":"Red","RGB1":"rgb(168,70,91)","RGB2":"rgb(89,0,19)","AreaName":"MOZN_HCB"},{"ColorName":"Red","RGB1":"rgb(168,70,91)","RGB2":"rgb(89,0,19)","AreaName":"MOZC_EDM"},{"ColorName":"Red","RGB1":"rgb(168,70,91)","RGB2":"rgb(89,0,19)","AreaName":"ESW"},{"ColorName":"Red","RGB1":"rgb(168,70,91)","RGB2":"rgb(89,0,19)","AreaName":"ZAML"},{"ColorName":"Yellow","RGB1":"rgb(249,198,103)","RGB2":"rgb(249,116,0)","AreaName":"ANG"},{"ColorName":"Yellow","RGB1":"rgb(249,198,103)","RGB2":"rgb(249,116,0)","AreaName":"MAL"},{"ColorName":"Yellow","RGB1":"rgb(249,198,103)","RGB2":"rgb(249,116,0)","AreaName":"TAN"}],"excelData":[["Area Name","Price"],["ZAMN",29.98],["ZAMM",29.98],["ANG",0],["BOT",29.98],["DRC",29.98],["LES",29.98],["MAL",0],["MOZS",29.98],["NAM",29.98],["RSAN",29.98],["RSAS",29.98],["TAN",0],["ZAMZ",29.98],["ZIM",29.98],["ZIMA",29.98],["ZAMC",29.98],["MOZN_EDM",29.98],["MOZN_HCB",29.98],["MOZC_EDM",29.98],["ESW",29.98],["ZAML",29.98]]}