date,hourlyid,market,tradedate,hour,price,volume,date,year,month,day,day_of_week,month_no,hour_ref
2020-03-01,62851,1,2020-03-01,2,34.06,58.9,2020-03-01,2020,3,1,6,2020.03,weekend_2
2020-03-01,62860,1,2020-03-01,11,34.08,52.3,2020-03-01,2020,3,1,6,2020.03,weekend_11
2020-03-01,62871,1,2020-03-01,22,53.07,42.0,2020-03-01,2020,3,1,6,2020.03,weekend_22
2020-03-02,62879,1,2020-03-02,6,64.99,88.9,2020-03-02,2020,3,2,0,2020.03,weekday_6
2020-03-02,62889,1,2020-03-02,16,64.95,147.0,2020-03-02,2020,3,2,0,2020.03,weekday_16
2020-03-03,62898,1,2020-03-03,1,51.74,41.0,2020-03-03,2020,3,3,1,2020.03,weekday_1
2020-03-03,62908,1,2020-03-03,11,64.97,106.0,2020-03-03,2020,3,3,1,2020.03,weekday_11
2020-03-03,62918,1,2020-03-03,21,173.86,26.7,2020-03-03,2020,3,3,1,2020.03,weekday_21
2020-03-04,62931,1,2020-03-04,10,64.91,165.2,2020-03-04,2020,3,4,2,2020.03,weekday_10
2020-03-04,62939,1,2020-03-04,18,239.31,42.1,2020-03-04,2020,3,4,2,2020.03,weekday_18
2020-03-05,62949,1,2020-03-05,4,34.95,88.8,2020-03-05,2020,3,5,3,2020.03,weekday_4
2020-03-05,62958,1,2020-03-05,13,64.61,181.0,2020-03-05,2020,3,5,3,2020.03,weekday_13
2020-03-05,62968,1,2020-03-05,23,34.95,80.4,2020-03-05,2020,3,5,3,2020.03,weekday_23
2020-03-06,62980,1,2020-03-06,11,64.9,228.7,2020-03-06,2020,3,6,4,2020.03,weekday_11
2020-03-06,62991,1,2020-03-06,22,34.99,42.9,2020-03-06,2020,3,6,4,2020.03,weekday_22
2020-03-07,62998,1,2020-03-07,5,57.03,35.0,2020-03-07,2020,3,7,5,2020.03,weekend_5
2020-03-07,63008,1,2020-03-07,15,126.08,21.0,2020-03-07,2020,3,7,5,2020.03,weekend_15
2020-03-08,63021,1,2020-03-08,4,34.58,44.0,2020-03-08,2020,3,8,6,2020.03,weekend_4
2020-03-08,63030,1,2020-03-08,13,34.59,40.5,2020-03-08,2020,3,8,6,2020.03,weekend_13
2020-03-09,63041,1,2020-03-09,0,34.95,86.0,2020-03-09,2020,3,9,0,2020.03,weekday_0
2020-03-09,63049,1,2020-03-09,8,89.93,158.0,2020-03-09,2020,3,9,0,2020.03,weekday_8
2020-03-09,63061,1,2020-03-09,20,260.0,40.0,2020-03-09,2020,3,9,0,2020.03,weekday_20
2020-03-10,63068,1,2020-03-10,3,33.97,38.0,2020-03-10,2020,3,10,1,2020.03,weekday_3
2020-03-10,63078,1,2020-03-10,13,64.92,194.6,2020-03-10,2020,3,10,1,2020.03,weekday_13
2020-03-10,63088,1,2020-03-10,23,34.6,39.0,2020-03-10,2020,3,10,1,2020.03,weekday_23
2020-03-11,63101,1,2020-03-11,12,64.93,178.9,2020-03-11,2020,3,11,2,2020.03,weekday_12
2020-03-11,63110,1,2020-03-11,21,172.48,69.7,2020-03-11,2020,3,11,2,2020.03,weekday_21
2020-03-12,63121,1,2020-03-12,8,174.26,21.0,2020-03-12,2020,3,12,3,2020.03,weekday_8
2020-03-12,63129,1,2020-03-12,16,152.66,47.0,2020-03-12,2020,3,12,3,2020.03,weekday_16
2020-03-13,63141,1,2020-03-13,4,35.44,68.2,2020-03-13,2020,3,13,4,2020.03,weekday_4
2020-03-13,63150,1,2020-03-13,13,121.99,62.5,2020-03-13,2020,3,13,4,2020.03,weekday_13
2020-03-14,63161,1,2020-03-14,0,82.1,17.0,2020-03-14,2020,3,14,5,2020.03,weekend_0
2020-03-14,63169,1,2020-03-14,8,67.16,84.0,2020-03-14,2020,3,14,5,2020.03,weekend_8
2020-03-14,63179,1,2020-03-14,18,67.86,60.0,2020-03-14,2020,3,14,5,2020.03,weekend_18
2020-03-15,63188,1,2020-03-15,3,35.45,67.7,2020-03-15,2020,3,15,6,2020.03,weekend_3
2020-03-15,63198,1,2020-03-15,13,30.08,81.0,2020-03-15,2020,3,15,6,2020.03,weekend_13
2020-03-15,63208,1,2020-03-15,23,35.47,58.0,2020-03-15,2020,3,15,6,2020.03,weekend_23
2020-03-16,63218,1,2020-03-16,9,170.49,84.0,2020-03-16,2020,3,16,0,2020.03,weekday_9
2020-03-16,63228,1,2020-03-16,19,240.03,50.9,2020-03-16,2020,3,16,0,2020.03,weekday_19
2020-03-17,63237,1,2020-03-17,4,36.06,83.6,2020-03-17,2020,3,17,1,2020.03,weekday_4
2020-03-17,63247,1,2020-03-17,14,104.63,87.0,2020-03-17,2020,3,17,1,2020.03,weekday_14
2020-03-18,63257,1,2020-03-18,0,36.29,82.0,2020-03-18,2020,3,18,2,2020.03,weekday_0
2020-03-18,63265,1,2020-03-18,8,159.93,84.0,2020-03-18,2020,3,18,2,2020.03,weekday_8
2020-03-18,63276,1,2020-03-18,19,228.72,60.0,2020-03-18,2020,3,18,2,2020.03,weekday_19
2020-03-19,63285,1,2020-03-19,5,36.06,79.0,2020-03-19,2020,3,19,3,2020.03,weekday_5
2020-03-19,63295,1,2020-03-19,14,104.98,80.7,2020-03-19,2020,3,19,3,2020.03,weekday_14
2020-03-20,63306,1,2020-03-20,1,46.74,111.0,2020-03-20,2020,3,20,4,2020.03,weekday_1
2020-03-20,63315,1,2020-03-20,10,104.49,80.5,2020-03-20,2020,3,20,4,2020.03,weekday_10
2020-03-20,63327,1,2020-03-20,22,46.68,112.0,2020-03-20,2020,3,20,4,2020.03,weekday_22
2020-03-21,63336,1,2020-03-21,7,61.96,130.0,2020-03-21,2020,3,21,5,2020.03,weekend_7
2020-03-21,63348,1,2020-03-21,19,190.01,60.0,2020-03-21,2020,3,21,5,2020.03,weekend_19
2020-03-22,63356,1,2020-03-22,3,43.35,59.0,2020-03-22,2020,3,22,6,2020.03,weekend_3
2020-03-22,63367,1,2020-03-22,14,65.02,62.0,2020-03-22,2020,3,22,6,2020.03,weekend_14
2020-03-22,63374,1,2020-03-22,21,70.03,60.0,2020-03-22,2020,3,22,6,2020.03,weekend_21
2020-03-23,63386,1,2020-03-23,9,139.93,81.0,2020-03-23,2020,3,23,0,2020.03,weekday_9
2020-03-23,63398,1,2020-03-23,21,94.93,70.0,2020-03-23,2020,3,23,0,2020.03,weekday_21
2020-03-24,63407,1,2020-03-24,6,59.98,90.6,2020-03-24,2020,3,24,1,2020.03,weekday_6
2020-03-24,63418,1,2020-03-24,17,90.07,70.0,2020-03-24,2020,3,24,1,2020.03,weekday_17
2020-03-25,63427,1,2020-03-25,2,35.0,150.0,2020-03-25,2020,3,25,2,2020.03,weekday_2
2020-03-25,63438,1,2020-03-25,13,89.99,61.0,2020-03-25,2020,3,25,2,2020.03,weekday_13
2020-03-25,63448,1,2020-03-25,23,36.26,59.0,2020-03-25,2020,3,25,2,2020.03,weekday_23
2020-03-26,63456,1,2020-03-26,7,119.92,78.0,2020-03-26,2020,3,26,3,2020.03,weekday_7
2020-03-26,63465,1,2020-03-26,16,89.83,68.0,2020-03-26,2020,3,26,3,2020.03,weekday_16
2020-03-27,63478,1,2020-03-27,5,34.97,118.0,2020-03-27,2020,3,27,4,2020.03,weekday_5
2020-03-27,63488,1,2020-03-27,15,89.4,62.0,2020-03-27,2020,3,27,4,2020.03,weekday_15
2020-03-28,63497,1,2020-03-28,0,36.03,67.0,2020-03-28,2020,3,28,5,2020.03,weekend_0
2020-03-28,63507,1,2020-03-28,10,61.98,88.0,2020-03-28,2020,3,28,5,2020.03,weekend_10
2020-03-28,63517,1,2020-03-28,20,46.54,20.0,2020-03-28,2020,3,28,5,2020.03,weekend_20
2020-03-29,63526,1,2020-03-29,5,30.04,104.0,2020-03-29,2020,3,29,6,2020.03,weekend_5
2020-03-29,63535,1,2020-03-29,14,29.99,73.0,2020-03-29,2020,3,29,6,2020.03,weekend_14
2020-03-29,63544,1,2020-03-29,23,36.05,57.0,2020-03-29,2020,3,29,6,2020.03,weekend_23
2020-03-30,63554,1,2020-03-30,9,167.29,54.0,2020-03-30,2020,3,30,0,2020.03,weekday_9
2020-03-30,63565,1,2020-03-30,20,112.21,50.0,2020-03-30,2020,3,30,0,2020.03,weekday_20
2020-03-31,63575,1,2020-03-31,6,54.99,96.0,2020-03-31,2020,3,31,1,2020.03,weekday_6
2020-03-31,63586,1,2020-03-31,17,86.0,70.0,2020-03-31,2020,3,31,1,2020.03,weekday_17
2020-03-01,62854,1,2020-03-01,5,53.24,42.0,2020-03-01,2020,3,1,6,2020.03,weekend_5
2020-03-01,62864,1,2020-03-01,15,36.1,43.0,2020-03-01,2020,3,1,6,2020.03,weekend_15
2020-03-02,62876,1,2020-03-02,3,34.03,69.0,2020-03-02,2020,3,2,0,2020.03,weekday_3
2020-03-02,62886,1,2020-03-02,13,64.93,171.6,2020-03-02,2020,3,2,0,2020.03,weekday_13
2020-03-02,62894,1,2020-03-02,21,82.88,72.0,2020-03-02,2020,3,2,0,2020.03,weekday_21
2020-03-03,62905,1,2020-03-03,8,172.57,64.0,2020-03-03,2020,3,3,1,2020.03,weekday_8
2020-03-03,62915,1,2020-03-03,18,282.0,0.0,2020-03-03,2020,3,3,1,2020.03,weekday_18
2020-03-04,62925,1,2020-03-04,4,34.97,53.0,2020-03-04,2020,3,4,2,2020.03,weekday_4
2020-03-04,62933,1,2020-03-04,12,64.92,173.2,2020-03-04,2020,3,4,2,2020.03,weekday_12
2020-03-04,62944,1,2020-03-04,23,34.89,88.0,2020-03-04,2020,3,4,2,2020.03,weekday_23
2020-03-05,62955,1,2020-03-05,10,64.84,175.0,2020-03-05,2020,3,5,3,2020.03,weekday_10
2020-03-05,62967,1,2020-03-05,22,34.99,44.9,2020-03-05,2020,3,5,3,2020.03,weekday_22
2020-03-06,62976,1,2020-03-06,7,89.94,157.0,2020-03-06,2020,3,6,4,2020.03,weekday_7
2020-03-06,62985,1,2020-03-06,16,64.91,224.0,2020-03-06,2020,3,6,4,2020.03,weekday_16
2020-03-07,62997,1,2020-03-07,4,34.56,50.7,2020-03-07,2020,3,7,5,2020.03,weekend_4
2020-03-07,63006,1,2020-03-07,13,104.27,36.0,2020-03-07,2020,3,7,5,2020.03,weekend_13
2020-03-08,63017,1,2020-03-08,0,34.6,33.0,2020-03-08,2020,3,8,6,2020.03,weekend_0
2020-03-08,63027,1,2020-03-08,10,34.6,38.4,2020-03-08,2020,3,8,6,2020.03,weekend_10
2020-03-08,63037,1,2020-03-08,20,275.0,0.0,2020-03-08,2020,3,8,6,2020.03,weekend_20
2020-03-09,63045,1,2020-03-09,4,34.93,104.0,2020-03-09,2020,3,9,0,2020.03,weekday_4
2020-03-09,63055,1,2020-03-09,14,64.56,200.0,2020-03-09,2020,3,9,0,2020.03,weekday_14
2020-03-09,63064,1,2020-03-09,23,34.93,106.9,2020-03-09,2020,3,9,0,2020.03,weekday_23
2020-03-10,63075,1,2020-03-10,10,64.93,177.5,2020-03-10,2020,3,10,1,2020.03,weekday_10
2020-03-10,63086,1,2020-03-10,21,173.29,45.0,2020-03-10,2020,3,10,1,2020.03,weekday_21
2020-03-11,63095,1,2020-03-11,6,64.98,102.7,2020-03-11,2020,3,11,2,2020.03,weekday_6
2020-03-11,63105,1,2020-03-11,16,64.95,155.5,2020-03-11,2020,3,11,2,2020.03,weekday_16
2020-03-12,63116,1,2020-03-12,3,34.97,71.0,2020-03-12,2020,3,12,3,2020.03,weekday_3
2020-03-12,63126,1,2020-03-12,13,119.9,75.0,2020-03-12,2020,3,12,3,2020.03,weekday_13
2020-03-12,63135,1,2020-03-12,22,59.51,44.0,2020-03-12,2020,3,12,3,2020.03,weekday_22
2020-03-13,63147,1,2020-03-13,10,124.39,52.5,2020-03-13,2020,3,13,4,2020.03,weekday_10
2020-03-13,63157,1,2020-03-13,20,238.45,51.3,2020-03-13,2020,3,13,4,2020.03,weekday_20
2020-03-14,63165,1,2020-03-14,4,35.46,60.0,2020-03-14,2020,3,14,5,2020.03,weekend_4
2020-03-14,63176,1,2020-03-14,15,30.0,50.7,2020-03-14,2020,3,14,5,2020.03,weekend_15
2020-03-15,63185,1,2020-03-15,0,36.85,41.0,2020-03-15,2020,3,15,6,2020.03,weekend_0
2020-03-15,63196,1,2020-03-15,11,30.08,75.0,2020-03-15,2020,3,15,6,2020.03,weekend_11
2020-03-15,63207,1,2020-03-15,22,35.5,43.0,2020-03-15,2020,3,15,6,2020.03,weekend_22
2020-03-16,63217,1,2020-03-16,8,171.29,84.0,2020-03-16,2020,3,16,0,2020.03,weekday_8
2020-03-16,63226,1,2020-03-16,17,117.97,85.0,2020-03-16,2020,3,16,0,2020.03,weekday_17
2020-03-17,63235,1,2020-03-17,2,36.05,86.0,2020-03-17,2020,3,17,1,2020.03,weekday_2
2020-03-17,63244,1,2020-03-17,11,103.57,87.0,2020-03-17,2020,3,17,1,2020.03,weekday_11
2020-03-17,63254,1,2020-03-17,21,173.99,28.6,2020-03-17,2020,3,17,1,2020.03,weekday_21
2020-03-18,63266,1,2020-03-18,9,159.91,84.0,2020-03-18,2020,3,18,2,2020.03,weekday_9
2020-03-18,63277,1,2020-03-18,20,228.63,60.0,2020-03-18,2020,3,18,2,2020.03,weekday_20
2020-03-19,63284,1,2020-03-19,3,36.08,73.0,2020-03-19,2020,3,19,3,2020.03,weekday_3
2020-03-19,63294,1,2020-03-19,13,104.63,81.3,2020-03-19,2020,3,19,3,2020.03,weekday_13
2020-03-20,63307,1,2020-03-20,2,37.08,71.2,2020-03-20,2020,3,20,4,2020.03,weekday_2
2020-03-20,63316,1,2020-03-20,11,104.87,80.9,2020-03-20,2020,3,20,4,2020.03,weekday_11
2020-03-20,63326,1,2020-03-20,21,130.0,82.0,2020-03-20,2020,3,20,4,2020.03,weekday_21
2020-03-21,63337,1,2020-03-21,8,61.98,107.0,2020-03-21,2020,3,21,5,2020.03,weekend_8
2020-03-21,63347,1,2020-03-21,18,67.7,60.0,2020-03-21,2020,3,21,5,2020.03,weekend_18
2020-03-22,63355,1,2020-03-22,2,43.38,59.0,2020-03-22,2020,3,22,6,2020.03,weekend_2
2020-03-22,63365,1,2020-03-22,12,116.53,13.0,2020-03-22,2020,3,22,6,2020.03,weekend_12
2020-03-22,63375,1,2020-03-22,22,43.65,110.0,2020-03-22,2020,3,22,6,2020.03,weekend_22
2020-03-23,63384,1,2020-03-23,7,139.92,82.0,2020-03-23,2020,3,23,0,2020.03,weekday_7
2020-03-23,63395,1,2020-03-23,18,139.31,60.0,2020-03-23,2020,3,23,0,2020.03,weekday_18
2020-03-24,63406,1,2020-03-24,5,36.01,129.0,2020-03-24,2020,3,24,1,2020.03,weekday_5
2020-03-24,63416,1,2020-03-24,15,94.88,70.0,2020-03-24,2020,3,24,1,2020.03,weekday_15
2020-03-25,63428,1,2020-03-25,3,34.99,152.0,2020-03-25,2020,3,25,2,2020.03,weekday_3
2020-03-25,63436,1,2020-03-25,11,89.97,62.0,2020-03-25,2020,3,25,2,2020.03,weekday_11
2020-03-25,63447,1,2020-03-25,22,36.44,41.0,2020-03-25,2020,3,25,2,2020.03,weekday_22
2020-03-26,63457,1,2020-03-26,8,119.94,77.0,2020-03-26,2020,3,26,3,2020.03,weekday_8
2020-03-26,63468,1,2020-03-26,19,220.05,60.0,2020-03-26,2020,3,26,3,2020.03,weekday_19
2020-03-27,63476,1,2020-03-27,3,34.96,115.0,2020-03-27,2020,3,27,4,2020.03,weekday_3
2020-03-27,63486,1,2020-03-27,13,89.39,61.0,2020-03-27,2020,3,27,4,2020.03,weekday_13
2020-03-28,63498,1,2020-03-28,1,35.0,86.0,2020-03-28,2020,3,28,5,2020.03,weekend_1
2020-03-28,63506,1,2020-03-28,9,61.99,85.0,2020-03-28,2020,3,28,5,2020.03,weekend_9
2020-03-28,63518,1,2020-03-28,21,46.54,41.0,2020-03-28,2020,3,28,5,2020.03,weekend_21
2020-03-29,63528,1,2020-03-29,7,29.98,89.0,2020-03-29,2020,3,29,6,2020.03,weekend_7
2020-03-29,63537,1,2020-03-29,16,30.01,62.0,2020-03-29,2020,3,29,6,2020.03,weekend_16
2020-03-30,63548,1,2020-03-30,3,34.94,139.0,2020-03-30,2020,3,30,0,2020.03,weekday_3
2020-03-30,63558,1,2020-03-30,13,95.5,65.0,2020-03-30,2020,3,30,0,2020.03,weekday_13
2020-03-30,63566,1,2020-03-30,21,87.38,65.0,2020-03-30,2020,3,30,0,2020.03,weekday_21
2020-03-31,63574,1,2020-03-31,5,33.95,100.0,2020-03-31,2020,3,31,1,2020.03,weekday_5
2020-03-31,63584,1,2020-03-31,15,89.12,70.0,2020-03-31,2020,3,31,1,2020.03,weekday_15
2020-03-01,62853,1,2020-03-01,4,34.5,42.0,2020-03-01,2020,3,1,6,2020.03,weekend_4
2020-03-01,62866,1,2020-03-01,17,35.7,43.0,2020-03-01,2020,3,1,6,2020.03,weekend_17
2020-03-02,62877,1,2020-03-02,4,34.04,65.0,2020-03-02,2020,3,2,0,2020.03,weekday_4
2020-03-02,62885,1,2020-03-02,12,64.93,175.7,2020-03-02,2020,3,2,0,2020.03,weekday_12
2020-03-02,62893,1,2020-03-02,20,243.33,50.0,2020-03-02,2020,3,2,0,2020.03,weekday_20
2020-03-03,62903,1,2020-03-03,6,218.23,41.0,2020-03-03,2020,3,3,1,2020.03,weekday_6
2020-03-03,62914,1,2020-03-03,17,154.67,24.0,2020-03-03,2020,3,3,1,2020.03,weekday_17
2020-03-04,62924,1,2020-03-04,3,34.97,52.0,2020-03-04,2020,3,4,2,2020.03,weekday_3
2020-03-04,62934,1,2020-03-04,13,64.92,170.5,2020-03-04,2020,3,4,2,2020.03,weekday_13
2020-03-04,62942,1,2020-03-04,21,172.35,60.0,2020-03-04,2020,3,4,2,2020.03,weekday_21
2020-03-05,62954,1,2020-03-05,9,89.91,172.0,2020-03-05,2020,3,5,3,2020.03,weekday_9
2020-03-05,62966,1,2020-03-05,21,153.67,65.0,2020-03-05,2020,3,5,3,2020.03,weekday_21
2020-03-06,62975,1,2020-03-06,6,64.95,138.8,2020-03-06,2020,3,6,4,2020.03,weekday_6
2020-03-06,62987,1,2020-03-06,18,234.56,44.3,2020-03-06,2020,3,6,4,2020.03,weekday_18
2020-03-07,62995,1,2020-03-07,2,34.56,52.1,2020-03-07,2020,3,7,5,2020.03,weekend_2
2020-03-07,63007,1,2020-03-07,14,78.13,36.0,2020-03-07,2020,3,7,5,2020.03,weekend_14
2020-03-07,63014,1,2020-03-07,21,80.54,36.0,2020-03-07,2020,3,7,5,2020.03,weekend_21
2020-03-08,63023,1,2020-03-08,6,34.57,44.0,2020-03-08,2020,3,8,6,2020.03,weekend_6
2020-03-08,63033,1,2020-03-08,16,55.7,38.0,2020-03-08,2020,3,8,6,2020.03,weekend_16
2020-03-09,63044,1,2020-03-09,3,34.92,116.0,2020-03-09,2020,3,9,0,2020.03,weekday_3
2020-03-09,63054,1,2020-03-09,13,64.54,205.0,2020-03-09,2020,3,9,0,2020.03,weekday_13
2020-03-09,63062,1,2020-03-09,21,172.35,68.0,2020-03-09,2020,3,9,0,2020.03,weekday_21
2020-03-10,63072,1,2020-03-10,7,89.98,97.0,2020-03-10,2020,3,10,1,2020.03,weekday_7
2020-03-10,63087,1,2020-03-10,22,50.05,39.0,2020-03-10,2020,3,10,1,2020.03,weekday_22
2020-03-11,63096,1,2020-03-11,7,89.98,105.0,2020-03-11,2020,3,11,2,2020.03,weekday_7
2020-03-11,63107,1,2020-03-11,18,246.56,48.8,2020-03-11,2020,3,11,2,2020.03,weekday_18
2020-03-12,63115,1,2020-03-12,2,34.98,67.0,2020-03-12,2020,3,12,3,2020.03,weekday_2
2020-03-12,63127,1,2020-03-12,14,122.79,63.0,2020-03-12,2020,3,12,3,2020.03,weekday_14
2020-03-12,63136,1,2020-03-12,23,79.27,36.0,2020-03-12,2020,3,12,3,2020.03,weekday_23
2020-03-13,63146,1,2020-03-13,9,169.26,81.0,2020-03-13,2020,3,13,4,2020.03,weekday_9
2020-03-13,63155,1,2020-03-13,18,235.75,51.9,2020-03-13,2020,3,13,4,2020.03,weekday_18
2020-03-14,63162,1,2020-03-14,1,35.5,43.0,2020-03-14,2020,3,14,5,2020.03,weekend_1
2020-03-14,63172,1,2020-03-14,11,65.11,80.0,2020-03-14,2020,3,14,5,2020.03,weekend_11
2020-03-14,63184,1,2020-03-14,23,78.83,37.0,2020-03-14,2020,3,14,5,2020.03,weekend_23
2020-03-15,63195,1,2020-03-15,10,37.67,44.0,2020-03-15,2020,3,15,6,2020.03,weekend_10
2020-03-15,63202,1,2020-03-15,17,35.8,45.0,2020-03-15,2020,3,15,6,2020.03,weekend_17
2020-03-16,63212,1,2020-03-16,3,35.44,92.0,2020-03-16,2020,3,16,0,2020.03,weekday_3
2020-03-16,63223,1,2020-03-16,14,121.85,65.4,2020-03-16,2020,3,16,0,2020.03,weekday_14
2020-03-16,63232,1,2020-03-16,23,70.4,62.0,2020-03-16,2020,3,16,0,2020.03,weekday_23
2020-03-17,63243,1,2020-03-17,10,102.99,86.0,2020-03-17,2020,3,17,1,2020.03,weekday_10
2020-03-17,63253,1,2020-03-17,20,235.15,52.0,2020-03-17,2020,3,17,1,2020.03,weekday_20
2020-03-18,63261,1,2020-03-18,4,35.5,111.0,2020-03-18,2020,3,18,2,2020.03,weekday_4
2020-03-18,63272,1,2020-03-18,15,102.96,86.0,2020-03-18,2020,3,18,2,2020.03,weekday_15
2020-03-19,63283,1,2020-03-19,2,36.08,70.0,2020-03-19,2020,3,19,3,2020.03,weekday_2
2020-03-19,63291,1,2020-03-19,10,104.17,81.0,2020-03-19,2020,3,19,3,2020.03,weekday_10
2020-03-19,63301,1,2020-03-19,20,226.98,60.0,2020-03-19,2020,3,19,3,2020.03,weekday_20
2020-03-20,63311,1,2020-03-20,6,129.96,81.0,2020-03-20,2020,3,20,4,2020.03,weekday_6
2020-03-20,63321,1,2020-03-20,16,103.61,84.0,2020-03-20,2020,3,20,4,2020.03,weekday_16
2020-03-21,63333,1,2020-03-21,4,37.05,82.0,2020-03-21,2020,3,21,5,2020.03,weekend_4
2020-03-21,63343,1,2020-03-21,14,34.97,73.0,2020-03-21,2020,3,21,5,2020.03,weekend_14
2020-03-21,63352,1,2020-03-21,23,43.56,110.0,2020-03-21,2020,3,21,5,2020.03,weekend_23
2020-03-22,63362,1,2020-03-22,9,173.04,11.0,2020-03-22,2020,3,22,6,2020.03,weekend_9
2020-03-22,63372,1,2020-03-22,19,190.08,40.0,2020-03-22,2020,3,22,6,2020.03,weekend_19
2020-03-23,63383,1,2020-03-23,6,61.98,91.0,2020-03-23,2020,3,23,0,2020.03,weekday_6
2020-03-23,63393,1,2020-03-23,16,100.23,73.0,2020-03-23,2020,3,23,0,2020.03,weekday_16
2020-03-24,63403,1,2020-03-24,2,35.41,143.0,2020-03-24,2020,3,24,1,2020.03,weekday_2
2020-03-24,63411,1,2020-03-24,10,93.88,69.0,2020-03-24,2020,3,24,1,2020.03,weekday_10
2020-03-24,63422,1,2020-03-24,21,92.91,64.0,2020-03-24,2020,3,24,1,2020.03,weekday_21
2020-03-25,63431,1,2020-03-25,6,59.95,125.0,2020-03-25,2020,3,25,2,2020.03,weekday_6
2020-03-25,63443,1,2020-03-25,18,90.08,60.0,2020-03-25,2020,3,25,2,2020.03,weekday_18
2020-03-26,63452,1,2020-03-26,3,36.02,121.0,2020-03-26,2020,3,26,3,2020.03,weekday_3
2020-03-26,63462,1,2020-03-26,13,89.8,67.0,2020-03-26,2020,3,26,3,2020.03,weekday_13
2020-03-26,63472,1,2020-03-26,23,36.22,62.0,2020-03-26,2020,3,26,3,2020.03,weekday_23
2020-03-27,63483,1,2020-03-27,10,89.34,61.0,2020-03-27,2020,3,27,4,2020.03,weekday_10
2020-03-27,63492,1,2020-03-27,19,220.06,60.0,2020-03-27,2020,3,27,4,2020.03,weekday_19
2020-03-28,63503,1,2020-03-28,6,30.0,132.0,2020-03-28,2020,3,28,5,2020.03,weekend_6
2020-03-28,63513,1,2020-03-28,16,34.95,82.0,2020-03-28,2020,3,28,5,2020.03,weekend_16
2020-03-28,63520,1,2020-03-28,23,43.12,41.0,2020-03-28,2020,3,28,5,2020.03,weekend_23
2020-03-29,63529,1,2020-03-29,8,29.97,63.0,2020-03-29,2020,3,29,6,2020.03,weekend_8
2020-03-29,63539,1,2020-03-29,18,39.99,36.0,2020-03-29,2020,3,29,6,2020.03,weekend_18
2020-03-30,63549,1,2020-03-30,4,33.98,114.0,2020-03-30,2020,3,30,0,2020.03,weekday_4
2020-03-30,63561,1,2020-03-30,16,86.98,66.0,2020-03-30,2020,3,30,0,2020.03,weekday_16
2020-03-31,63571,1,2020-03-31,2,33.99,125.0,2020-03-31,2020,3,31,1,2020.03,weekday_2
2020-03-31,63583,1,2020-03-31,14,89.53,69.0,2020-03-31,2020,3,31,1,2020.03,weekday_14
2020-03-31,63592,1,2020-03-31,23,36.09,77.2,2020-03-31,2020,3,31,1,2020.03,weekday_23
2020-03-01,62856,1,2020-03-01,7,35.32,42.0,2020-03-01,2020,3,1,6,2020.03,weekend_7
2020-03-01,62867,1,2020-03-01,18,280.1,19.0,2020-03-01,2020,3,1,6,2020.03,weekend_18
2020-03-02,62875,1,2020-03-02,2,34.05,63.0,2020-03-02,2020,3,2,0,2020.03,weekday_2
2020-03-02,62884,1,2020-03-02,11,64.93,168.0,2020-03-02,2020,3,2,0,2020.03,weekday_11
2020-03-03,62897,1,2020-03-03,0,51.74,41.0,2020-03-03,2020,3,3,1,2020.03,weekday_0
2020-03-03,62906,1,2020-03-03,9,173.5,40.0,2020-03-03,2020,3,3,1,2020.03,weekday_9
2020-03-03,62916,1,2020-03-03,19,282.0,0.0,2020-03-03,2020,3,3,1,2020.03,weekday_19
2020-03-04,62927,1,2020-03-04,6,64.96,136.7,2020-03-04,2020,3,4,2,2020.03,weekday_6
2020-03-04,62936,1,2020-03-04,15,64.93,166.9,2020-03-04,2020,3,4,2,2020.03,weekday_15
2020-03-05,62947,1,2020-03-05,2,34.94,97.7,2020-03-05,2020,3,5,3,2020.03,weekday_2
2020-03-05,62956,1,2020-03-05,11,64.76,181.0,2020-03-05,2020,3,5,3,2020.03,weekday_11
2020-03-05,62965,1,2020-03-05,20,270.38,37.0,2020-03-05,2020,3,5,3,2020.03,weekday_20
2020-03-06,62973,1,2020-03-06,5,34.94,95.8,2020-03-06,2020,3,6,4,2020.03,weekday_5
2020-03-06,62983,1,2020-03-06,14,64.9,239.5,2020-03-06,2020,3,6,4,2020.03,weekday_14
2020-03-07,62993,1,2020-03-07,0,50.39,35.0,2020-03-07,2020,3,7,5,2020.03,weekend_0
2020-03-07,63003,1,2020-03-07,10,64.95,133.1,2020-03-07,2020,3,7,5,2020.03,weekend_10
2020-03-07,63012,1,2020-03-07,19,275.0,0.0,2020-03-07,2020,3,7,5,2020.03,weekend_19
2020-03-08,63022,1,2020-03-08,5,52.92,32.0,2020-03-08,2020,3,8,6,2020.03,weekend_5
2020-03-08,63034,1,2020-03-08,17,155.57,9.0,2020-03-08,2020,3,8,6,2020.03,weekend_17
2020-03-09,63047,1,2020-03-09,6,64.93,181.7,2020-03-09,2020,3,9,0,2020.03,weekday_6
2020-03-09,63057,1,2020-03-09,16,64.57,201.0,2020-03-09,2020,3,9,0,2020.03,weekday_16
2020-03-10,63066,1,2020-03-10,1,50.02,38.0,2020-03-10,2020,3,10,1,2020.03,weekday_1
2020-03-10,63074,1,2020-03-10,9,89.93,162.0,2020-03-10,2020,3,10,1,2020.03,weekday_9
2020-03-10,63082,1,2020-03-10,17,64.96,128.5,2020-03-10,2020,3,10,1,2020.03,weekday_17
2020-03-11,63094,1,2020-03-11,5,33.95,42.0,2020-03-11,2020,3,11,2,2020.03,weekday_5
2020-03-11,63102,1,2020-03-11,13,64.91,202.6,2020-03-11,2020,3,11,2,2020.03,weekday_13
2020-03-12,63114,1,2020-03-12,1,34.99,58.0,2020-03-12,2020,3,12,3,2020.03,weekday_1
2020-03-12,63122,1,2020-03-12,9,173.69,37.0,2020-03-12,2020,3,12,3,2020.03,weekday_9
2020-03-12,63132,1,2020-03-12,19,244.0,50.0,2020-03-12,2020,3,12,3,2020.03,weekday_19
2020-03-13,63143,1,2020-03-13,6,172.93,78.0,2020-03-13,2020,3,13,4,2020.03,weekday_6
2020-03-13,63153,1,2020-03-13,16,150.98,58.3,2020-03-13,2020,3,13,4,2020.03,weekday_16
2020-03-14,63163,1,2020-03-14,2,35.47,55.0,2020-03-14,2020,3,14,5,2020.03,weekend_2
2020-03-14,63174,1,2020-03-14,13,30.0,49.8,2020-03-14,2020,3,14,5,2020.03,weekend_13
2020-03-14,63183,1,2020-03-14,22,82.33,16.0,2020-03-14,2020,3,14,5,2020.03,weekend_22
2020-03-15,63192,1,2020-03-15,7,30.07,89.0,2020-03-15,2020,3,15,6,2020.03,weekend_7
2020-03-15,63203,1,2020-03-15,18,39.99,34.0,2020-03-15,2020,3,15,6,2020.03,weekend_18
2020-03-16,63213,1,2020-03-16,4,35.45,88.4,2020-03-16,2020,3,16,0,2020.03,weekday_4
2020-03-16,63222,1,2020-03-16,13,120.03,72.8,2020-03-16,2020,3,16,0,2020.03,weekday_13
2020-03-17,63233,1,2020-03-17,0,36.07,77.0,2020-03-17,2020,3,17,1,2020.03,weekday_0
2020-03-17,63242,1,2020-03-17,9,159.94,86.0,2020-03-17,2020,3,17,1,2020.03,weekday_9
2020-03-17,63252,1,2020-03-17,19,236.01,51.8,2020-03-17,2020,3,17,1,2020.03,weekday_19
2020-03-18,63263,1,2020-03-18,6,159.92,81.0,2020-03-18,2020,3,18,2,2020.03,weekday_6
2020-03-18,63271,1,2020-03-18,14,102.98,85.0,2020-03-18,2020,3,18,2,2020.03,weekday_14
2020-03-19,63282,1,2020-03-19,1,47.2,61.0,2020-03-19,2020,3,19,3,2020.03,weekday_1
2020-03-19,63292,1,2020-03-19,11,104.54,81.4,2020-03-19,2020,3,19,3,2020.03,weekday_11
2020-03-19,63303,1,2020-03-19,22,47.27,62.0,2020-03-19,2020,3,19,3,2020.03,weekday_22
2020-03-20,63312,1,2020-03-20,7,129.98,84.0,2020-03-20,2020,3,20,4,2020.03,weekday_7
2020-03-20,63323,1,2020-03-20,18,143.86,60.0,2020-03-20,2020,3,20,4,2020.03,weekday_18
2020-03-21,63331,1,2020-03-21,2,37.07,73.0,2020-03-21,2020,3,21,5,2020.03,weekend_2
2020-03-21,63341,1,2020-03-21,12,34.99,66.0,2020-03-21,2020,3,21,5,2020.03,weekend_12
2020-03-21,63350,1,2020-03-21,21,68.4,60.0,2020-03-21,2020,3,21,5,2020.03,weekend_21
2020-03-22,63361,1,2020-03-22,8,171.96,17.0,2020-03-22,2020,3,22,6,2020.03,weekend_8
2020-03-22,63370,1,2020-03-22,17,65.01,63.0,2020-03-22,2020,3,22,6,2020.03,weekend_17
2020-03-23,63380,1,2020-03-23,3,34.96,145.0,2020-03-23,2020,3,23,0,2020.03,weekday_3
2020-03-23,63389,1,2020-03-23,12,100.4,73.0,2020-03-23,2020,3,23,0,2020.03,weekday_12
2020-03-23,63400,1,2020-03-23,23,34.98,133.0,2020-03-23,2020,3,23,0,2020.03,weekday_23
2020-03-24,63410,1,2020-03-24,9,129.96,79.0,2020-03-24,2020,3,24,1,2020.03,weekday_9
2020-03-24,63420,1,2020-03-24,19,220.04,60.0,2020-03-24,2020,3,24,1,2020.03,weekday_19
2020-03-25,63429,1,2020-03-25,4,36.02,132.0,2020-03-25,2020,3,25,2,2020.03,weekday_4
2020-03-25,63440,1,2020-03-25,15,90.01,62.0,2020-03-25,2020,3,25,2,2020.03,weekday_15
2020-03-26,63449,1,2020-03-26,0,36.07,92.0,2020-03-26,2020,3,26,3,2020.03,weekday_0
2020-03-26,63461,1,2020-03-26,12,89.83,68.0,2020-03-26,2020,3,26,3,2020.03,weekday_12
2020-03-26,63469,1,2020-03-26,20,181.57,50.0,2020-03-26,2020,3,26,3,2020.03,weekday_20
2020-03-27,63479,1,2020-03-27,6,59.93,120.0,2020-03-27,2020,3,27,4,2020.03,weekday_6
2020-03-27,63491,1,2020-03-27,18,244.0,50.0,2020-03-27,2020,3,27,4,2020.03,weekday_18
2020-03-28,63500,1,2020-03-28,3,34.98,103.0,2020-03-28,2020,3,28,5,2020.03,weekend_3
2020-03-28,63509,1,2020-03-28,12,34.97,71.0,2020-03-28,2020,3,28,5,2020.03,weekend_12
2020-03-28,63519,1,2020-03-28,22,43.18,41.0,2020-03-28,2020,3,28,5,2020.03,weekend_22
2020-03-29,63532,1,2020-03-29,11,29.98,69.0,2020-03-29,2020,3,29,6,2020.03,weekend_11
2020-03-29,63543,1,2020-03-29,22,36.08,44.0,2020-03-29,2020,3,29,6,2020.03,weekend_22
2020-03-30,63552,1,2020-03-30,7,109.97,75.0,2020-03-30,2020,3,30,0,2020.03,weekday_7
2020-03-30,63562,1,2020-03-30,17,86.98,66.0,2020-03-30,2020,3,30,0,2020.03,weekday_17
2020-03-31,63572,1,2020-03-31,3,33.98,130.0,2020-03-31,2020,3,31,1,2020.03,weekday_3
2020-03-31,63582,1,2020-03-31,13,89.53,69.0,2020-03-31,2020,3,31,1,2020.03,weekday_13
2020-03-01,62855,1,2020-03-01,6,37.2,42.0,2020-03-01,2020,3,1,6,2020.03,weekend_6
2020-03-01,62863,1,2020-03-01,14,34.1,43.3,2020-03-01,2020,3,1,6,2020.03,weekend_14
2020-03-02,62874,1,2020-03-02,1,34.07,55.0,2020-03-02,2020,3,2,0,2020.03,weekday_1
2020-03-02,62887,1,2020-03-02,14,64.94,154.7,2020-03-02,2020,3,2,0,2020.03,weekday_14
2020-03-02,62895,1,2020-03-02,22,34.09,46.0,2020-03-02,2020,3,2,0,2020.03,weekday_22
2020-03-03,62902,1,2020-03-03,5,34.69,44.0,2020-03-03,2020,3,3,1,2020.03,weekday_5
2020-03-03,62912,1,2020-03-03,15,64.98,94.5,2020-03-03,2020,3,3,1,2020.03,weekday_15
2020-03-04,62922,1,2020-03-04,1,42.6,37.0,2020-03-04,2020,3,4,2,2020.03,weekday_1
2020-03-04,62935,1,2020-03-04,14,64.92,170.7,2020-03-04,2020,3,4,2,2020.03,weekday_14
2020-03-04,62943,1,2020-03-04,22,34.98,47.1,2020-03-04,2020,3,4,2,2020.03,weekday_22
2020-03-05,62952,1,2020-03-05,7,89.96,124.0,2020-03-05,2020,3,5,3,2020.03,weekday_7
2020-03-05,62962,1,2020-03-05,17,64.93,161.7,2020-03-05,2020,3,5,3,2020.03,weekday_17
2020-03-06,62977,1,2020-03-06,8,89.95,146.0,2020-03-06,2020,3,6,4,2020.03,weekday_8
2020-03-06,62986,1,2020-03-06,17,64.9,214.3,2020-03-06,2020,3,6,4,2020.03,weekday_17
2020-03-07,62996,1,2020-03-07,3,34.53,61.6,2020-03-07,2020,3,7,5,2020.03,weekend_3
2020-03-07,63005,1,2020-03-07,12,123.24,26.0,2020-03-07,2020,3,7,5,2020.03,weekend_12
2020-03-07,63015,1,2020-03-07,22,50.67,36.0,2020-03-07,2020,3,7,5,2020.03,weekend_22
2020-03-08,63026,1,2020-03-08,9,34.6,36.4,2020-03-08,2020,3,8,6,2020.03,weekend_9
2020-03-08,63035,1,2020-03-08,18,271.25,15.0,2020-03-08,2020,3,8,6,2020.03,weekend_18
2020-03-09,63042,1,2020-03-09,1,34.93,102.0,2020-03-09,2020,3,9,0,2020.03,weekday_1
2020-03-09,63053,1,2020-03-09,12,64.52,201.0,2020-03-09,2020,3,9,0,2020.03,weekday_12
2020-03-10,63065,1,2020-03-10,0,50.02,38.0,2020-03-10,2020,3,10,1,2020.03,weekday_0
2020-03-10,63077,1,2020-03-10,12,64.92,194.7,2020-03-10,2020,3,10,1,2020.03,weekday_12
2020-03-10,63084,1,2020-03-10,19,271.25,30.0,2020-03-10,2020,3,10,1,2020.03,weekday_19
2020-03-11,63097,1,2020-03-11,8,89.96,128.0,2020-03-11,2020,3,11,2,2020.03,weekday_8
2020-03-11,63106,1,2020-03-11,17,64.94,159.8,2020-03-11,2020,3,11,2,2020.03,weekday_17
2020-03-12,63117,1,2020-03-12,4,34.98,59.0,2020-03-12,2020,3,12,3,2020.03,weekday_4
2020-03-12,63125,1,2020-03-12,12,121.06,71.0,2020-03-12,2020,3,12,3,2020.03,weekday_12
2020-03-12,63133,1,2020-03-12,20,244.0,50.0,2020-03-12,2020,3,12,3,2020.03,weekday_20
2020-03-13,63144,1,2020-03-13,7,172.45,69.8,2020-03-13,2020,3,13,4,2020.03,weekday_7
2020-03-13,63154,1,2020-03-13,17,150.98,57.5,2020-03-13,2020,3,13,4,2020.03,weekday_17
2020-03-14,63164,1,2020-03-14,3,35.46,60.0,2020-03-14,2020,3,14,5,2020.03,weekend_3
2020-03-14,63175,1,2020-03-14,14,30.0,52.9,2020-03-14,2020,3,14,5,2020.03,weekend_14
2020-03-14,63182,1,2020-03-14,21,82.53,42.0,2020-03-14,2020,3,14,5,2020.03,weekend_21
2020-03-15,63193,1,2020-03-15,8,174.32,10.0,2020-03-15,2020,3,15,6,2020.03,weekend_8
2020-03-15,63204,1,2020-03-15,19,40.0,27.0,2020-03-15,2020,3,15,6,2020.03,weekend_19
2020-03-16,63214,1,2020-03-16,5,35.42,101.5,2020-03-16,2020,3,16,0,2020.03,weekday_5
2020-03-16,63225,1,2020-03-16,16,126.2,86.0,2020-03-16,2020,3,16,0,2020.03,weekday_16
2020-03-17,63236,1,2020-03-17,3,36.05,88.0,2020-03-17,2020,3,17,1,2020.03,weekday_3
2020-03-17,63245,1,2020-03-17,12,103.58,88.0,2020-03-17,2020,3,17,1,2020.03,weekday_12
2020-03-17,63255,1,2020-03-17,22,47.75,65.0,2020-03-17,2020,3,17,1,2020.03,weekday_22
2020-03-18,63264,1,2020-03-18,7,159.94,85.0,2020-03-18,2020,3,18,2,2020.03,weekday_7
2020-03-18,63274,1,2020-03-18,17,108.96,80.0,2020-03-18,2020,3,18,2,2020.03,weekday_17
2020-03-19,63290,1,2020-03-19,9,149.96,83.0,2020-03-19,2020,3,19,3,2020.03,weekday_9
2020-03-19,63297,1,2020-03-19,16,108.0,80.0,2020-03-19,2020,3,19,3,2020.03,weekday_16
2020-03-19,63304,1,2020-03-19,23,47.24,62.0,2020-03-19,2020,3,19,3,2020.03,weekday_23
2020-03-20,63314,1,2020-03-20,9,147.0,83.0,2020-03-20,2020,3,20,4,2020.03,weekday_9
2020-03-20,63325,1,2020-03-20,20,215.2,60.0,2020-03-20,2020,3,20,4,2020.03,weekday_20
2020-03-21,63334,1,2020-03-21,5,37.07,74.0,2020-03-21,2020,3,21,5,2020.03,weekend_5
2020-03-21,63344,1,2020-03-21,15,34.96,75.0,2020-03-21,2020,3,21,5,2020.03,weekend_15
2020-03-22,63357,1,2020-03-22,4,43.34,59.0,2020-03-22,2020,3,22,6,2020.03,weekend_4
2020-03-22,63366,1,2020-03-22,13,76.38,62.0,2020-03-22,2020,3,22,6,2020.03,weekend_13
2020-03-23,63378,1,2020-03-23,1,34.97,134.0,2020-03-23,2020,3,23,0,2020.03,weekday_1
2020-03-23,63388,1,2020-03-23,11,100.77,72.0,2020-03-23,2020,3,23,0,2020.03,weekday_11
2020-03-23,63397,1,2020-03-23,20,220.01,50.0,2020-03-23,2020,3,23,0,2020.03,weekday_20
2020-03-24,63405,1,2020-03-24,4,36.01,126.0,2020-03-24,2020,3,24,1,2020.03,weekday_4
2020-03-24,63414,1,2020-03-24,13,93.33,69.0,2020-03-24,2020,3,24,1,2020.03,weekday_13
2020-03-25,63425,1,2020-03-25,0,36.02,127.0,2020-03-25,2020,3,25,2,2020.03,weekday_0
2020-03-25,63435,1,2020-03-25,10,89.97,61.0,2020-03-25,2020,3,25,2,2020.03,weekday_10
2020-03-25,63445,1,2020-03-25,20,220.05,50.0,2020-03-25,2020,3,25,2,2020.03,weekday_20
2020-03-26,63455,1,2020-03-26,6,59.96,112.0,2020-03-26,2020,3,26,3,2020.03,weekday_6
2020-03-26,63466,1,2020-03-26,17,89.94,68.0,2020-03-26,2020,3,26,3,2020.03,weekday_17
2020-03-27,63475,1,2020-03-27,2,34.97,114.0,2020-03-27,2020,3,27,4,2020.03,weekday_2
2020-03-27,63485,1,2020-03-27,12,89.23,62.0,2020-03-27,2020,3,27,4,2020.03,weekday_12
2020-03-27,63495,1,2020-03-27,22,44.81,31.0,2020-03-27,2020,3,27,4,2020.03,weekday_22
2020-03-28,63504,1,2020-03-28,7,61.95,125.0,2020-03-28,2020,3,28,5,2020.03,weekend_7
2020-03-28,63514,1,2020-03-28,17,34.95,83.0,2020-03-28,2020,3,28,5,2020.03,weekend_17
2020-03-29,63524,1,2020-03-29,3,30.09,98.0,2020-03-29,2020,3,29,6,2020.03,weekend_3
2020-03-29,63534,1,2020-03-29,13,29.99,73.0,2020-03-29,2020,3,29,6,2020.03,weekend_13
2020-03-30,63545,1,2020-03-30,0,34.98,107.0,2020-03-30,2020,3,30,0,2020.03,weekday_0
2020-03-30,63556,1,2020-03-30,11,101.15,66.0,2020-03-30,2020,3,30,0,2020.03,weekday_11
2020-03-30,63568,1,2020-03-30,23,34.99,92.0,2020-03-30,2020,3,30,0,2020.03,weekday_23
2020-03-31,63578,1,2020-03-31,9,109.97,77.0,2020-03-31,2020,3,31,1,2020.03,weekday_9
2020-03-31,63587,1,2020-03-31,18,219.94,60.0,2020-03-31,2020,3,31,1,2020.03,weekday_18
2020-03-01,62852,1,2020-03-01,3,34.06,58.4,2020-03-01,2020,3,1,6,2020.03,weekend_3
2020-03-01,62862,1,2020-03-01,13,34.1,42.4,2020-03-01,2020,3,1,6,2020.03,weekend_13
2020-03-01,62872,1,2020-03-01,23,50.35,42.0,2020-03-01,2020,3,1,6,2020.03,weekend_23
2020-03-02,62883,1,2020-03-02,10,64.93,162.1,2020-03-02,2020,3,2,0,2020.03,weekday_10
2020-03-02,62892,1,2020-03-02,19,244.36,60.0,2020-03-02,2020,3,2,0,2020.03,weekday_19
2020-03-03,62904,1,2020-03-03,7,131.0,80.0,2020-03-03,2020,3,3,1,2020.03,weekday_7
2020-03-03,62913,1,2020-03-03,16,106.5,73.0,2020-03-03,2020,3,3,1,2020.03,weekday_16
2020-03-04,62923,1,2020-03-04,2,34.98,45.0,2020-03-04,2020,3,4,2,2020.03,weekday_2
2020-03-04,62932,1,2020-03-04,11,64.91,163.4,2020-03-04,2020,3,4,2,2020.03,weekday_11
2020-03-05,62946,1,2020-03-05,1,34.95,88.8,2020-03-05,2020,3,5,3,2020.03,weekday_1
2020-03-05,62953,1,2020-03-05,8,89.93,151.0,2020-03-05,2020,3,5,3,2020.03,weekday_8
2020-03-05,62963,1,2020-03-05,18,239.45,42.1,2020-03-05,2020,3,5,3,2020.03,weekday_18
2020-03-06,62972,1,2020-03-06,3,34.96,73.0,2020-03-06,2020,3,6,4,2020.03,weekday_3
2020-03-06,62984,1,2020-03-06,15,64.91,228.4,2020-03-06,2020,3,6,4,2020.03,weekday_15
2020-03-07,62994,1,2020-03-07,1,34.57,47.6,2020-03-07,2020,3,7,5,2020.03,weekend_1
2020-03-07,63002,1,2020-03-07,9,64.97,104.0,2020-03-07,2020,3,7,5,2020.03,weekend_9
2020-03-07,63013,1,2020-03-07,20,275.0,0.0,2020-03-07,2020,3,7,5,2020.03,weekend_20
2020-03-08,63024,1,2020-03-08,7,55.74,36.0,2020-03-08,2020,3,8,6,2020.03,weekend_7
2020-03-08,63032,1,2020-03-08,15,34.59,44.5,2020-03-08,2020,3,8,6,2020.03,weekend_15
2020-03-09,63043,1,2020-03-09,2,34.92,113.0,2020-03-09,2020,3,9,0,2020.03,weekday_2
2020-03-09,63052,1,2020-03-09,11,64.54,200.0,2020-03-09,2020,3,9,0,2020.03,weekday_11
2020-03-09,63063,1,2020-03-09,22,34.97,60.9,2020-03-09,2020,3,9,0,2020.03,weekday_22
2020-03-10,63073,1,2020-03-10,8,89.95,138.0,2020-03-10,2020,3,10,1,2020.03,weekday_8
2020-03-10,63083,1,2020-03-10,18,246.3,48.9,2020-03-10,2020,3,10,1,2020.03,weekday_18
2020-03-11,63092,1,2020-03-11,3,33.92,42.0,2020-03-11,2020,3,11,2,2020.03,weekday_3
2020-03-11,63104,1,2020-03-11,15,64.95,161.3,2020-03-11,2020,3,11,2,2020.03,weekday_15
2020-03-12,63113,1,2020-03-12,0,78.16,42.0,2020-03-12,2020,3,12,3,2020.03,weekday_0
2020-03-12,63124,1,2020-03-12,11,122.79,63.0,2020-03-12,2020,3,12,3,2020.03,weekday_11
2020-03-13,63137,1,2020-03-13,0,77.93,38.0,2020-03-13,2020,3,13,4,2020.03,weekday_0
2020-03-13,63145,1,2020-03-13,8,170.45,81.0,2020-03-13,2020,3,13,4,2020.03,weekday_8
2020-03-13,63156,1,2020-03-13,19,237.35,51.5,2020-03-13,2020,3,13,4,2020.03,weekday_19
2020-03-14,63167,1,2020-03-14,6,29.99,63.8,2020-03-14,2020,3,14,5,2020.03,weekend_6
2020-03-14,63177,1,2020-03-14,16,30.0,50.7,2020-03-14,2020,3,14,5,2020.03,weekend_16
2020-03-15,63187,1,2020-03-15,2,35.46,62.8,2020-03-15,2020,3,15,6,2020.03,weekend_2
2020-03-15,63194,1,2020-03-15,9,38.42,44.0,2020-03-15,2020,3,15,6,2020.03,weekend_9
2020-03-15,63205,1,2020-03-15,20,40.0,32.0,2020-03-15,2020,3,15,6,2020.03,weekend_20
2020-03-16,63215,1,2020-03-16,6,166.26,81.0,2020-03-16,2020,3,16,0,2020.03,weekday_6
2020-03-16,63224,1,2020-03-16,15,121.16,69.0,2020-03-16,2020,3,16,0,2020.03,weekday_15
2020-03-17,63234,1,2020-03-17,1,36.06,83.0,2020-03-17,2020,3,17,1,2020.03,weekday_1
2020-03-17,63246,1,2020-03-17,13,103.72,87.0,2020-03-17,2020,3,17,1,2020.03,weekday_13
2020-03-17,63256,1,2020-03-17,23,36.09,67.6,2020-03-17,2020,3,17,1,2020.03,weekday_23
2020-03-18,63268,1,2020-03-18,11,102.98,85.0,2020-03-18,2020,3,18,2,2020.03,weekday_11
2020-03-18,63278,1,2020-03-18,21,159.94,82.0,2020-03-18,2020,3,18,2,2020.03,weekday_21
2020-03-19,63286,1,2020-03-19,4,36.09,64.0,2020-03-19,2020,3,19,3,2020.03,weekday_4
2020-03-19,63300,1,2020-03-19,19,230.0,60.0,2020-03-19,2020,3,19,3,2020.03,weekday_19
2020-03-20,63309,1,2020-03-20,4,37.07,75.2,2020-03-20,2020,3,20,4,2020.03,weekday_4
2020-03-20,63318,1,2020-03-20,13,103.78,82.7,2020-03-20,2020,3,20,4,2020.03,weekday_13
2020-03-20,63324,1,2020-03-20,19,220.02,60.0,2020-03-20,2020,3,20,4,2020.03,weekday_19
2020-03-21,63335,1,2020-03-21,6,34.92,129.0,2020-03-21,2020,3,21,5,2020.03,weekend_6
2020-03-21,63345,1,2020-03-21,16,34.97,77.0,2020-03-21,2020,3,21,5,2020.03,weekend_16
2020-03-22,63358,1,2020-03-22,5,44.85,59.0,2020-03-22,2020,3,22,6,2020.03,weekend_5
2020-03-22,63368,1,2020-03-22,15,67.37,63.0,2020-03-22,2020,3,22,6,2020.03,weekend_15
2020-03-23,63377,1,2020-03-23,0,34.98,117.0,2020-03-23,2020,3,23,0,2020.03,weekday_0
2020-03-23,63387,1,2020-03-23,10,103.6,70.0,2020-03-23,2020,3,23,0,2020.03,weekday_10
2020-03-23,63396,1,2020-03-23,19,220.03,60.0,2020-03-23,2020,3,23,0,2020.03,weekday_19
2020-03-24,63408,1,2020-03-24,7,129.91,80.0,2020-03-24,2020,3,24,1,2020.03,weekday_7
2020-03-24,63417,1,2020-03-24,16,99.9,70.0,2020-03-24,2020,3,24,1,2020.03,weekday_16
2020-03-25,63426,1,2020-03-25,1,35.0,145.0,2020-03-25,2020,3,25,2,2020.03,weekday_1
2020-03-25,63437,1,2020-03-25,12,89.96,62.0,2020-03-25,2020,3,25,2,2020.03,weekday_12
2020-03-25,63446,1,2020-03-25,21,90.03,65.0,2020-03-25,2020,3,25,2,2020.03,weekday_21
2020-03-26,63458,1,2020-03-26,9,108.66,77.0,2020-03-26,2020,3,26,3,2020.03,weekday_9
2020-03-26,63467,1,2020-03-26,18,90.04,60.0,2020-03-26,2020,3,26,3,2020.03,weekday_18
2020-03-27,63477,1,2020-03-27,4,34.97,108.0,2020-03-27,2020,3,27,4,2020.03,weekday_4
2020-03-27,63487,1,2020-03-27,14,89.43,61.0,2020-03-27,2020,3,27,4,2020.03,weekday_14
2020-03-27,63496,1,2020-03-27,23,36.41,40.0,2020-03-27,2020,3,27,4,2020.03,weekday_23
2020-03-28,63505,1,2020-03-28,8,61.96,102.0,2020-03-28,2020,3,28,5,2020.03,weekend_8
2020-03-28,63516,1,2020-03-28,19,86.35,50.0,2020-03-28,2020,3,28,5,2020.03,weekend_19
2020-03-29,63527,1,2020-03-29,6,29.95,61.0,2020-03-29,2020,3,29,6,2020.03,weekend_6
2020-03-29,63538,1,2020-03-29,17,29.98,85.0,2020-03-29,2020,3,29,6,2020.03,weekend_17
2020-03-30,63547,1,2020-03-30,2,34.95,130.0,2020-03-30,2020,3,30,0,2020.03,weekday_2
2020-03-30,63557,1,2020-03-30,12,96.25,66.0,2020-03-30,2020,3,30,0,2020.03,weekday_12
2020-03-30,63567,1,2020-03-30,22,36.13,71.0,2020-03-30,2020,3,30,0,2020.03,weekday_22
2020-03-31,63577,1,2020-03-31,8,109.95,77.0,2020-03-31,2020,3,31,1,2020.03,weekday_8
2020-03-31,63585,1,2020-03-31,16,89.05,70.0,2020-03-31,2020,3,31,1,2020.03,weekday_16
2020-03-01,62859,1,2020-03-01,10,34.07,52.3,2020-03-01,2020,3,1,6,2020.03,weekend_10
2020-03-01,62869,1,2020-03-01,20,157.5,20.0,2020-03-01,2020,3,1,6,2020.03,weekend_20
2020-03-02,62878,1,2020-03-02,5,33.25,95.0,2020-03-02,2020,3,2,0,2020.03,weekday_5
2020-03-02,62888,1,2020-03-02,15,64.95,147.6,2020-03-02,2020,3,2,0,2020.03,weekday_15
2020-03-03,62899,1,2020-03-03,2,34.69,46.0,2020-03-03,2020,3,3,1,2020.03,weekday_2
2020-03-03,62911,1,2020-03-03,14,64.97,104.0,2020-03-03,2020,3,3,1,2020.03,weekday_14
2020-03-04,62921,1,2020-03-04,0,50.26,37.0,2020-03-04,2020,3,4,2,2020.03,weekday_0
2020-03-04,62930,1,2020-03-04,9,89.93,152.0,2020-03-04,2020,3,4,2,2020.03,weekday_9
2020-03-04,62940,1,2020-03-04,19,260.0,40.0,2020-03-04,2020,3,4,2,2020.03,weekday_19
2020-03-05,62951,1,2020-03-05,6,64.98,101.5,2020-03-05,2020,3,5,3,2020.03,weekday_6
2020-03-05,62959,1,2020-03-05,14,64.9,188.1,2020-03-05,2020,3,5,3,2020.03,weekday_14
2020-03-06,62969,1,2020-03-06,0,34.98,53.0,2020-03-06,2020,3,6,4,2020.03,weekday_0
2020-03-06,62978,1,2020-03-06,9,89.93,180.0,2020-03-06,2020,3,6,4,2020.03,weekday_9
2020-03-06,62989,1,2020-03-06,20,244.04,40.0,2020-03-06,2020,3,6,4,2020.03,weekday_20
2020-03-07,63001,1,2020-03-07,8,64.98,86.6,2020-03-07,2020,3,7,5,2020.03,weekend_8
2020-03-07,63009,1,2020-03-07,16,156.65,5.0,2020-03-07,2020,3,7,5,2020.03,weekend_16
2020-03-08,63020,1,2020-03-08,3,34.57,47.0,2020-03-08,2020,3,8,6,2020.03,weekend_3
2020-03-08,63031,1,2020-03-08,14,34.59,43.0,2020-03-08,2020,3,8,6,2020.03,weekend_14
2020-03-08,63040,1,2020-03-08,23,50.1,33.0,2020-03-08,2020,3,8,6,2020.03,weekend_23
2020-03-09,63050,1,2020-03-09,9,89.92,172.0,2020-03-09,2020,3,9,0,2020.03,weekday_9
2020-03-09,63059,1,2020-03-09,18,234.6,44.3,2020-03-09,2020,3,9,0,2020.03,weekday_18
2020-03-10,63071,1,2020-03-10,6,64.99,88.8,2020-03-10,2020,3,10,1,2020.03,weekday_6
2020-03-10,63080,1,2020-03-10,15,64.94,166.8,2020-03-10,2020,3,10,1,2020.03,weekday_15
2020-03-11,63091,1,2020-03-11,2,33.92,42.0,2020-03-11,2020,3,11,2,2020.03,weekday_2
2020-03-11,63098,1,2020-03-11,9,89.94,149.0,2020-03-11,2020,3,11,2,2020.03,weekday_9
2020-03-11,63108,1,2020-03-11,20,272.5,20.0,2020-03-11,2020,3,11,2,2020.03,weekday_20
2020-03-12,63119,1,2020-03-12,6,227.9,30.0,2020-03-12,2020,3,12,3,2020.03,weekday_6
2020-03-12,63131,1,2020-03-12,18,244.0,50.0,2020-03-12,2020,3,12,3,2020.03,weekday_18
2020-03-13,63139,1,2020-03-13,2,35.43,75.0,2020-03-13,2020,3,13,4,2020.03,weekday_2
2020-03-13,63151,1,2020-03-13,14,122.84,59.2,2020-03-13,2020,3,13,4,2020.03,weekday_14
2020-03-13,63160,1,2020-03-13,23,80.33,26.0,2020-03-13,2020,3,13,4,2020.03,weekday_23
2020-03-14,63171,1,2020-03-14,10,66.77,79.0,2020-03-14,2020,3,14,5,2020.03,weekend_10
2020-03-14,63180,1,2020-03-14,19,240.02,50.9,2020-03-14,2020,3,14,5,2020.03,weekend_19
2020-03-15,63189,1,2020-03-15,4,35.44,71.6,2020-03-15,2020,3,15,6,2020.03,weekend_4
2020-03-15,63201,1,2020-03-15,16,30.09,62.0,2020-03-15,2020,3,15,6,2020.03,weekend_16
2020-03-16,63211,1,2020-03-16,2,35.44,89.0,2020-03-16,2020,3,16,0,2020.03,weekday_2
2020-03-16,63220,1,2020-03-16,11,119.16,76.3,2020-03-16,2020,3,16,0,2020.03,weekday_11
2020-03-16,63231,1,2020-03-16,22,80.26,42.0,2020-03-16,2020,3,16,0,2020.03,weekday_22
2020-03-17,63241,1,2020-03-17,8,159.97,86.0,2020-03-17,2020,3,17,1,2020.03,weekday_8
2020-03-17,63251,1,2020-03-17,18,159.98,60.0,2020-03-17,2020,3,17,1,2020.03,weekday_18
2020-03-18,63262,1,2020-03-18,5,35.0,115.5,2020-03-18,2020,3,18,2,2020.03,weekday_5
2020-03-18,63273,1,2020-03-18,16,108.94,81.0,2020-03-18,2020,3,18,2,2020.03,weekday_16
2020-03-19,63281,1,2020-03-19,0,47.24,61.0,2020-03-19,2020,3,19,3,2020.03,weekday_0
2020-03-19,63293,1,2020-03-19,12,104.32,82.8,2020-03-19,2020,3,19,3,2020.03,weekday_12
2020-03-19,63302,1,2020-03-19,21,140.64,82.0,2020-03-19,2020,3,19,3,2020.03,weekday_21
2020-03-20,63313,1,2020-03-20,8,143.0,83.0,2020-03-20,2020,3,20,4,2020.03,weekday_8
2020-03-20,63322,1,2020-03-20,17,100.02,85.0,2020-03-20,2020,3,20,4,2020.03,weekday_17
2020-03-21,63332,1,2020-03-21,3,37.06,79.0,2020-03-21,2020,3,21,5,2020.03,weekend_3
2020-03-21,63342,1,2020-03-21,13,34.98,70.0,2020-03-21,2020,3,21,5,2020.03,weekend_13
2020-03-22,63353,1,2020-03-22,0,43.61,109.0,2020-03-22,2020,3,22,6,2020.03,weekend_0
2020-03-22,63363,1,2020-03-22,10,116.51,13.0,2020-03-22,2020,3,22,6,2020.03,weekend_10
2020-03-22,63373,1,2020-03-22,20,190.08,40.0,2020-03-22,2020,3,22,6,2020.03,weekend_20
2020-03-23,63381,1,2020-03-23,4,34.91,137.0,2020-03-23,2020,3,23,0,2020.03,weekday_4
2020-03-23,63390,1,2020-03-23,13,100.43,72.0,2020-03-23,2020,3,23,0,2020.03,weekday_13
2020-03-24,63402,1,2020-03-24,1,35.75,134.0,2020-03-24,2020,3,24,1,2020.03,weekday_1
2020-03-24,63413,1,2020-03-24,12,93.17,70.0,2020-03-24,2020,3,24,1,2020.03,weekday_12
2020-03-24,63421,1,2020-03-24,20,220.02,50.0,2020-03-24,2020,3,24,1,2020.03,weekday_20
2020-03-25,63433,1,2020-03-25,8,119.95,71.0,2020-03-25,2020,3,25,2,2020.03,weekday_8
2020-03-25,63441,1,2020-03-25,16,89.98,62.0,2020-03-25,2020,3,25,2,2020.03,weekday_16
2020-03-26,63450,1,2020-03-26,1,36.04,108.0,2020-03-26,2020,3,26,3,2020.03,weekday_1
2020-03-26,63460,1,2020-03-26,11,89.83,68.0,2020-03-26,2020,3,26,3,2020.03,weekday_11
2020-03-26,63471,1,2020-03-26,22,36.43,41.0,2020-03-26,2020,3,26,3,2020.03,weekday_22
2020-03-27,63481,1,2020-03-27,8,160.5,70.0,2020-03-27,2020,3,27,4,2020.03,weekday_8
2020-03-27,63489,1,2020-03-27,16,89.42,63.0,2020-03-27,2020,3,27,4,2020.03,weekday_16
2020-03-28,63499,1,2020-03-28,2,34.99,97.0,2020-03-28,2020,3,28,5,2020.03,weekend_2
2020-03-28,63511,1,2020-03-28,14,34.95,78.0,2020-03-28,2020,3,28,5,2020.03,weekend_14
2020-03-29,63521,1,2020-03-29,0,36.05,65.0,2020-03-29,2020,3,29,6,2020.03,weekend_0
2020-03-29,63530,1,2020-03-29,9,29.98,68.0,2020-03-29,2020,3,29,6,2020.03,weekend_9
2020-03-29,63540,1,2020-03-29,19,57.85,20.0,2020-03-29,2020,3,29,6,2020.03,weekend_19
2020-03-30,63550,1,2020-03-30,5,34.9,143.0,2020-03-30,2020,3,30,0,2020.03,weekday_5
2020-03-30,63560,1,2020-03-30,15,86.99,66.0,2020-03-30,2020,3,30,0,2020.03,weekday_15
2020-03-31,63570,1,2020-03-31,1,34.0,125.0,2020-03-31,2020,3,31,1,2020.03,weekday_1
2020-03-31,63579,1,2020-03-31,10,89.52,68.0,2020-03-31,2020,3,31,1,2020.03,weekday_10
2020-03-31,63589,1,2020-03-31,20,117.47,50.0,2020-03-31,2020,3,31,1,2020.03,weekday_20
2020-03-01,62849,1,2020-03-01,0,34.2,42.0,2020-03-01,2020,3,1,6,2020.03,weekend_0
2020-03-01,62858,1,2020-03-01,9,34.08,49.0,2020-03-01,2020,3,1,6,2020.03,weekend_9
2020-03-01,62868,1,2020-03-01,19,35.0,23.0,2020-03-01,2020,3,1,6,2020.03,weekend_19
2020-03-02,62881,1,2020-03-02,8,89.99,97.0,2020-03-02,2020,3,2,0,2020.03,weekday_8
2020-03-02,62890,1,2020-03-02,17,64.98,105.4,2020-03-02,2020,3,2,0,2020.03,weekday_17
2020-03-03,62901,1,2020-03-03,4,51.77,41.0,2020-03-03,2020,3,3,1,2020.03,weekday_4
2020-03-03,62909,1,2020-03-03,12,64.97,106.9,2020-03-03,2020,3,3,1,2020.03,weekday_12
2020-03-03,62919,1,2020-03-03,22,51.87,40.0,2020-03-03,2020,3,3,1,2020.03,weekday_22
2020-03-04,62928,1,2020-03-04,7,89.96,137.0,2020-03-04,2020,3,4,2,2020.03,weekday_7
2020-03-04,62941,1,2020-03-04,20,249.05,40.0,2020-03-04,2020,3,4,2,2020.03,weekday_20
2020-03-05,62950,1,2020-03-05,5,34.95,87.8,2020-03-05,2020,3,5,3,2020.03,weekday_5
2020-03-05,62961,1,2020-03-05,16,64.91,189.9,2020-03-05,2020,3,5,3,2020.03,weekday_16
2020-03-06,62970,1,2020-03-06,1,34.97,63.0,2020-03-06,2020,3,6,4,2020.03,weekday_1
2020-03-06,62981,1,2020-03-06,12,64.9,238.5,2020-03-06,2020,3,6,4,2020.03,weekday_12
2020-03-06,62990,1,2020-03-06,21,152.99,63.0,2020-03-06,2020,3,6,4,2020.03,weekday_21
2020-03-07,63000,1,2020-03-07,7,64.99,82.7,2020-03-07,2020,3,7,5,2020.03,weekend_7
2020-03-07,63010,1,2020-03-07,17,154.67,12.0,2020-03-07,2020,3,7,5,2020.03,weekend_17
2020-03-08,63018,1,2020-03-08,1,34.58,41.0,2020-03-08,2020,3,8,6,2020.03,weekend_1
2020-03-08,63029,1,2020-03-08,12,34.59,45.1,2020-03-08,2020,3,8,6,2020.03,weekend_12
2020-03-08,63038,1,2020-03-08,21,57.7,33.0,2020-03-08,2020,3,8,6,2020.03,weekend_21
2020-03-09,63051,1,2020-03-09,10,64.53,194.0,2020-03-09,2020,3,9,0,2020.03,weekday_10
2020-03-09,63060,1,2020-03-09,19,270.5,36.0,2020-03-09,2020,3,9,0,2020.03,weekday_19
2020-03-10,63069,1,2020-03-10,4,50.05,38.0,2020-03-10,2020,3,10,1,2020.03,weekday_4
2020-03-10,63081,1,2020-03-10,16,64.95,157.2,2020-03-10,2020,3,10,1,2020.03,weekday_16
2020-03-11,63090,1,2020-03-11,1,33.92,42.0,2020-03-11,2020,3,11,2,2020.03,weekday_1
2020-03-11,63100,1,2020-03-11,11,64.92,176.7,2020-03-11,2020,3,11,2,2020.03,weekday_11
2020-03-11,63111,1,2020-03-11,22,34.0,43.0,2020-03-11,2020,3,11,2,2020.03,weekday_22
2020-03-12,63120,1,2020-03-12,7,174.34,19.0,2020-03-12,2020,3,12,3,2020.03,weekday_7
2020-03-12,63130,1,2020-03-12,17,151.18,59.3,2020-03-12,2020,3,12,3,2020.03,weekday_17
2020-03-13,63140,1,2020-03-13,3,35.42,78.0,2020-03-13,2020,3,13,4,2020.03,weekday_3
2020-03-13,63149,1,2020-03-13,12,122.0,63.3,2020-03-13,2020,3,13,4,2020.03,weekday_12
2020-03-13,63158,1,2020-03-13,21,173.86,30.0,2020-03-13,2020,3,13,4,2020.03,weekday_21
2020-03-14,63168,1,2020-03-14,7,66.08,85.0,2020-03-14,2020,3,14,5,2020.03,weekend_7
2020-03-14,63178,1,2020-03-14,17,29.99,54.8,2020-03-14,2020,3,14,5,2020.03,weekend_17
2020-03-15,63190,1,2020-03-15,5,35.42,82.3,2020-03-15,2020,3,15,6,2020.03,weekend_5
2020-03-15,63200,1,2020-03-15,15,30.08,83.0,2020-03-15,2020,3,15,6,2020.03,weekend_15
2020-03-16,63209,1,2020-03-16,0,79.03,52.0,2020-03-16,2020,3,16,0,2020.03,weekday_0
2020-03-16,63219,1,2020-03-16,10,119.34,74.7,2020-03-16,2020,3,16,0,2020.03,weekday_10
2020-03-16,63230,1,2020-03-16,21,174.3,19.0,2020-03-16,2020,3,16,0,2020.03,weekday_21
2020-03-17,63240,1,2020-03-17,7,159.98,85.0,2020-03-17,2020,3,17,1,2020.03,weekday_7
2020-03-17,63248,1,2020-03-17,15,104.73,88.0,2020-03-17,2020,3,17,1,2020.03,weekday_15
2020-03-18,63258,1,2020-03-18,1,36.12,99.0,2020-03-18,2020,3,18,2,2020.03,weekday_1
2020-03-18,63269,1,2020-03-18,12,102.96,86.0,2020-03-18,2020,3,18,2,2020.03,weekday_12
2020-03-18,63280,1,2020-03-18,23,35.0,115.8,2020-03-18,2020,3,18,2,2020.03,weekday_23
2020-03-19,63288,1,2020-03-19,7,149.95,84.0,2020-03-19,2020,3,19,3,2020.03,weekday_7
2020-03-19,63299,1,2020-03-19,18,149.92,60.0,2020-03-19,2020,3,19,3,2020.03,weekday_18
2020-03-20,63308,1,2020-03-20,3,37.07,76.2,2020-03-20,2020,3,20,4,2020.03,weekday_3
2020-03-20,63320,1,2020-03-20,15,103.41,84.3,2020-03-20,2020,3,20,4,2020.03,weekday_15
2020-03-21,63330,1,2020-03-21,1,43.47,109.0,2020-03-21,2020,3,21,5,2020.03,weekend_1
2020-03-21,63340,1,2020-03-21,11,61.99,90.0,2020-03-21,2020,3,21,5,2020.03,weekend_11
2020-03-21,63349,1,2020-03-21,20,190.0,40.0,2020-03-21,2020,3,21,5,2020.03,weekend_20
2020-03-22,63360,1,2020-03-22,7,86.35,62.0,2020-03-22,2020,3,22,6,2020.03,weekend_7
2020-03-22,63371,1,2020-03-22,18,139.64,40.0,2020-03-22,2020,3,22,6,2020.03,weekend_18
2020-03-23,63379,1,2020-03-23,2,34.96,141.0,2020-03-23,2020,3,23,0,2020.03,weekday_2
2020-03-23,63391,1,2020-03-23,14,100.51,72.0,2020-03-23,2020,3,23,0,2020.03,weekday_14
2020-03-23,63399,1,2020-03-23,22,34.99,112.0,2020-03-23,2020,3,23,0,2020.03,weekday_22
2020-03-24,63412,1,2020-03-24,11,93.23,70.0,2020-03-24,2020,3,24,1,2020.03,weekday_11
2020-03-24,63423,1,2020-03-24,22,36.08,54.0,2020-03-24,2020,3,24,1,2020.03,weekday_22
2020-03-25,63430,1,2020-03-25,5,36.01,134.0,2020-03-25,2020,3,25,2,2020.03,weekday_5
2020-03-25,63439,1,2020-03-25,14,90.0,61.0,2020-03-25,2020,3,25,2,2020.03,weekday_14
2020-03-26,63451,1,2020-03-26,2,36.03,117.0,2020-03-26,2020,3,26,3,2020.03,weekday_2
2020-03-26,63463,1,2020-03-26,14,89.8,67.0,2020-03-26,2020,3,26,3,2020.03,weekday_14
2020-03-27,63473,1,2020-03-27,0,35.0,84.0,2020-03-27,2020,3,27,4,2020.03,weekday_0
2020-03-27,63482,1,2020-03-27,9,120.0,71.0,2020-03-27,2020,3,27,4,2020.03,weekday_9
2020-03-27,63493,1,2020-03-27,20,126.45,50.0,2020-03-27,2020,3,27,4,2020.03,weekday_20
2020-03-28,63501,1,2020-03-28,4,34.97,102.0,2020-03-28,2020,3,28,5,2020.03,weekend_4
2020-03-28,63510,1,2020-03-28,13,34.95,75.0,2020-03-28,2020,3,28,5,2020.03,weekend_13
2020-03-29,63522,1,2020-03-29,1,36.02,80.0,2020-03-29,2020,3,29,6,2020.03,weekend_1
2020-03-29,63533,1,2020-03-29,12,29.98,69.0,2020-03-29,2020,3,29,6,2020.03,weekend_12
2020-03-29,63542,1,2020-03-29,21,43.37,34.0,2020-03-29,2020,3,29,6,2020.03,weekend_21
2020-03-30,63553,1,2020-03-30,8,135.0,74.0,2020-03-30,2020,3,30,0,2020.03,weekday_8
2020-03-30,63563,1,2020-03-30,18,219.95,60.0,2020-03-30,2020,3,30,0,2020.03,weekday_18
2020-03-31,63573,1,2020-03-31,4,33.93,85.0,2020-03-31,2020,3,31,1,2020.03,weekday_4
2020-03-31,63581,1,2020-03-31,12,89.54,70.0,2020-03-31,2020,3,31,1,2020.03,weekday_12
2020-03-31,63591,1,2020-03-31,22,36.23,63.3,2020-03-31,2020,3,31,1,2020.03,weekday_22
2020-03-01,62857,1,2020-03-01,8,34.29,41.0,2020-03-01,2020,3,1,6,2020.03,weekend_8
2020-03-01,62865,1,2020-03-01,16,62.35,43.0,2020-03-01,2020,3,1,6,2020.03,weekend_16
2020-03-02,62873,1,2020-03-02,0,34.08,49.0,2020-03-02,2020,3,2,0,2020.03,weekday_0
2020-03-02,62882,1,2020-03-02,9,89.98,111.0,2020-03-02,2020,3,2,0,2020.03,weekday_9
2020-03-02,62896,1,2020-03-02,23,34.05,63.0,2020-03-02,2020,3,2,0,2020.03,weekday_23
2020-03-03,62907,1,2020-03-03,10,64.98,91.5,2020-03-03,2020,3,3,1,2020.03,weekday_10
2020-03-03,62917,1,2020-03-03,20,282.0,0.0,2020-03-03,2020,3,3,1,2020.03,weekday_20
2020-03-04,62926,1,2020-03-04,5,33.99,87.0,2020-03-04,2020,3,4,2,2020.03,weekday_5
2020-03-04,62937,1,2020-03-04,16,64.93,174.0,2020-03-04,2020,3,4,2,2020.03,weekday_16
2020-03-05,62945,1,2020-03-05,0,35.0,35.0,2020-03-05,2020,3,5,3,2020.03,weekday_0
2020-03-05,62957,1,2020-03-05,12,64.76,192.0,2020-03-05,2020,3,5,3,2020.03,weekday_12
2020-03-05,62964,1,2020-03-05,19,249.05,40.0,2020-03-05,2020,3,5,3,2020.03,weekday_19
2020-03-06,62974,1,2020-03-06,4,34.97,61.0,2020-03-06,2020,3,6,4,2020.03,weekday_4
2020-03-06,62982,1,2020-03-06,13,64.86,235.0,2020-03-06,2020,3,6,4,2020.03,weekday_13
2020-03-06,62992,1,2020-03-06,23,34.95,81.3,2020-03-06,2020,3,6,4,2020.03,weekday_23
2020-03-07,63004,1,2020-03-07,11,64.96,125.4,2020-03-07,2020,3,7,5,2020.03,weekend_11
2020-03-07,63016,1,2020-03-07,23,50.67,36.0,2020-03-07,2020,3,7,5,2020.03,weekend_23
2020-03-08,63025,1,2020-03-08,8,58.16,35.0,2020-03-08,2020,3,8,6,2020.03,weekend_8
2020-03-08,63036,1,2020-03-08,19,275.0,0.0,2020-03-08,2020,3,8,6,2020.03,weekend_19
2020-03-09,63046,1,2020-03-09,5,34.91,117.4,2020-03-09,2020,3,9,0,2020.03,weekday_5
2020-03-09,63056,1,2020-03-09,15,64.57,201.0,2020-03-09,2020,3,9,0,2020.03,weekday_15
2020-03-10,63067,1,2020-03-10,2,42.01,38.0,2020-03-10,2020,3,10,1,2020.03,weekday_2
2020-03-10,63076,1,2020-03-10,11,64.92,185.2,2020-03-10,2020,3,10,1,2020.03,weekday_11
2020-03-10,63085,1,2020-03-10,20,267.5,40.0,2020-03-10,2020,3,10,1,2020.03,weekday_20
2020-03-11,63093,1,2020-03-11,4,33.93,42.0,2020-03-11,2020,3,11,2,2020.03,weekday_4
2020-03-11,63103,1,2020-03-11,14,64.93,177.2,2020-03-11,2020,3,11,2,2020.03,weekday_14
2020-03-11,63112,1,2020-03-11,23,33.94,43.0,2020-03-11,2020,3,11,2,2020.03,weekday_23
2020-03-12,63123,1,2020-03-12,10,124.57,55.0,2020-03-12,2020,3,12,3,2020.03,weekday_10
2020-03-12,63134,1,2020-03-12,21,172.23,77.7,2020-03-12,2020,3,12,3,2020.03,weekday_21
2020-03-13,63142,1,2020-03-13,5,35.43,73.0,2020-03-13,2020,3,13,4,2020.03,weekday_5
2020-03-13,63152,1,2020-03-13,15,124.04,55.2,2020-03-13,2020,3,13,4,2020.03,weekday_15
2020-03-14,63166,1,2020-03-14,5,35.47,56.0,2020-03-14,2020,3,14,5,2020.03,weekend_5
2020-03-14,63173,1,2020-03-14,12,30.0,48.5,2020-03-14,2020,3,14,5,2020.03,weekend_12
2020-03-15,63186,1,2020-03-15,1,35.48,53.2,2020-03-15,2020,3,15,6,2020.03,weekend_1
2020-03-15,63197,1,2020-03-15,12,30.08,79.0,2020-03-15,2020,3,15,6,2020.03,weekend_12
2020-03-15,63206,1,2020-03-15,21,101.05,42.0,2020-03-15,2020,3,15,6,2020.03,weekend_21
2020-03-16,63216,1,2020-03-16,7,171.49,85.0,2020-03-16,2020,3,16,0,2020.03,weekday_7
2020-03-16,63227,1,2020-03-16,18,200.09,60.0,2020-03-16,2020,3,16,0,2020.03,weekday_18
2020-03-17,63238,1,2020-03-17,5,36.06,83.6,2020-03-17,2020,3,17,1,2020.03,weekday_5
2020-03-17,63250,1,2020-03-17,17,109.96,87.0,2020-03-17,2020,3,17,1,2020.03,weekday_17
2020-03-18,63259,1,2020-03-18,2,36.03,108.0,2020-03-18,2020,3,18,2,2020.03,weekday_2
2020-03-18,63270,1,2020-03-18,13,102.96,85.0,2020-03-18,2020,3,18,2,2020.03,weekday_13
2020-03-18,63279,1,2020-03-18,22,36.14,98.0,2020-03-18,2020,3,18,2,2020.03,weekday_22
2020-03-19,63289,1,2020-03-19,8,149.99,83.0,2020-03-19,2020,3,19,3,2020.03,weekday_8
2020-03-19,63298,1,2020-03-19,17,104.19,82.0,2020-03-19,2020,3,19,3,2020.03,weekday_17
2020-03-20,63310,1,2020-03-20,5,35.87,111.0,2020-03-20,2020,3,20,4,2020.03,weekday_5
2020-03-20,63319,1,2020-03-20,14,103.84,82.6,2020-03-20,2020,3,20,4,2020.03,weekday_14
2020-03-20,63328,1,2020-03-20,23,46.76,112.0,2020-03-20,2020,3,20,4,2020.03,weekday_23
2020-03-21,63338,1,2020-03-21,9,69.1,81.0,2020-03-21,2020,3,21,5,2020.03,weekend_9
2020-03-21,63346,1,2020-03-21,17,34.97,78.0,2020-03-21,2020,3,21,5,2020.03,weekend_17
2020-03-22,63354,1,2020-03-22,1,43.56,109.0,2020-03-22,2020,3,22,6,2020.03,weekend_1
2020-03-22,63364,1,2020-03-22,11,116.67,9.0,2020-03-22,2020,3,22,6,2020.03,weekend_11
2020-03-22,63376,1,2020-03-22,23,43.64,110.0,2020-03-22,2020,3,22,6,2020.03,weekend_23
2020-03-23,63385,1,2020-03-23,8,139.93,81.0,2020-03-23,2020,3,23,0,2020.03,weekday_8
2020-03-23,63394,1,2020-03-23,17,94.93,73.0,2020-03-23,2020,3,23,0,2020.03,weekday_17
2020-03-24,63404,1,2020-03-24,3,35.38,146.0,2020-03-24,2020,3,24,1,2020.03,weekday_3
2020-03-24,63415,1,2020-03-24,14,93.88,69.0,2020-03-24,2020,3,24,1,2020.03,weekday_14
2020-03-24,63424,1,2020-03-24,23,36.06,74.0,2020-03-24,2020,3,24,1,2020.03,weekday_23
2020-03-25,63434,1,2020-03-25,9,119.97,71.0,2020-03-25,2020,3,25,2,2020.03,weekday_9
2020-03-25,63444,1,2020-03-25,19,220.06,60.0,2020-03-25,2020,3,25,2,2020.03,weekday_19
2020-03-26,63454,1,2020-03-26,5,36.01,126.0,2020-03-26,2020,3,26,3,2020.03,weekday_5
2020-03-26,63464,1,2020-03-26,15,89.83,68.0,2020-03-26,2020,3,26,3,2020.03,weekday_15
2020-03-27,63474,1,2020-03-27,1,34.98,100.0,2020-03-27,2020,3,27,4,2020.03,weekday_1
2020-03-27,63484,1,2020-03-27,11,89.38,62.0,2020-03-27,2020,3,27,4,2020.03,weekday_11
2020-03-27,63494,1,2020-03-27,21,87.09,61.0,2020-03-27,2020,3,27,4,2020.03,weekday_21
2020-03-28,63508,1,2020-03-28,11,61.99,85.0,2020-03-28,2020,3,28,5,2020.03,weekend_11
2020-03-28,63515,1,2020-03-28,18,80.36,50.0,2020-03-28,2020,3,28,5,2020.03,weekend_18
2020-03-29,63525,1,2020-03-29,4,30.06,100.0,2020-03-29,2020,3,29,6,2020.03,weekend_4
2020-03-29,63536,1,2020-03-29,15,29.98,64.0,2020-03-29,2020,3,29,6,2020.03,weekend_15
2020-03-30,63546,1,2020-03-30,1,34.96,123.0,2020-03-30,2020,3,30,0,2020.03,weekday_1
2020-03-30,63555,1,2020-03-30,10,99.32,65.0,2020-03-30,2020,3,30,0,2020.03,weekday_10
2020-03-30,63564,1,2020-03-30,19,220.09,60.0,2020-03-30,2020,3,30,0,2020.03,weekday_19
2020-03-31,63576,1,2020-03-31,7,109.92,78.0,2020-03-31,2020,3,31,1,2020.03,weekday_7
2020-03-31,63588,1,2020-03-31,19,220.02,60.0,2020-03-31,2020,3,31,1,2020.03,weekday_19
2020-03-01,62850,1,2020-03-01,1,34.07,55.6,2020-03-01,2020,3,1,6,2020.03,weekend_1
2020-03-01,62861,1,2020-03-01,12,34.08,50.1,2020-03-01,2020,3,1,6,2020.03,weekend_12
2020-03-01,62870,1,2020-03-01,21,60.56,42.0,2020-03-01,2020,3,1,6,2020.03,weekend_21
2020-03-02,62880,1,2020-03-02,7,89.96,133.0,2020-03-02,2020,3,2,0,2020.03,weekday_7
2020-03-02,62891,1,2020-03-02,18,139.16,60.0,2020-03-02,2020,3,2,0,2020.03,weekday_18
2020-03-03,62900,1,2020-03-03,3,34.68,48.0,2020-03-03,2020,3,3,1,2020.03,weekday_3
2020-03-03,62910,1,2020-03-03,13,64.98,99.2,2020-03-03,2020,3,3,1,2020.03,weekday_13
2020-03-03,62920,1,2020-03-03,23,34.69,43.7,2020-03-03,2020,3,3,1,2020.03,weekday_23
2020-03-04,62929,1,2020-03-04,8,89.94,143.0,2020-03-04,2020,3,4,2,2020.03,weekday_8
2020-03-04,62938,1,2020-03-04,17,64.93,178.0,2020-03-04,2020,3,4,2,2020.03,weekday_17
2020-03-05,62948,1,2020-03-05,3,34.93,100.7,2020-03-05,2020,3,5,3,2020.03,weekday_3
2020-03-05,62960,1,2020-03-05,15,64.91,187.2,2020-03-05,2020,3,5,3,2020.03,weekday_15
2020-03-06,62971,1,2020-03-06,2,34.96,70.0,2020-03-06,2020,3,6,4,2020.03,weekday_2
2020-03-06,62979,1,2020-03-06,10,64.9,221.2,2020-03-06,2020,3,6,4,2020.03,weekday_10
2020-03-06,62988,1,2020-03-06,19,243.87,40.1,2020-03-06,2020,3,6,4,2020.03,weekday_19
2020-03-07,62999,1,2020-03-07,6,57.28,34.0,2020-03-07,2020,3,7,5,2020.03,weekend_6
2020-03-07,63011,1,2020-03-07,18,65.0,54.0,2020-03-07,2020,3,7,5,2020.03,weekend_18
2020-03-08,63019,1,2020-03-08,2,34.58,41.0,2020-03-08,2020,3,8,6,2020.03,weekend_2
2020-03-08,63028,1,2020-03-08,11,34.58,47.0,2020-03-08,2020,3,8,6,2020.03,weekend_11
2020-03-08,63039,1,2020-03-08,22,50.6,33.0,2020-03-08,2020,3,8,6,2020.03,weekend_22
2020-03-09,63048,1,2020-03-09,7,89.92,178.0,2020-03-09,2020,3,9,0,2020.03,weekday_7
2020-03-09,63058,1,2020-03-09,17,64.59,210.0,2020-03-09,2020,3,9,0,2020.03,weekday_17
2020-03-10,63070,1,2020-03-10,5,91.29,31.0,2020-03-10,2020,3,10,1,2020.03,weekday_5
2020-03-10,63079,1,2020-03-10,14,64.93,180.9,2020-03-10,2020,3,10,1,2020.03,weekday_14
2020-03-11,63089,1,2020-03-11,0,33.93,42.0,2020-03-11,2020,3,11,2,2020.03,weekday_0
2020-03-11,63099,1,2020-03-11,10,64.93,171.1,2020-03-11,2020,3,11,2,2020.03,weekday_10
2020-03-11,63109,1,2020-03-11,19,273.13,15.0,2020-03-11,2020,3,11,2,2020.03,weekday_19
2020-03-12,63118,1,2020-03-12,5,34.99,62.0,2020-03-12,2020,3,12,3,2020.03,weekday_5
2020-03-12,63128,1,2020-03-12,15,126.55,48.0,2020-03-12,2020,3,12,3,2020.03,weekday_15
2020-03-13,63138,1,2020-03-13,1,35.44,68.0,2020-03-13,2020,3,13,4,2020.03,weekday_1
2020-03-13,63148,1,2020-03-13,11,122.5,60.5,2020-03-13,2020,3,13,4,2020.03,weekday_11
2020-03-13,63159,1,2020-03-13,22,82.67,13.0,2020-03-13,2020,3,13,4,2020.03,weekday_22
2020-03-14,63170,1,2020-03-14,9,66.93,79.0,2020-03-14,2020,3,14,5,2020.03,weekend_9
2020-03-14,63181,1,2020-03-14,20,200.07,20.0,2020-03-14,2020,3,14,5,2020.03,weekend_20
2020-03-15,63191,1,2020-03-15,6,30.05,110.0,2020-03-15,2020,3,15,6,2020.03,weekend_6
2020-03-15,63199,1,2020-03-15,14,30.08,82.0,2020-03-15,2020,3,15,6,2020.03,weekend_14
2020-03-16,63210,1,2020-03-16,1,35.48,73.0,2020-03-16,2020,3,16,0,2020.03,weekday_1
2020-03-16,63221,1,2020-03-16,12,118.48,80.0,2020-03-16,2020,3,16,0,2020.03,weekday_12
2020-03-16,63229,1,2020-03-16,20,240.26,50.8,2020-03-16,2020,3,16,0,2020.03,weekday_20
2020-03-17,63239,1,2020-03-17,6,159.98,82.0,2020-03-17,2020,3,17,1,2020.03,weekday_6
2020-03-17,63249,1,2020-03-17,16,109.93,88.0,2020-03-17,2020,3,17,1,2020.03,weekday_16
2020-03-18,63260,1,2020-03-18,3,35.0,112.2,2020-03-18,2020,3,18,2,2020.03,weekday_3
2020-03-18,63267,1,2020-03-18,10,102.97,84.0,2020-03-18,2020,3,18,2,2020.03,weekday_10
2020-03-18,63275,1,2020-03-18,18,149.5,60.0,2020-03-18,2020,3,18,2,2020.03,weekday_18
2020-03-19,63287,1,2020-03-19,6,149.91,81.0,2020-03-19,2020,3,19,3,2020.03,weekday_6
2020-03-19,63296,1,2020-03-19,15,104.98,81.7,2020-03-19,2020,3,19,3,2020.03,weekday_15
2020-03-20,63305,1,2020-03-20,0,46.76,111.0,2020-03-20,2020,3,20,4,2020.03,weekday_0
2020-03-20,63317,1,2020-03-20,12,103.78,83.7,2020-03-20,2020,3,20,4,2020.03,weekday_12
2020-03-21,63329,1,2020-03-21,0,48.0,106.6,2020-03-21,2020,3,21,5,2020.03,weekend_0
2020-03-21,63339,1,2020-03-21,10,68.8,81.0,2020-03-21,2020,3,21,5,2020.03,weekend_10
2020-03-21,63351,1,2020-03-21,22,44.16,110.0,2020-03-21,2020,3,21,5,2020.03,weekend_22
2020-03-22,63359,1,2020-03-22,6,30.02,82.0,2020-03-22,2020,3,22,6,2020.03,weekend_6
2020-03-22,63369,1,2020-03-22,16,82.45,63.0,2020-03-22,2020,3,22,6,2020.03,weekend_16
2020-03-23,63382,1,2020-03-23,5,34.91,146.0,2020-03-23,2020,3,23,0,2020.03,weekday_5
2020-03-23,63392,1,2020-03-23,15,100.54,73.0,2020-03-23,2020,3,23,0,2020.03,weekday_15
2020-03-24,63401,1,2020-03-24,0,36.02,119.0,2020-03-24,2020,3,24,1,2020.03,weekday_0
2020-03-24,63409,1,2020-03-24,8,129.97,79.0,2020-03-24,2020,3,24,1,2020.03,weekday_8
2020-03-24,63419,1,2020-03-24,18,123.4,60.0,2020-03-24,2020,3,24,1,2020.03,weekday_18
2020-03-25,63432,1,2020-03-25,7,119.93,79.0,2020-03-25,2020,3,25,2,2020.03,weekday_7
2020-03-25,63442,1,2020-03-25,17,89.98,62.0,2020-03-25,2020,3,25,2,2020.03,weekday_17
2020-03-26,63453,1,2020-03-26,4,36.02,120.0,2020-03-26,2020,3,26,3,2020.03,weekday_4
2020-03-26,63459,1,2020-03-26,10,89.8,67.0,2020-03-26,2020,3,26,3,2020.03,weekday_10
2020-03-26,63470,1,2020-03-26,21,89.18,64.0,2020-03-26,2020,3,26,3,2020.03,weekday_21
2020-03-27,63480,1,2020-03-27,7,119.97,72.0,2020-03-27,2020,3,27,4,2020.03,weekday_7
2020-03-27,63490,1,2020-03-27,17,87.93,63.0,2020-03-27,2020,3,27,4,2020.03,weekday_17
2020-03-28,63502,1,2020-03-28,5,34.99,89.0,2020-03-28,2020,3,28,5,2020.03,weekend_5
2020-03-28,63512,1,2020-03-28,15,34.93,80.0,2020-03-28,2020,3,28,5,2020.03,weekend_15
2020-03-29,63523,1,2020-03-29,2,36.0,90.0,2020-03-29,2020,3,29,6,2020.03,weekend_2
2020-03-29,63531,1,2020-03-29,10,29.98,68.0,2020-03-29,2020,3,29,6,2020.03,weekend_10
2020-03-29,63541,1,2020-03-29,20,55.08,20.0,2020-03-29,2020,3,29,6,2020.03,weekend_20
2020-03-30,63551,1,2020-03-30,6,54.99,130.0,2020-03-30,2020,3,30,0,2020.03,weekday_6
2020-03-30,63559,1,2020-03-30,14,97.43,65.0,2020-03-30,2020,3,30,0,2020.03,weekday_14
2020-03-31,63569,1,2020-03-31,0,34.92,121.5,2020-03-31,2020,3,31,1,2020.03,weekday_0
2020-03-31,63580,1,2020-03-31,11,89.53,69.0,2020-03-31,2020,3,31,1,2020.03,weekday_11
2020-03-31,63590,1,2020-03-31,21,87.22,67.0,2020-03-31,2020,3,31,1,2020.03,weekday_21
