{"data":[{"AreaShortName":"ZAMN","AreaPrice":38.87,"AreaColor":null},{"AreaShortName":"ZAMM","AreaPrice":38.87,"AreaColor":null},{"AreaShortName":"ANG","AreaPrice":0,"AreaColor":null},{"AreaShortName":"BOT","AreaPrice":38.87,"AreaColor":null},{"AreaShortName":"DRC","AreaPrice":38.87,"AreaColor":null},{"AreaShortName":"LES","AreaPrice":38.87,"AreaColor":null},{"AreaShortName":"MAL","AreaPrice":0,"AreaColor":null},{"AreaShortName":"MOZS","AreaPrice":38.87,"AreaColor":null},{"AreaShortName":"NAM","AreaPrice":38.87,"AreaColor":null},{"AreaShortName":"RSAN","AreaPrice":38.87,"AreaColor":null},{"AreaShortName":"RSAS","AreaPrice":38.87,"AreaColor":null},{"AreaShortName":"TAN","AreaPrice":0,"AreaColor":null},{"AreaShortName":"ZAMZ","AreaPrice":38.87,"AreaColor":null},{"AreaShortName":"ZIM","AreaPrice":38.87,"AreaColor":null},{"AreaShortName":"ZIMA","AreaPrice":38.87,"AreaColor":null},{"AreaShortName":"ZAMC","AreaPrice":38.87,"AreaColor":null},{"AreaShortName":"MOZN_EDM","AreaPrice":38.87,"AreaColor":null},{"AreaShortName":"MOZN_HCB","AreaPrice":38.87,"AreaColor":null},{"AreaShortName":"MOZC_EDM","AreaPrice":38.87,"AreaColor":null},{"AreaShortName":"ESW","AreaPrice":38.87,"AreaColor":null},{"AreaShortName":"ZAML","AreaPrice":38.87,"AreaColor":null}],"success":true,"error":"","avgPRZAR":1024.21,"avgPRUSD":49.53,"dateToday":"2023/05/16","currenrPrice":49.53,"matchVolume":0,"tradeVolume":0,"rate":0,"mapColors":[{"ColorName":"Red","RGB1":"rgb(168,70,91)","RGB2":"rgb(89,0,19)","AreaName":"ZAMN"},{"ColorName":"Red","RGB1":"rgb(168,70,91)","RGB2":"rgb(89,0,19)","AreaName":"ZAMM"},{"ColorName":"Red","RGB1":"rgb(168,70,91)","RGB2":"rgb(89,0,19)","AreaName":"BOT"},{"ColorName":"Red","RGB1":"rgb(168,70,91)","RGB2":"rgb(89,0,19)","AreaName":"DRC"},{"ColorName":"Red","RGB1":"rgb(168,70,91)","RGB2":"rgb(89,0,19)","AreaName":"LES"},{"ColorName":"Red","RGB1":"rgb(168,70,91)","RGB2":"rgb(89,0,19)","AreaName":"MOZS"},{"ColorName":"Red","RGB1":"rgb(168,70,91)","RGB2":"rgb(89,0,19)","AreaName":"NAM"},{"ColorName":"Red","RGB1":"rgb(168,70,91)","RGB2":"rgb(89,0,19)","AreaName":"RSAN"},{"ColorName":"Red","RGB1":"rgb(168,70,91)","RGB2":"rgb(89,0,19)","AreaName":"RSAS"},{"ColorName":"Red","RGB1":"rgb(168,70,91)","RGB2":"rgb(89,0,19)","AreaName":"ZAMZ"},{"ColorName":"Red","RGB1":"rgb(168,70,91)","RGB2":"rgb(89,0,19)","AreaName":"ZIM"},{"ColorName":"Red","RGB1":"rgb(168,70,91)","RGB2":"rgb(89,0,19)","AreaName":"ZIMA"},{"ColorName":"Red","RGB1":"rgb(168,70,91)","RGB2":"rgb(89,0,19)","AreaName":"ZAMC"},{"ColorName":"Red","RGB1":"rgb(168,70,91)","RGB2":"rgb(89,0,19)","AreaName":"MOZN_EDM"},{"ColorName":"Red","RGB1":"rgb(168,70,91)","RGB2":"rgb(89,0,19)","AreaName":"MOZN_HCB"},{"ColorName":"Red","RGB1":"rgb(168,70,91)","RGB2":"rgb(89,0,19)","AreaName":"MOZC_EDM"},{"ColorName":"Red","RGB1":"rgb(168,70,91)","RGB2":"rgb(89,0,19)","AreaName":"ESW"},{"ColorName":"Red","RGB1":"rgb(168,70,91)","RGB2":"rgb(89,0,19)","AreaName":"ZAML"},{"ColorName":"Yellow","RGB1":"rgb(249,198,103)","RGB2":"rgb(249,116,0)","AreaName":"ANG"},{"ColorName":"Yellow","RGB1":"rgb(249,198,103)","RGB2":"rgb(249,116,0)","AreaName":"MAL"},{"ColorName":"Yellow","RGB1":"rgb(249,198,103)","RGB2":"rgb(249,116,0)","AreaName":"TAN"}],"excelData":[["Area Name","Price"],["ZAMN",38.87],["ZAMM",38.87],["ANG",0],["BOT",38.87],["DRC",38.87],["LES",38.87],["MAL",0],["MOZS",38.87],["NAM",38.87],["RSAN",38.87],["RSAS",38.87],["TAN",0],["ZAMZ",38.87],["ZIM",38.87],["ZIMA",38.87],["ZAMC",38.87],["MOZN_EDM",38.87],["MOZN_HCB",38.87],["MOZC_EDM",38.87],["ESW",38.87],["ZAML",38.87]]}