{"data":[{"AreaShortName":"ZAMN","AreaPrice":103.53,"AreaColor":null},{"AreaShortName":"ZAMM","AreaPrice":103.53,"AreaColor":null},{"AreaShortName":"ANG","AreaPrice":0,"AreaColor":null},{"AreaShortName":"BOT","AreaPrice":103.53,"AreaColor":null},{"AreaShortName":"DRC","AreaPrice":103.53,"AreaColor":null},{"AreaShortName":"LES","AreaPrice":103.53,"AreaColor":null},{"AreaShortName":"MAL","AreaPrice":0,"AreaColor":null},{"AreaShortName":"MOZS","AreaPrice":103.53,"AreaColor":null},{"AreaShortName":"NAM","AreaPrice":103.53,"AreaColor":null},{"AreaShortName":"RSAN","AreaPrice":103.53,"AreaColor":null},{"AreaShortName":"RSAS","AreaPrice":103.53,"AreaColor":null},{"AreaShortName":"TAN","AreaPrice":0,"AreaColor":null},{"AreaShortName":"ZAMZ","AreaPrice":103.53,"AreaColor":null},{"AreaShortName":"ZIM","AreaPrice":103.53,"AreaColor":null},{"AreaShortName":"ZIMA","AreaPrice":103.53,"AreaColor":null},{"AreaShortName":"ZAMC","AreaPrice":103.53,"AreaColor":null},{"AreaShortName":"MOZN_EDM","AreaPrice":103.53,"AreaColor":null},{"AreaShortName":"MOZN_HCB","AreaPrice":103.53,"AreaColor":null},{"AreaShortName":"MOZC_EDM","AreaPrice":103.53,"AreaColor":null},{"AreaShortName":"ESW","AreaPrice":103.53,"AreaColor":null},{"AreaShortName":"ZAML","AreaPrice":103.53,"AreaColor":null}],"success":true,"error":"","avgPRZAR":1024.21,"avgPRUSD":49.53,"dateToday":"2023/05/16","currenrPrice":49.53,"matchVolume":0,"tradeVolume":0,"rate":0,"mapColors":[{"ColorName":"Red","RGB1":"rgb(168,70,91)","RGB2":"rgb(89,0,19)","AreaName":"ZAMN"},{"ColorName":"Red","RGB1":"rgb(168,70,91)","RGB2":"rgb(89,0,19)","AreaName":"ZAMM"},{"ColorName":"Red","RGB1":"rgb(168,70,91)","RGB2":"rgb(89,0,19)","AreaName":"BOT"},{"ColorName":"Red","RGB1":"rgb(168,70,91)","RGB2":"rgb(89,0,19)","AreaName":"DRC"},{"ColorName":"Red","RGB1":"rgb(168,70,91)","RGB2":"rgb(89,0,19)","AreaName":"LES"},{"ColorName":"Red","RGB1":"rgb(168,70,91)","RGB2":"rgb(89,0,19)","AreaName":"MOZS"},{"ColorName":"Red","RGB1":"rgb(168,70,91)","RGB2":"rgb(89,0,19)","AreaName":"NAM"},{"ColorName":"Red","RGB1":"rgb(168,70,91)","RGB2":"rgb(89,0,19)","AreaName":"RSAN"},{"ColorName":"Red","RGB1":"rgb(168,70,91)","RGB2":"rgb(89,0,19)","AreaName":"RSAS"},{"ColorName":"Red","RGB1":"rgb(168,70,91)","RGB2":"rgb(89,0,19)","AreaName":"ZAMZ"},{"ColorName":"Red","RGB1":"rgb(168,70,91)","RGB2":"rgb(89,0,19)","AreaName":"ZIM"},{"ColorName":"Red","RGB1":"rgb(168,70,91)","RGB2":"rgb(89,0,19)","AreaName":"ZIMA"},{"ColorName":"Red","RGB1":"rgb(168,70,91)","RGB2":"rgb(89,0,19)","AreaName":"ZAMC"},{"ColorName":"Red","RGB1":"rgb(168,70,91)","RGB2":"rgb(89,0,19)","AreaName":"MOZN_EDM"},{"ColorName":"Red","RGB1":"rgb(168,70,91)","RGB2":"rgb(89,0,19)","AreaName":"MOZN_HCB"},{"ColorName":"Red","RGB1":"rgb(168,70,91)","RGB2":"rgb(89,0,19)","AreaName":"MOZC_EDM"},{"ColorName":"Red","RGB1":"rgb(168,70,91)","RGB2":"rgb(89,0,19)","AreaName":"ESW"},{"ColorName":"Red","RGB1":"rgb(168,70,91)","RGB2":"rgb(89,0,19)","AreaName":"ZAML"},{"ColorName":"Yellow","RGB1":"rgb(249,198,103)","RGB2":"rgb(249,116,0)","AreaName":"ANG"},{"ColorName":"Yellow","RGB1":"rgb(249,198,103)","RGB2":"rgb(249,116,0)","AreaName":"MAL"},{"ColorName":"Yellow","RGB1":"rgb(249,198,103)","RGB2":"rgb(249,116,0)","AreaName":"TAN"}],"excelData":[["Area Name","Price"],["ZAMN",103.53],["ZAMM",103.53],["ANG",0],["BOT",103.53],["DRC",103.53],["LES",103.53],["MAL",0],["MOZS",103.53],["NAM",103.53],["RSAN",103.53],["RSAS",103.53],["TAN",0],["ZAMZ",103.53],["ZIM",103.53],["ZIMA",103.53],["ZAMC",103.53],["MOZN_EDM",103.53],["MOZN_HCB",103.53],["MOZC_EDM",103.53],["ESW",103.53],["ZAML",103.53]]}