{"data":[{"AreaShortName":"ZAMN","AreaPrice":53.96,"AreaColor":null},{"AreaShortName":"ZAMM","AreaPrice":53.96,"AreaColor":null},{"AreaShortName":"ANG","AreaPrice":0,"AreaColor":null},{"AreaShortName":"BOT","AreaPrice":53.96,"AreaColor":null},{"AreaShortName":"DRC","AreaPrice":53.96,"AreaColor":null},{"AreaShortName":"LES","AreaPrice":53.96,"AreaColor":null},{"AreaShortName":"MAL","AreaPrice":0,"AreaColor":null},{"AreaShortName":"MOZS","AreaPrice":53.96,"AreaColor":null},{"AreaShortName":"NAM","AreaPrice":53.96,"AreaColor":null},{"AreaShortName":"RSAN","AreaPrice":53.96,"AreaColor":null},{"AreaShortName":"RSAS","AreaPrice":53.96,"AreaColor":null},{"AreaShortName":"TAN","AreaPrice":0,"AreaColor":null},{"AreaShortName":"ZAMZ","AreaPrice":53.96,"AreaColor":null},{"AreaShortName":"ZIM","AreaPrice":53.96,"AreaColor":null},{"AreaShortName":"ZIMA","AreaPrice":53.96,"AreaColor":null},{"AreaShortName":"ZAMC","AreaPrice":53.96,"AreaColor":null},{"AreaShortName":"MOZN_EDM","AreaPrice":53.96,"AreaColor":null},{"AreaShortName":"MOZN_HCB","AreaPrice":53.96,"AreaColor":null},{"AreaShortName":"MOZC_EDM","AreaPrice":53.96,"AreaColor":null},{"AreaShortName":"ESW","AreaPrice":53.96,"AreaColor":null},{"AreaShortName":"ZAML","AreaPrice":53.96,"AreaColor":null}],"success":true,"error":"","avgPRZAR":1024.21,"avgPRUSD":49.53,"dateToday":"2023/05/16","currenrPrice":49.53,"matchVolume":0,"tradeVolume":0,"rate":0,"mapColors":[{"ColorName":"Red","RGB1":"rgb(168,70,91)","RGB2":"rgb(89,0,19)","AreaName":"ZAMN"},{"ColorName":"Red","RGB1":"rgb(168,70,91)","RGB2":"rgb(89,0,19)","AreaName":"ZAMM"},{"ColorName":"Red","RGB1":"rgb(168,70,91)","RGB2":"rgb(89,0,19)","AreaName":"BOT"},{"ColorName":"Red","RGB1":"rgb(168,70,91)","RGB2":"rgb(89,0,19)","AreaName":"DRC"},{"ColorName":"Red","RGB1":"rgb(168,70,91)","RGB2":"rgb(89,0,19)","AreaName":"LES"},{"ColorName":"Red","RGB1":"rgb(168,70,91)","RGB2":"rgb(89,0,19)","AreaName":"MOZS"},{"ColorName":"Red","RGB1":"rgb(168,70,91)","RGB2":"rgb(89,0,19)","AreaName":"NAM"},{"ColorName":"Red","RGB1":"rgb(168,70,91)","RGB2":"rgb(89,0,19)","AreaName":"RSAN"},{"ColorName":"Red","RGB1":"rgb(168,70,91)","RGB2":"rgb(89,0,19)","AreaName":"RSAS"},{"ColorName":"Red","RGB1":"rgb(168,70,91)","RGB2":"rgb(89,0,19)","AreaName":"ZAMZ"},{"ColorName":"Red","RGB1":"rgb(168,70,91)","RGB2":"rgb(89,0,19)","AreaName":"ZIM"},{"ColorName":"Red","RGB1":"rgb(168,70,91)","RGB2":"rgb(89,0,19)","AreaName":"ZIMA"},{"ColorName":"Red","RGB1":"rgb(168,70,91)","RGB2":"rgb(89,0,19)","AreaName":"ZAMC"},{"ColorName":"Red","RGB1":"rgb(168,70,91)","RGB2":"rgb(89,0,19)","AreaName":"MOZN_EDM"},{"ColorName":"Red","RGB1":"rgb(168,70,91)","RGB2":"rgb(89,0,19)","AreaName":"MOZN_HCB"},{"ColorName":"Red","RGB1":"rgb(168,70,91)","RGB2":"rgb(89,0,19)","AreaName":"MOZC_EDM"},{"ColorName":"Red","RGB1":"rgb(168,70,91)","RGB2":"rgb(89,0,19)","AreaName":"ESW"},{"ColorName":"Red","RGB1":"rgb(168,70,91)","RGB2":"rgb(89,0,19)","AreaName":"ZAML"},{"ColorName":"Yellow","RGB1":"rgb(249,198,103)","RGB2":"rgb(249,116,0)","AreaName":"ANG"},{"ColorName":"Yellow","RGB1":"rgb(249,198,103)","RGB2":"rgb(249,116,0)","AreaName":"MAL"},{"ColorName":"Yellow","RGB1":"rgb(249,198,103)","RGB2":"rgb(249,116,0)","AreaName":"TAN"}],"excelData":[["Area Name","Price"],["ZAMN",53.96],["ZAMM",53.96],["ANG",0],["BOT",53.96],["DRC",53.96],["LES",53.96],["MAL",0],["MOZS",53.96],["NAM",53.96],["RSAN",53.96],["RSAS",53.96],["TAN",0],["ZAMZ",53.96],["ZIM",53.96],["ZIMA",53.96],["ZAMC",53.96],["MOZN_EDM",53.96],["MOZN_HCB",53.96],["MOZC_EDM",53.96],["ESW",53.96],["ZAML",53.96]]}