{"data":[{"AreaShortName":"ZAMN","AreaPrice":34.95,"AreaColor":null},{"AreaShortName":"ZAMM","AreaPrice":34.95,"AreaColor":null},{"AreaShortName":"ANG","AreaPrice":0,"AreaColor":null},{"AreaShortName":"BOT","AreaPrice":40.91,"AreaColor":null},{"AreaShortName":"DRC","AreaPrice":34.95,"AreaColor":null},{"AreaShortName":"LES","AreaPrice":40.91,"AreaColor":null},{"AreaShortName":"MAL","AreaPrice":0,"AreaColor":null},{"AreaShortName":"MOZS","AreaPrice":40.91,"AreaColor":null},{"AreaShortName":"NAM","AreaPrice":40.91,"AreaColor":null},{"AreaShortName":"RSAN","AreaPrice":40.91,"AreaColor":null},{"AreaShortName":"RSAS","AreaPrice":40.91,"AreaColor":null},{"AreaShortName":"TAN","AreaPrice":0,"AreaColor":null},{"AreaShortName":"ZAMZ","AreaPrice":34.95,"AreaColor":null},{"AreaShortName":"ZIM","AreaPrice":34.95,"AreaColor":null},{"AreaShortName":"ZIMA","AreaPrice":34.95,"AreaColor":null},{"AreaShortName":"ZAMC","AreaPrice":34.95,"AreaColor":null},{"AreaShortName":"MOZN_EDM","AreaPrice":34.95,"AreaColor":null},{"AreaShortName":"MOZN_HCB","AreaPrice":34.95,"AreaColor":null},{"AreaShortName":"MOZC_EDM","AreaPrice":34.95,"AreaColor":null},{"AreaShortName":"ESW","AreaPrice":40.91,"AreaColor":null},{"AreaShortName":"ZAML","AreaPrice":34.95,"AreaColor":null}],"success":true,"error":"","avgPRZAR":804.39,"avgPRUSD":41.09,"dateToday":"2023/05/11","currenrPrice":41.09,"matchVolume":0,"tradeVolume":0,"rate":0,"mapColors":[{"ColorName":"Red","RGB1":"rgb(168,70,91)","RGB2":"rgb(89,0,19)","AreaName":"ZAMN"},{"ColorName":"Red","RGB1":"rgb(168,70,91)","RGB2":"rgb(89,0,19)","AreaName":"ZAMM"},{"ColorName":"Red","RGB1":"rgb(168,70,91)","RGB2":"rgb(89,0,19)","AreaName":"DRC"},{"ColorName":"Red","RGB1":"rgb(168,70,91)","RGB2":"rgb(89,0,19)","AreaName":"ZAMZ"},{"ColorName":"Red","RGB1":"rgb(168,70,91)","RGB2":"rgb(89,0,19)","AreaName":"ZIM"},{"ColorName":"Red","RGB1":"rgb(168,70,91)","RGB2":"rgb(89,0,19)","AreaName":"ZIMA"},{"ColorName":"Red","RGB1":"rgb(168,70,91)","RGB2":"rgb(89,0,19)","AreaName":"ZAMC"},{"ColorName":"Red","RGB1":"rgb(168,70,91)","RGB2":"rgb(89,0,19)","AreaName":"MOZN_EDM"},{"ColorName":"Red","RGB1":"rgb(168,70,91)","RGB2":"rgb(89,0,19)","AreaName":"MOZN_HCB"},{"ColorName":"Red","RGB1":"rgb(168,70,91)","RGB2":"rgb(89,0,19)","AreaName":"MOZC_EDM"},{"ColorName":"Red","RGB1":"rgb(168,70,91)","RGB2":"rgb(89,0,19)","AreaName":"ZAML"},{"ColorName":"Yellow","RGB1":"rgb(249,198,103)","RGB2":"rgb(249,116,0)","AreaName":"ANG"},{"ColorName":"Yellow","RGB1":"rgb(249,198,103)","RGB2":"rgb(249,116,0)","AreaName":"MAL"},{"ColorName":"Yellow","RGB1":"rgb(249,198,103)","RGB2":"rgb(249,116,0)","AreaName":"TAN"},{"ColorName":"Green","RGB1":"rgb(186,221,95)","RGB2":"rgb(57,130,53)","AreaName":"BOT"},{"ColorName":"Green","RGB1":"rgb(186,221,95)","RGB2":"rgb(57,130,53)","AreaName":"LES"},{"ColorName":"Green","RGB1":"rgb(186,221,95)","RGB2":"rgb(57,130,53)","AreaName":"MOZS"},{"ColorName":"Green","RGB1":"rgb(186,221,95)","RGB2":"rgb(57,130,53)","AreaName":"NAM"},{"ColorName":"Green","RGB1":"rgb(186,221,95)","RGB2":"rgb(57,130,53)","AreaName":"RSAN"},{"ColorName":"Green","RGB1":"rgb(186,221,95)","RGB2":"rgb(57,130,53)","AreaName":"RSAS"},{"ColorName":"Green","RGB1":"rgb(186,221,95)","RGB2":"rgb(57,130,53)","AreaName":"ESW"}],"excelData":[["Area Name","Price"],["ZAMN",34.95],["ZAMM",34.95],["ANG",0],["BOT",40.91],["DRC",34.95],["LES",40.91],["MAL",0],["MOZS",40.91],["NAM",40.91],["RSAN",40.91],["RSAS",40.91],["TAN",0],["ZAMZ",34.95],["ZIM",34.95],["ZIMA",34.95],["ZAMC",34.95],["MOZN_EDM",34.95],["MOZN_HCB",34.95],["MOZC_EDM",34.95],["ESW",40.91],["ZAML",34.95]]}