{"data":[{"AreaShortName":"ZAMN","AreaPrice":51.95,"AreaColor":null},{"AreaShortName":"ZAMM","AreaPrice":51.95,"AreaColor":null},{"AreaShortName":"ANG","AreaPrice":0,"AreaColor":null},{"AreaShortName":"BOT","AreaPrice":56.25,"AreaColor":null},{"AreaShortName":"DRC","AreaPrice":51.95,"AreaColor":null},{"AreaShortName":"LES","AreaPrice":56.25,"AreaColor":null},{"AreaShortName":"MAL","AreaPrice":0,"AreaColor":null},{"AreaShortName":"MOZS","AreaPrice":56.25,"AreaColor":null},{"AreaShortName":"NAM","AreaPrice":56.25,"AreaColor":null},{"AreaShortName":"RSAN","AreaPrice":56.25,"AreaColor":null},{"AreaShortName":"RSAS","AreaPrice":56.25,"AreaColor":null},{"AreaShortName":"TAN","AreaPrice":0,"AreaColor":null},{"AreaShortName":"ZAMZ","AreaPrice":51.95,"AreaColor":null},{"AreaShortName":"ZIM","AreaPrice":51.95,"AreaColor":null},{"AreaShortName":"ZIMA","AreaPrice":51.95,"AreaColor":null},{"AreaShortName":"ZAMC","AreaPrice":51.95,"AreaColor":null},{"AreaShortName":"MOZN_EDM","AreaPrice":51.95,"AreaColor":null},{"AreaShortName":"MOZN_HCB","AreaPrice":51.95,"AreaColor":null},{"AreaShortName":"MOZC_EDM","AreaPrice":51.95,"AreaColor":null},{"AreaShortName":"ESW","AreaPrice":56.25,"AreaColor":null},{"AreaShortName":"ZAML","AreaPrice":51.95,"AreaColor":null}],"success":true,"error":"","avgPRZAR":804.39,"avgPRUSD":41.09,"dateToday":"2023/05/11","currenrPrice":41.09,"matchVolume":0,"tradeVolume":0,"rate":0,"mapColors":[{"ColorName":"Red","RGB1":"rgb(168,70,91)","RGB2":"rgb(89,0,19)","AreaName":"ZAMN"},{"ColorName":"Red","RGB1":"rgb(168,70,91)","RGB2":"rgb(89,0,19)","AreaName":"ZAMM"},{"ColorName":"Red","RGB1":"rgb(168,70,91)","RGB2":"rgb(89,0,19)","AreaName":"DRC"},{"ColorName":"Red","RGB1":"rgb(168,70,91)","RGB2":"rgb(89,0,19)","AreaName":"ZAMZ"},{"ColorName":"Red","RGB1":"rgb(168,70,91)","RGB2":"rgb(89,0,19)","AreaName":"ZIM"},{"ColorName":"Red","RGB1":"rgb(168,70,91)","RGB2":"rgb(89,0,19)","AreaName":"ZIMA"},{"ColorName":"Red","RGB1":"rgb(168,70,91)","RGB2":"rgb(89,0,19)","AreaName":"ZAMC"},{"ColorName":"Red","RGB1":"rgb(168,70,91)","RGB2":"rgb(89,0,19)","AreaName":"MOZN_EDM"},{"ColorName":"Red","RGB1":"rgb(168,70,91)","RGB2":"rgb(89,0,19)","AreaName":"MOZN_HCB"},{"ColorName":"Red","RGB1":"rgb(168,70,91)","RGB2":"rgb(89,0,19)","AreaName":"MOZC_EDM"},{"ColorName":"Red","RGB1":"rgb(168,70,91)","RGB2":"rgb(89,0,19)","AreaName":"ZAML"},{"ColorName":"Yellow","RGB1":"rgb(249,198,103)","RGB2":"rgb(249,116,0)","AreaName":"ANG"},{"ColorName":"Yellow","RGB1":"rgb(249,198,103)","RGB2":"rgb(249,116,0)","AreaName":"MAL"},{"ColorName":"Yellow","RGB1":"rgb(249,198,103)","RGB2":"rgb(249,116,0)","AreaName":"TAN"},{"ColorName":"Green","RGB1":"rgb(186,221,95)","RGB2":"rgb(57,130,53)","AreaName":"BOT"},{"ColorName":"Green","RGB1":"rgb(186,221,95)","RGB2":"rgb(57,130,53)","AreaName":"LES"},{"ColorName":"Green","RGB1":"rgb(186,221,95)","RGB2":"rgb(57,130,53)","AreaName":"MOZS"},{"ColorName":"Green","RGB1":"rgb(186,221,95)","RGB2":"rgb(57,130,53)","AreaName":"NAM"},{"ColorName":"Green","RGB1":"rgb(186,221,95)","RGB2":"rgb(57,130,53)","AreaName":"RSAN"},{"ColorName":"Green","RGB1":"rgb(186,221,95)","RGB2":"rgb(57,130,53)","AreaName":"RSAS"},{"ColorName":"Green","RGB1":"rgb(186,221,95)","RGB2":"rgb(57,130,53)","AreaName":"ESW"}],"excelData":[["Area Name","Price"],["ZAMN",51.95],["ZAMM",51.95],["ANG",0],["BOT",56.25],["DRC",51.95],["LES",56.25],["MAL",0],["MOZS",56.25],["NAM",56.25],["RSAN",56.25],["RSAS",56.25],["TAN",0],["ZAMZ",51.95],["ZIM",51.95],["ZIMA",51.95],["ZAMC",51.95],["MOZN_EDM",51.95],["MOZN_HCB",51.95],["MOZC_EDM",51.95],["ESW",56.25],["ZAML",51.95]]}