{"data":[{"AreaShortName":"ZAMN","AreaPrice":35.95,"AreaColor":null},{"AreaShortName":"ZAMM","AreaPrice":35.95,"AreaColor":null},{"AreaShortName":"ANG","AreaPrice":0,"AreaColor":null},{"AreaShortName":"BOT","AreaPrice":150.1,"AreaColor":null},{"AreaShortName":"DRC","AreaPrice":35.95,"AreaColor":null},{"AreaShortName":"LES","AreaPrice":150.1,"AreaColor":null},{"AreaShortName":"MAL","AreaPrice":0,"AreaColor":null},{"AreaShortName":"MOZS","AreaPrice":150.1,"AreaColor":null},{"AreaShortName":"NAM","AreaPrice":150.1,"AreaColor":null},{"AreaShortName":"RSAN","AreaPrice":150.1,"AreaColor":null},{"AreaShortName":"RSAS","AreaPrice":150.1,"AreaColor":null},{"AreaShortName":"TAN","AreaPrice":0,"AreaColor":null},{"AreaShortName":"ZAMZ","AreaPrice":35.95,"AreaColor":null},{"AreaShortName":"ZIM","AreaPrice":35.95,"AreaColor":null},{"AreaShortName":"ZIMA","AreaPrice":35.95,"AreaColor":null},{"AreaShortName":"ZAMC","AreaPrice":35.95,"AreaColor":null},{"AreaShortName":"MOZN_EDM","AreaPrice":35.95,"AreaColor":null},{"AreaShortName":"MOZN_HCB","AreaPrice":35.95,"AreaColor":null},{"AreaShortName":"MOZC_EDM","AreaPrice":35.95,"AreaColor":null},{"AreaShortName":"ESW","AreaPrice":150.1,"AreaColor":null},{"AreaShortName":"ZAML","AreaPrice":35.95,"AreaColor":null}],"success":true,"error":"","avgPRZAR":1087.12,"avgPRUSD":55.8,"dateToday":"2023/05/10","currenrPrice":55.8,"matchVolume":0,"tradeVolume":0,"rate":0,"mapColors":[{"ColorName":"Red","RGB1":"rgb(168,70,91)","RGB2":"rgb(89,0,19)","AreaName":"ZAMN"},{"ColorName":"Red","RGB1":"rgb(168,70,91)","RGB2":"rgb(89,0,19)","AreaName":"ZAMM"},{"ColorName":"Red","RGB1":"rgb(168,70,91)","RGB2":"rgb(89,0,19)","AreaName":"DRC"},{"ColorName":"Red","RGB1":"rgb(168,70,91)","RGB2":"rgb(89,0,19)","AreaName":"ZAMZ"},{"ColorName":"Red","RGB1":"rgb(168,70,91)","RGB2":"rgb(89,0,19)","AreaName":"ZIM"},{"ColorName":"Red","RGB1":"rgb(168,70,91)","RGB2":"rgb(89,0,19)","AreaName":"ZIMA"},{"ColorName":"Red","RGB1":"rgb(168,70,91)","RGB2":"rgb(89,0,19)","AreaName":"ZAMC"},{"ColorName":"Red","RGB1":"rgb(168,70,91)","RGB2":"rgb(89,0,19)","AreaName":"MOZN_EDM"},{"ColorName":"Red","RGB1":"rgb(168,70,91)","RGB2":"rgb(89,0,19)","AreaName":"MOZN_HCB"},{"ColorName":"Red","RGB1":"rgb(168,70,91)","RGB2":"rgb(89,0,19)","AreaName":"MOZC_EDM"},{"ColorName":"Red","RGB1":"rgb(168,70,91)","RGB2":"rgb(89,0,19)","AreaName":"ZAML"},{"ColorName":"Yellow","RGB1":"rgb(249,198,103)","RGB2":"rgb(249,116,0)","AreaName":"ANG"},{"ColorName":"Yellow","RGB1":"rgb(249,198,103)","RGB2":"rgb(249,116,0)","AreaName":"MAL"},{"ColorName":"Yellow","RGB1":"rgb(249,198,103)","RGB2":"rgb(249,116,0)","AreaName":"TAN"},{"ColorName":"Green","RGB1":"rgb(186,221,95)","RGB2":"rgb(57,130,53)","AreaName":"BOT"},{"ColorName":"Green","RGB1":"rgb(186,221,95)","RGB2":"rgb(57,130,53)","AreaName":"LES"},{"ColorName":"Green","RGB1":"rgb(186,221,95)","RGB2":"rgb(57,130,53)","AreaName":"MOZS"},{"ColorName":"Green","RGB1":"rgb(186,221,95)","RGB2":"rgb(57,130,53)","AreaName":"NAM"},{"ColorName":"Green","RGB1":"rgb(186,221,95)","RGB2":"rgb(57,130,53)","AreaName":"RSAN"},{"ColorName":"Green","RGB1":"rgb(186,221,95)","RGB2":"rgb(57,130,53)","AreaName":"RSAS"},{"ColorName":"Green","RGB1":"rgb(186,221,95)","RGB2":"rgb(57,130,53)","AreaName":"ESW"}],"excelData":[["Area Name","Price"],["ZAMN",35.95],["ZAMM",35.95],["ANG",0],["BOT",150.1],["DRC",35.95],["LES",150.1],["MAL",0],["MOZS",150.1],["NAM",150.1],["RSAN",150.1],["RSAS",150.1],["TAN",0],["ZAMZ",35.95],["ZIM",35.95],["ZIMA",35.95],["ZAMC",35.95],["MOZN_EDM",35.95],["MOZN_HCB",35.95],["MOZC_EDM",35.95],["ESW",150.1],["ZAML",35.95]]}