{"data":[{"AreaShortName":"ZAMN","AreaPrice":100.09,"AreaColor":null},{"AreaShortName":"ZAMM","AreaPrice":100.09,"AreaColor":null},{"AreaShortName":"ANG","AreaPrice":0,"AreaColor":null},{"AreaShortName":"BOT","AreaPrice":250.1,"AreaColor":null},{"AreaShortName":"DRC","AreaPrice":100.09,"AreaColor":null},{"AreaShortName":"LES","AreaPrice":250.1,"AreaColor":null},{"AreaShortName":"MAL","AreaPrice":0,"AreaColor":null},{"AreaShortName":"MOZS","AreaPrice":250.1,"AreaColor":null},{"AreaShortName":"NAM","AreaPrice":250.1,"AreaColor":null},{"AreaShortName":"RSAN","AreaPrice":250.1,"AreaColor":null},{"AreaShortName":"RSAS","AreaPrice":250.1,"AreaColor":null},{"AreaShortName":"TAN","AreaPrice":0,"AreaColor":null},{"AreaShortName":"ZAMZ","AreaPrice":100.09,"AreaColor":null},{"AreaShortName":"ZIM","AreaPrice":100.09,"AreaColor":null},{"AreaShortName":"ZIMA","AreaPrice":100.09,"AreaColor":null},{"AreaShortName":"ZAMC","AreaPrice":100.09,"AreaColor":null},{"AreaShortName":"MOZN_EDM","AreaPrice":100.09,"AreaColor":null},{"AreaShortName":"MOZN_HCB","AreaPrice":100.09,"AreaColor":null},{"AreaShortName":"MOZC_EDM","AreaPrice":100.09,"AreaColor":null},{"AreaShortName":"ESW","AreaPrice":250.1,"AreaColor":null},{"AreaShortName":"ZAML","AreaPrice":100.09,"AreaColor":null}],"success":true,"error":"","avgPRZAR":1087.12,"avgPRUSD":55.8,"dateToday":"2023/05/10","currenrPrice":55.8,"matchVolume":0,"tradeVolume":0,"rate":0,"mapColors":[{"ColorName":"Red","RGB1":"rgb(168,70,91)","RGB2":"rgb(89,0,19)","AreaName":"ZAMN"},{"ColorName":"Red","RGB1":"rgb(168,70,91)","RGB2":"rgb(89,0,19)","AreaName":"ZAMM"},{"ColorName":"Red","RGB1":"rgb(168,70,91)","RGB2":"rgb(89,0,19)","AreaName":"DRC"},{"ColorName":"Red","RGB1":"rgb(168,70,91)","RGB2":"rgb(89,0,19)","AreaName":"ZAMZ"},{"ColorName":"Red","RGB1":"rgb(168,70,91)","RGB2":"rgb(89,0,19)","AreaName":"ZIM"},{"ColorName":"Red","RGB1":"rgb(168,70,91)","RGB2":"rgb(89,0,19)","AreaName":"ZIMA"},{"ColorName":"Red","RGB1":"rgb(168,70,91)","RGB2":"rgb(89,0,19)","AreaName":"ZAMC"},{"ColorName":"Red","RGB1":"rgb(168,70,91)","RGB2":"rgb(89,0,19)","AreaName":"MOZN_EDM"},{"ColorName":"Red","RGB1":"rgb(168,70,91)","RGB2":"rgb(89,0,19)","AreaName":"MOZN_HCB"},{"ColorName":"Red","RGB1":"rgb(168,70,91)","RGB2":"rgb(89,0,19)","AreaName":"MOZC_EDM"},{"ColorName":"Red","RGB1":"rgb(168,70,91)","RGB2":"rgb(89,0,19)","AreaName":"ZAML"},{"ColorName":"Yellow","RGB1":"rgb(249,198,103)","RGB2":"rgb(249,116,0)","AreaName":"ANG"},{"ColorName":"Yellow","RGB1":"rgb(249,198,103)","RGB2":"rgb(249,116,0)","AreaName":"MAL"},{"ColorName":"Yellow","RGB1":"rgb(249,198,103)","RGB2":"rgb(249,116,0)","AreaName":"TAN"},{"ColorName":"Green","RGB1":"rgb(186,221,95)","RGB2":"rgb(57,130,53)","AreaName":"BOT"},{"ColorName":"Green","RGB1":"rgb(186,221,95)","RGB2":"rgb(57,130,53)","AreaName":"LES"},{"ColorName":"Green","RGB1":"rgb(186,221,95)","RGB2":"rgb(57,130,53)","AreaName":"MOZS"},{"ColorName":"Green","RGB1":"rgb(186,221,95)","RGB2":"rgb(57,130,53)","AreaName":"NAM"},{"ColorName":"Green","RGB1":"rgb(186,221,95)","RGB2":"rgb(57,130,53)","AreaName":"RSAN"},{"ColorName":"Green","RGB1":"rgb(186,221,95)","RGB2":"rgb(57,130,53)","AreaName":"RSAS"},{"ColorName":"Green","RGB1":"rgb(186,221,95)","RGB2":"rgb(57,130,53)","AreaName":"ESW"}],"excelData":[["Area Name","Price"],["ZAMN",100.09],["ZAMM",100.09],["ANG",0],["BOT",250.1],["DRC",100.09],["LES",250.1],["MAL",0],["MOZS",250.1],["NAM",250.1],["RSAN",250.1],["RSAS",250.1],["TAN",0],["ZAMZ",100.09],["ZIM",100.09],["ZIMA",100.09],["ZAMC",100.09],["MOZN_EDM",100.09],["MOZN_HCB",100.09],["MOZC_EDM",100.09],["ESW",250.1],["ZAML",100.09]]}