{"data":[{"AreaShortName":"ZAMN","AreaPrice":39.76,"AreaColor":null},{"AreaShortName":"ZAMM","AreaPrice":39.76,"AreaColor":null},{"AreaShortName":"ANG","AreaPrice":0,"AreaColor":null},{"AreaShortName":"BOT","AreaPrice":39.76,"AreaColor":null},{"AreaShortName":"DRC","AreaPrice":39.76,"AreaColor":null},{"AreaShortName":"LES","AreaPrice":39.76,"AreaColor":null},{"AreaShortName":"MAL","AreaPrice":0,"AreaColor":null},{"AreaShortName":"MOZS","AreaPrice":39.76,"AreaColor":null},{"AreaShortName":"NAM","AreaPrice":39.76,"AreaColor":null},{"AreaShortName":"RSAN","AreaPrice":39.76,"AreaColor":null},{"AreaShortName":"RSAS","AreaPrice":39.76,"AreaColor":null},{"AreaShortName":"TAN","AreaPrice":0,"AreaColor":null},{"AreaShortName":"ZAMZ","AreaPrice":39.76,"AreaColor":null},{"AreaShortName":"ZIM","AreaPrice":39.76,"AreaColor":null},{"AreaShortName":"ZIMA","AreaPrice":39.76,"AreaColor":null},{"AreaShortName":"ZAMC","AreaPrice":39.76,"AreaColor":null},{"AreaShortName":"MOZN_EDM","AreaPrice":39.76,"AreaColor":null},{"AreaShortName":"MOZN_HCB","AreaPrice":39.76,"AreaColor":null},{"AreaShortName":"MOZC_EDM","AreaPrice":39.76,"AreaColor":null},{"AreaShortName":"ESW","AreaPrice":39.76,"AreaColor":null},{"AreaShortName":"ZAML","AreaPrice":39.76,"AreaColor":null}],"success":true,"error":"","avgPRZAR":1010.21,"avgPRUSD":50.19,"dateToday":"2023/05/15","currenrPrice":50.19,"matchVolume":0,"tradeVolume":0,"rate":0,"mapColors":[{"ColorName":"Red","RGB1":"rgb(168,70,91)","RGB2":"rgb(89,0,19)","AreaName":"ZAMN"},{"ColorName":"Red","RGB1":"rgb(168,70,91)","RGB2":"rgb(89,0,19)","AreaName":"ZAMM"},{"ColorName":"Red","RGB1":"rgb(168,70,91)","RGB2":"rgb(89,0,19)","AreaName":"BOT"},{"ColorName":"Red","RGB1":"rgb(168,70,91)","RGB2":"rgb(89,0,19)","AreaName":"DRC"},{"ColorName":"Red","RGB1":"rgb(168,70,91)","RGB2":"rgb(89,0,19)","AreaName":"LES"},{"ColorName":"Red","RGB1":"rgb(168,70,91)","RGB2":"rgb(89,0,19)","AreaName":"MOZS"},{"ColorName":"Red","RGB1":"rgb(168,70,91)","RGB2":"rgb(89,0,19)","AreaName":"NAM"},{"ColorName":"Red","RGB1":"rgb(168,70,91)","RGB2":"rgb(89,0,19)","AreaName":"RSAN"},{"ColorName":"Red","RGB1":"rgb(168,70,91)","RGB2":"rgb(89,0,19)","AreaName":"RSAS"},{"ColorName":"Red","RGB1":"rgb(168,70,91)","RGB2":"rgb(89,0,19)","AreaName":"ZAMZ"},{"ColorName":"Red","RGB1":"rgb(168,70,91)","RGB2":"rgb(89,0,19)","AreaName":"ZIM"},{"ColorName":"Red","RGB1":"rgb(168,70,91)","RGB2":"rgb(89,0,19)","AreaName":"ZIMA"},{"ColorName":"Red","RGB1":"rgb(168,70,91)","RGB2":"rgb(89,0,19)","AreaName":"ZAMC"},{"ColorName":"Red","RGB1":"rgb(168,70,91)","RGB2":"rgb(89,0,19)","AreaName":"MOZN_EDM"},{"ColorName":"Red","RGB1":"rgb(168,70,91)","RGB2":"rgb(89,0,19)","AreaName":"MOZN_HCB"},{"ColorName":"Red","RGB1":"rgb(168,70,91)","RGB2":"rgb(89,0,19)","AreaName":"MOZC_EDM"},{"ColorName":"Red","RGB1":"rgb(168,70,91)","RGB2":"rgb(89,0,19)","AreaName":"ESW"},{"ColorName":"Red","RGB1":"rgb(168,70,91)","RGB2":"rgb(89,0,19)","AreaName":"ZAML"},{"ColorName":"Yellow","RGB1":"rgb(249,198,103)","RGB2":"rgb(249,116,0)","AreaName":"ANG"},{"ColorName":"Yellow","RGB1":"rgb(249,198,103)","RGB2":"rgb(249,116,0)","AreaName":"MAL"},{"ColorName":"Yellow","RGB1":"rgb(249,198,103)","RGB2":"rgb(249,116,0)","AreaName":"TAN"}],"excelData":[["Area Name","Price"],["ZAMN",39.76],["ZAMM",39.76],["ANG",0],["BOT",39.76],["DRC",39.76],["LES",39.76],["MAL",0],["MOZS",39.76],["NAM",39.76],["RSAN",39.76],["RSAS",39.76],["TAN",0],["ZAMZ",39.76],["ZIM",39.76],["ZIMA",39.76],["ZAMC",39.76],["MOZN_EDM",39.76],["MOZN_HCB",39.76],["MOZC_EDM",39.76],["ESW",39.76],["ZAML",39.76]]}