{"data":[{"AreaShortName":"ZAMN","AreaPrice":119.75,"AreaColor":null},{"AreaShortName":"ZAMM","AreaPrice":119.75,"AreaColor":null},{"AreaShortName":"ANG","AreaPrice":0,"AreaColor":null},{"AreaShortName":"BOT","AreaPrice":39.74,"AreaColor":null},{"AreaShortName":"DRC","AreaPrice":119.75,"AreaColor":null},{"AreaShortName":"LES","AreaPrice":39.74,"AreaColor":null},{"AreaShortName":"MAL","AreaPrice":0,"AreaColor":null},{"AreaShortName":"MOZS","AreaPrice":39.74,"AreaColor":null},{"AreaShortName":"NAM","AreaPrice":39.74,"AreaColor":null},{"AreaShortName":"RSAN","AreaPrice":39.74,"AreaColor":null},{"AreaShortName":"RSAS","AreaPrice":39.74,"AreaColor":null},{"AreaShortName":"TAN","AreaPrice":0,"AreaColor":null},{"AreaShortName":"ZAMZ","AreaPrice":119.75,"AreaColor":null},{"AreaShortName":"ZIM","AreaPrice":119.75,"AreaColor":null},{"AreaShortName":"ZIMA","AreaPrice":119.75,"AreaColor":null},{"AreaShortName":"ZAMC","AreaPrice":119.75,"AreaColor":null},{"AreaShortName":"MOZN_EDM","AreaPrice":119.75,"AreaColor":null},{"AreaShortName":"MOZN_HCB","AreaPrice":119.75,"AreaColor":null},{"AreaShortName":"MOZC_EDM","AreaPrice":119.75,"AreaColor":null},{"AreaShortName":"ESW","AreaPrice":39.74,"AreaColor":null},{"AreaShortName":"ZAML","AreaPrice":119.75,"AreaColor":null}],"success":true,"error":"","avgPRZAR":948.72,"avgPRUSD":48.63,"dateToday":"2023/05/04","currenrPrice":48.63,"matchVolume":0,"tradeVolume":0,"rate":0,"mapColors":[{"ColorName":"Red","RGB1":"rgb(168,70,91)","RGB2":"rgb(89,0,19)","AreaName":"ZAMN"},{"ColorName":"Red","RGB1":"rgb(168,70,91)","RGB2":"rgb(89,0,19)","AreaName":"ZAMM"},{"ColorName":"Red","RGB1":"rgb(168,70,91)","RGB2":"rgb(89,0,19)","AreaName":"DRC"},{"ColorName":"Red","RGB1":"rgb(168,70,91)","RGB2":"rgb(89,0,19)","AreaName":"ZAMZ"},{"ColorName":"Red","RGB1":"rgb(168,70,91)","RGB2":"rgb(89,0,19)","AreaName":"ZIM"},{"ColorName":"Red","RGB1":"rgb(168,70,91)","RGB2":"rgb(89,0,19)","AreaName":"ZIMA"},{"ColorName":"Red","RGB1":"rgb(168,70,91)","RGB2":"rgb(89,0,19)","AreaName":"ZAMC"},{"ColorName":"Red","RGB1":"rgb(168,70,91)","RGB2":"rgb(89,0,19)","AreaName":"MOZN_EDM"},{"ColorName":"Red","RGB1":"rgb(168,70,91)","RGB2":"rgb(89,0,19)","AreaName":"MOZN_HCB"},{"ColorName":"Red","RGB1":"rgb(168,70,91)","RGB2":"rgb(89,0,19)","AreaName":"MOZC_EDM"},{"ColorName":"Red","RGB1":"rgb(168,70,91)","RGB2":"rgb(89,0,19)","AreaName":"ZAML"},{"ColorName":"Yellow","RGB1":"rgb(249,198,103)","RGB2":"rgb(249,116,0)","AreaName":"ANG"},{"ColorName":"Yellow","RGB1":"rgb(249,198,103)","RGB2":"rgb(249,116,0)","AreaName":"MAL"},{"ColorName":"Yellow","RGB1":"rgb(249,198,103)","RGB2":"rgb(249,116,0)","AreaName":"TAN"},{"ColorName":"Green","RGB1":"rgb(186,221,95)","RGB2":"rgb(57,130,53)","AreaName":"BOT"},{"ColorName":"Green","RGB1":"rgb(186,221,95)","RGB2":"rgb(57,130,53)","AreaName":"LES"},{"ColorName":"Green","RGB1":"rgb(186,221,95)","RGB2":"rgb(57,130,53)","AreaName":"MOZS"},{"ColorName":"Green","RGB1":"rgb(186,221,95)","RGB2":"rgb(57,130,53)","AreaName":"NAM"},{"ColorName":"Green","RGB1":"rgb(186,221,95)","RGB2":"rgb(57,130,53)","AreaName":"RSAN"},{"ColorName":"Green","RGB1":"rgb(186,221,95)","RGB2":"rgb(57,130,53)","AreaName":"RSAS"},{"ColorName":"Green","RGB1":"rgb(186,221,95)","RGB2":"rgb(57,130,53)","AreaName":"ESW"}],"excelData":[["Area Name","Price"],["ZAMN",119.75],["ZAMM",119.75],["ANG",0],["BOT",39.74],["DRC",119.75],["LES",39.74],["MAL",0],["MOZS",39.74],["NAM",39.74],["RSAN",39.74],["RSAS",39.74],["TAN",0],["ZAMZ",119.75],["ZIM",119.75],["ZIMA",119.75],["ZAMC",119.75],["MOZN_EDM",119.75],["MOZN_HCB",119.75],["MOZC_EDM",119.75],["ESW",39.74],["ZAML",119.75]]}