{"data":[{"AreaShortName":"ZAMN","AreaPrice":208.93,"AreaColor":null},{"AreaShortName":"ZAMM","AreaPrice":208.93,"AreaColor":null},{"AreaShortName":"ANG","AreaPrice":0,"AreaColor":null},{"AreaShortName":"BOT","AreaPrice":39.8,"AreaColor":null},{"AreaShortName":"DRC","AreaPrice":208.93,"AreaColor":null},{"AreaShortName":"LES","AreaPrice":39.8,"AreaColor":null},{"AreaShortName":"MAL","AreaPrice":0,"AreaColor":null},{"AreaShortName":"MOZS","AreaPrice":39.8,"AreaColor":null},{"AreaShortName":"NAM","AreaPrice":39.8,"AreaColor":null},{"AreaShortName":"RSAN","AreaPrice":39.8,"AreaColor":null},{"AreaShortName":"RSAS","AreaPrice":39.8,"AreaColor":null},{"AreaShortName":"TAN","AreaPrice":0,"AreaColor":null},{"AreaShortName":"ZAMZ","AreaPrice":208.93,"AreaColor":null},{"AreaShortName":"ZIM","AreaPrice":208.93,"AreaColor":null},{"AreaShortName":"ZIMA","AreaPrice":208.93,"AreaColor":null},{"AreaShortName":"ZAMC","AreaPrice":208.93,"AreaColor":null},{"AreaShortName":"MOZN_EDM","AreaPrice":208.93,"AreaColor":null},{"AreaShortName":"MOZN_HCB","AreaPrice":208.93,"AreaColor":null},{"AreaShortName":"MOZC_EDM","AreaPrice":208.93,"AreaColor":null},{"AreaShortName":"ESW","AreaPrice":39.8,"AreaColor":null},{"AreaShortName":"ZAML","AreaPrice":208.93,"AreaColor":null}],"success":true,"error":"","avgPRZAR":948.72,"avgPRUSD":48.63,"dateToday":"2023/05/04","currenrPrice":48.63,"matchVolume":0,"tradeVolume":0,"rate":0,"mapColors":[{"ColorName":"Red","RGB1":"rgb(168,70,91)","RGB2":"rgb(89,0,19)","AreaName":"ZAMN"},{"ColorName":"Red","RGB1":"rgb(168,70,91)","RGB2":"rgb(89,0,19)","AreaName":"ZAMM"},{"ColorName":"Red","RGB1":"rgb(168,70,91)","RGB2":"rgb(89,0,19)","AreaName":"DRC"},{"ColorName":"Red","RGB1":"rgb(168,70,91)","RGB2":"rgb(89,0,19)","AreaName":"ZAMZ"},{"ColorName":"Red","RGB1":"rgb(168,70,91)","RGB2":"rgb(89,0,19)","AreaName":"ZIM"},{"ColorName":"Red","RGB1":"rgb(168,70,91)","RGB2":"rgb(89,0,19)","AreaName":"ZIMA"},{"ColorName":"Red","RGB1":"rgb(168,70,91)","RGB2":"rgb(89,0,19)","AreaName":"ZAMC"},{"ColorName":"Red","RGB1":"rgb(168,70,91)","RGB2":"rgb(89,0,19)","AreaName":"MOZN_EDM"},{"ColorName":"Red","RGB1":"rgb(168,70,91)","RGB2":"rgb(89,0,19)","AreaName":"MOZN_HCB"},{"ColorName":"Red","RGB1":"rgb(168,70,91)","RGB2":"rgb(89,0,19)","AreaName":"MOZC_EDM"},{"ColorName":"Red","RGB1":"rgb(168,70,91)","RGB2":"rgb(89,0,19)","AreaName":"ZAML"},{"ColorName":"Yellow","RGB1":"rgb(249,198,103)","RGB2":"rgb(249,116,0)","AreaName":"ANG"},{"ColorName":"Yellow","RGB1":"rgb(249,198,103)","RGB2":"rgb(249,116,0)","AreaName":"MAL"},{"ColorName":"Yellow","RGB1":"rgb(249,198,103)","RGB2":"rgb(249,116,0)","AreaName":"TAN"},{"ColorName":"Green","RGB1":"rgb(186,221,95)","RGB2":"rgb(57,130,53)","AreaName":"BOT"},{"ColorName":"Green","RGB1":"rgb(186,221,95)","RGB2":"rgb(57,130,53)","AreaName":"LES"},{"ColorName":"Green","RGB1":"rgb(186,221,95)","RGB2":"rgb(57,130,53)","AreaName":"MOZS"},{"ColorName":"Green","RGB1":"rgb(186,221,95)","RGB2":"rgb(57,130,53)","AreaName":"NAM"},{"ColorName":"Green","RGB1":"rgb(186,221,95)","RGB2":"rgb(57,130,53)","AreaName":"RSAN"},{"ColorName":"Green","RGB1":"rgb(186,221,95)","RGB2":"rgb(57,130,53)","AreaName":"RSAS"},{"ColorName":"Green","RGB1":"rgb(186,221,95)","RGB2":"rgb(57,130,53)","AreaName":"ESW"}],"excelData":[["Area Name","Price"],["ZAMN",208.93],["ZAMM",208.93],["ANG",0],["BOT",39.8],["DRC",208.93],["LES",39.8],["MAL",0],["MOZS",39.8],["NAM",39.8],["RSAN",39.8],["RSAS",39.8],["TAN",0],["ZAMZ",208.93],["ZIM",208.93],["ZIMA",208.93],["ZAMC",208.93],["MOZN_EDM",208.93],["MOZN_HCB",208.93],["MOZC_EDM",208.93],["ESW",39.8],["ZAML",208.93]]}