{"data":[{"AreaShortName":"ZAMN","AreaPrice":104.98,"AreaColor":null},{"AreaShortName":"ZAMM","AreaPrice":104.98,"AreaColor":null},{"AreaShortName":"ANG","AreaPrice":0,"AreaColor":null},{"AreaShortName":"BOT","AreaPrice":19.97,"AreaColor":null},{"AreaShortName":"DRC","AreaPrice":104.98,"AreaColor":null},{"AreaShortName":"LES","AreaPrice":19.97,"AreaColor":null},{"AreaShortName":"MAL","AreaPrice":0,"AreaColor":null},{"AreaShortName":"MOZS","AreaPrice":19.97,"AreaColor":null},{"AreaShortName":"NAM","AreaPrice":19.97,"AreaColor":null},{"AreaShortName":"RSAN","AreaPrice":19.97,"AreaColor":null},{"AreaShortName":"RSAS","AreaPrice":19.97,"AreaColor":null},{"AreaShortName":"TAN","AreaPrice":0,"AreaColor":null},{"AreaShortName":"ZAMZ","AreaPrice":104.98,"AreaColor":null},{"AreaShortName":"ZIM","AreaPrice":104.98,"AreaColor":null},{"AreaShortName":"ZIMA","AreaPrice":104.98,"AreaColor":null},{"AreaShortName":"ZAMC","AreaPrice":104.98,"AreaColor":null},{"AreaShortName":"MOZN_EDM","AreaPrice":104.98,"AreaColor":null},{"AreaShortName":"MOZN_HCB","AreaPrice":104.98,"AreaColor":null},{"AreaShortName":"MOZC_EDM","AreaPrice":104.98,"AreaColor":null},{"AreaShortName":"ESW","AreaPrice":19.97,"AreaColor":null},{"AreaShortName":"ZAML","AreaPrice":104.98,"AreaColor":null}],"success":true,"error":"","avgPRZAR":948.72,"avgPRUSD":48.63,"dateToday":"2023/05/04","currenrPrice":48.63,"matchVolume":0,"tradeVolume":0,"rate":0,"mapColors":[{"ColorName":"Red","RGB1":"rgb(168,70,91)","RGB2":"rgb(89,0,19)","AreaName":"ZAMN"},{"ColorName":"Red","RGB1":"rgb(168,70,91)","RGB2":"rgb(89,0,19)","AreaName":"ZAMM"},{"ColorName":"Red","RGB1":"rgb(168,70,91)","RGB2":"rgb(89,0,19)","AreaName":"DRC"},{"ColorName":"Red","RGB1":"rgb(168,70,91)","RGB2":"rgb(89,0,19)","AreaName":"ZAMZ"},{"ColorName":"Red","RGB1":"rgb(168,70,91)","RGB2":"rgb(89,0,19)","AreaName":"ZIM"},{"ColorName":"Red","RGB1":"rgb(168,70,91)","RGB2":"rgb(89,0,19)","AreaName":"ZIMA"},{"ColorName":"Red","RGB1":"rgb(168,70,91)","RGB2":"rgb(89,0,19)","AreaName":"ZAMC"},{"ColorName":"Red","RGB1":"rgb(168,70,91)","RGB2":"rgb(89,0,19)","AreaName":"MOZN_EDM"},{"ColorName":"Red","RGB1":"rgb(168,70,91)","RGB2":"rgb(89,0,19)","AreaName":"MOZN_HCB"},{"ColorName":"Red","RGB1":"rgb(168,70,91)","RGB2":"rgb(89,0,19)","AreaName":"MOZC_EDM"},{"ColorName":"Red","RGB1":"rgb(168,70,91)","RGB2":"rgb(89,0,19)","AreaName":"ZAML"},{"ColorName":"Yellow","RGB1":"rgb(249,198,103)","RGB2":"rgb(249,116,0)","AreaName":"ANG"},{"ColorName":"Yellow","RGB1":"rgb(249,198,103)","RGB2":"rgb(249,116,0)","AreaName":"MAL"},{"ColorName":"Yellow","RGB1":"rgb(249,198,103)","RGB2":"rgb(249,116,0)","AreaName":"TAN"},{"ColorName":"Green","RGB1":"rgb(186,221,95)","RGB2":"rgb(57,130,53)","AreaName":"BOT"},{"ColorName":"Green","RGB1":"rgb(186,221,95)","RGB2":"rgb(57,130,53)","AreaName":"LES"},{"ColorName":"Green","RGB1":"rgb(186,221,95)","RGB2":"rgb(57,130,53)","AreaName":"MOZS"},{"ColorName":"Green","RGB1":"rgb(186,221,95)","RGB2":"rgb(57,130,53)","AreaName":"NAM"},{"ColorName":"Green","RGB1":"rgb(186,221,95)","RGB2":"rgb(57,130,53)","AreaName":"RSAN"},{"ColorName":"Green","RGB1":"rgb(186,221,95)","RGB2":"rgb(57,130,53)","AreaName":"RSAS"},{"ColorName":"Green","RGB1":"rgb(186,221,95)","RGB2":"rgb(57,130,53)","AreaName":"ESW"}],"excelData":[["Area Name","Price"],["ZAMN",104.98],["ZAMM",104.98],["ANG",0],["BOT",19.97],["DRC",104.98],["LES",19.97],["MAL",0],["MOZS",19.97],["NAM",19.97],["RSAN",19.97],["RSAS",19.97],["TAN",0],["ZAMZ",104.98],["ZIM",104.98],["ZIMA",104.98],["ZAMC",104.98],["MOZN_EDM",104.98],["MOZN_HCB",104.98],["MOZC_EDM",104.98],["ESW",19.97],["ZAML",104.98]]}