{"data":[{"AreaShortName":"ZAMN","AreaPrice":203.64,"AreaColor":null},{"AreaShortName":"ZAMM","AreaPrice":203.64,"AreaColor":null},{"AreaShortName":"ANG","AreaPrice":0,"AreaColor":null},{"AreaShortName":"BOT","AreaPrice":41.04,"AreaColor":null},{"AreaShortName":"DRC","AreaPrice":203.64,"AreaColor":null},{"AreaShortName":"LES","AreaPrice":41.04,"AreaColor":null},{"AreaShortName":"MAL","AreaPrice":0,"AreaColor":null},{"AreaShortName":"MOZS","AreaPrice":41.04,"AreaColor":null},{"AreaShortName":"NAM","AreaPrice":41.04,"AreaColor":null},{"AreaShortName":"RSAN","AreaPrice":41.04,"AreaColor":null},{"AreaShortName":"RSAS","AreaPrice":41.04,"AreaColor":null},{"AreaShortName":"TAN","AreaPrice":0,"AreaColor":null},{"AreaShortName":"ZAMZ","AreaPrice":203.64,"AreaColor":null},{"AreaShortName":"ZIM","AreaPrice":203.64,"AreaColor":null},{"AreaShortName":"ZIMA","AreaPrice":203.64,"AreaColor":null},{"AreaShortName":"ZAMC","AreaPrice":203.64,"AreaColor":null},{"AreaShortName":"MOZN_EDM","AreaPrice":203.64,"AreaColor":null},{"AreaShortName":"MOZN_HCB","AreaPrice":203.64,"AreaColor":null},{"AreaShortName":"MOZC_EDM","AreaPrice":203.64,"AreaColor":null},{"AreaShortName":"ESW","AreaPrice":41.04,"AreaColor":null},{"AreaShortName":"ZAML","AreaPrice":203.64,"AreaColor":null}],"success":true,"error":"","avgPRZAR":948.72,"avgPRUSD":48.63,"dateToday":"2023/05/04","currenrPrice":48.63,"matchVolume":0,"tradeVolume":0,"rate":0,"mapColors":[{"ColorName":"Red","RGB1":"rgb(168,70,91)","RGB2":"rgb(89,0,19)","AreaName":"ZAMN"},{"ColorName":"Red","RGB1":"rgb(168,70,91)","RGB2":"rgb(89,0,19)","AreaName":"ZAMM"},{"ColorName":"Red","RGB1":"rgb(168,70,91)","RGB2":"rgb(89,0,19)","AreaName":"DRC"},{"ColorName":"Red","RGB1":"rgb(168,70,91)","RGB2":"rgb(89,0,19)","AreaName":"ZAMZ"},{"ColorName":"Red","RGB1":"rgb(168,70,91)","RGB2":"rgb(89,0,19)","AreaName":"ZIM"},{"ColorName":"Red","RGB1":"rgb(168,70,91)","RGB2":"rgb(89,0,19)","AreaName":"ZIMA"},{"ColorName":"Red","RGB1":"rgb(168,70,91)","RGB2":"rgb(89,0,19)","AreaName":"ZAMC"},{"ColorName":"Red","RGB1":"rgb(168,70,91)","RGB2":"rgb(89,0,19)","AreaName":"MOZN_EDM"},{"ColorName":"Red","RGB1":"rgb(168,70,91)","RGB2":"rgb(89,0,19)","AreaName":"MOZN_HCB"},{"ColorName":"Red","RGB1":"rgb(168,70,91)","RGB2":"rgb(89,0,19)","AreaName":"MOZC_EDM"},{"ColorName":"Red","RGB1":"rgb(168,70,91)","RGB2":"rgb(89,0,19)","AreaName":"ZAML"},{"ColorName":"Yellow","RGB1":"rgb(249,198,103)","RGB2":"rgb(249,116,0)","AreaName":"ANG"},{"ColorName":"Yellow","RGB1":"rgb(249,198,103)","RGB2":"rgb(249,116,0)","AreaName":"MAL"},{"ColorName":"Yellow","RGB1":"rgb(249,198,103)","RGB2":"rgb(249,116,0)","AreaName":"TAN"},{"ColorName":"Green","RGB1":"rgb(186,221,95)","RGB2":"rgb(57,130,53)","AreaName":"BOT"},{"ColorName":"Green","RGB1":"rgb(186,221,95)","RGB2":"rgb(57,130,53)","AreaName":"LES"},{"ColorName":"Green","RGB1":"rgb(186,221,95)","RGB2":"rgb(57,130,53)","AreaName":"MOZS"},{"ColorName":"Green","RGB1":"rgb(186,221,95)","RGB2":"rgb(57,130,53)","AreaName":"NAM"},{"ColorName":"Green","RGB1":"rgb(186,221,95)","RGB2":"rgb(57,130,53)","AreaName":"RSAN"},{"ColorName":"Green","RGB1":"rgb(186,221,95)","RGB2":"rgb(57,130,53)","AreaName":"RSAS"},{"ColorName":"Green","RGB1":"rgb(186,221,95)","RGB2":"rgb(57,130,53)","AreaName":"ESW"}],"excelData":[["Area Name","Price"],["ZAMN",203.64],["ZAMM",203.64],["ANG",0],["BOT",41.04],["DRC",203.64],["LES",41.04],["MAL",0],["MOZS",41.04],["NAM",41.04],["RSAN",41.04],["RSAS",41.04],["TAN",0],["ZAMZ",203.64],["ZIM",203.64],["ZIMA",203.64],["ZAMC",203.64],["MOZN_EDM",203.64],["MOZN_HCB",203.64],["MOZC_EDM",203.64],["ESW",41.04],["ZAML",203.64]]}