{"data":[{"AreaShortName":"ZAMN","AreaPrice":25.75,"AreaColor":null},{"AreaShortName":"ZAMM","AreaPrice":25.75,"AreaColor":null},{"AreaShortName":"ANG","AreaPrice":0,"AreaColor":null},{"AreaShortName":"BOT","AreaPrice":25.75,"AreaColor":null},{"AreaShortName":"DRC","AreaPrice":25.75,"AreaColor":null},{"AreaShortName":"LES","AreaPrice":25.75,"AreaColor":null},{"AreaShortName":"MAL","AreaPrice":0,"AreaColor":null},{"AreaShortName":"MOZS","AreaPrice":25.75,"AreaColor":null},{"AreaShortName":"NAM","AreaPrice":25.75,"AreaColor":null},{"AreaShortName":"RSAN","AreaPrice":25.75,"AreaColor":null},{"AreaShortName":"RSAS","AreaPrice":25.75,"AreaColor":null},{"AreaShortName":"TAN","AreaPrice":0,"AreaColor":null},{"AreaShortName":"ZAMZ","AreaPrice":25.75,"AreaColor":null},{"AreaShortName":"ZIM","AreaPrice":25.75,"AreaColor":null},{"AreaShortName":"ZIMA","AreaPrice":25.75,"AreaColor":null},{"AreaShortName":"ZAMC","AreaPrice":25.75,"AreaColor":null},{"AreaShortName":"MOZN_EDM","AreaPrice":25.75,"AreaColor":null},{"AreaShortName":"MOZN_HCB","AreaPrice":25.75,"AreaColor":null},{"AreaShortName":"MOZC_EDM","AreaPrice":25.75,"AreaColor":null},{"AreaShortName":"ESW","AreaPrice":25.75,"AreaColor":null},{"AreaShortName":"ZAML","AreaPrice":25.75,"AreaColor":null}],"success":true,"error":"","avgPRZAR":977.94,"avgPRUSD":48.05,"dateToday":"2023/05/21","currenrPrice":48.05,"matchVolume":0,"tradeVolume":0,"rate":0,"mapColors":[{"ColorName":"Red","RGB1":"rgb(168,70,91)","RGB2":"rgb(89,0,19)","AreaName":"ZAMN"},{"ColorName":"Red","RGB1":"rgb(168,70,91)","RGB2":"rgb(89,0,19)","AreaName":"ZAMM"},{"ColorName":"Red","RGB1":"rgb(168,70,91)","RGB2":"rgb(89,0,19)","AreaName":"BOT"},{"ColorName":"Red","RGB1":"rgb(168,70,91)","RGB2":"rgb(89,0,19)","AreaName":"DRC"},{"ColorName":"Red","RGB1":"rgb(168,70,91)","RGB2":"rgb(89,0,19)","AreaName":"LES"},{"ColorName":"Red","RGB1":"rgb(168,70,91)","RGB2":"rgb(89,0,19)","AreaName":"MOZS"},{"ColorName":"Red","RGB1":"rgb(168,70,91)","RGB2":"rgb(89,0,19)","AreaName":"NAM"},{"ColorName":"Red","RGB1":"rgb(168,70,91)","RGB2":"rgb(89,0,19)","AreaName":"RSAN"},{"ColorName":"Red","RGB1":"rgb(168,70,91)","RGB2":"rgb(89,0,19)","AreaName":"RSAS"},{"ColorName":"Red","RGB1":"rgb(168,70,91)","RGB2":"rgb(89,0,19)","AreaName":"ZAMZ"},{"ColorName":"Red","RGB1":"rgb(168,70,91)","RGB2":"rgb(89,0,19)","AreaName":"ZIM"},{"ColorName":"Red","RGB1":"rgb(168,70,91)","RGB2":"rgb(89,0,19)","AreaName":"ZIMA"},{"ColorName":"Red","RGB1":"rgb(168,70,91)","RGB2":"rgb(89,0,19)","AreaName":"ZAMC"},{"ColorName":"Red","RGB1":"rgb(168,70,91)","RGB2":"rgb(89,0,19)","AreaName":"MOZN_EDM"},{"ColorName":"Red","RGB1":"rgb(168,70,91)","RGB2":"rgb(89,0,19)","AreaName":"MOZN_HCB"},{"ColorName":"Red","RGB1":"rgb(168,70,91)","RGB2":"rgb(89,0,19)","AreaName":"MOZC_EDM"},{"ColorName":"Red","RGB1":"rgb(168,70,91)","RGB2":"rgb(89,0,19)","AreaName":"ESW"},{"ColorName":"Red","RGB1":"rgb(168,70,91)","RGB2":"rgb(89,0,19)","AreaName":"ZAML"},{"ColorName":"Yellow","RGB1":"rgb(249,198,103)","RGB2":"rgb(249,116,0)","AreaName":"ANG"},{"ColorName":"Yellow","RGB1":"rgb(249,198,103)","RGB2":"rgb(249,116,0)","AreaName":"MAL"},{"ColorName":"Yellow","RGB1":"rgb(249,198,103)","RGB2":"rgb(249,116,0)","AreaName":"TAN"}],"excelData":[["Area Name","Price"],["ZAMN",25.75],["ZAMM",25.75],["ANG",0],["BOT",25.75],["DRC",25.75],["LES",25.75],["MAL",0],["MOZS",25.75],["NAM",25.75],["RSAN",25.75],["RSAS",25.75],["TAN",0],["ZAMZ",25.75],["ZIM",25.75],["ZIMA",25.75],["ZAMC",25.75],["MOZN_EDM",25.75],["MOZN_HCB",25.75],["MOZC_EDM",25.75],["ESW",25.75],["ZAML",25.75]]}