{"data":[{"AreaShortName":"ZAMN","AreaPrice":200.05,"AreaColor":null},{"AreaShortName":"ZAMM","AreaPrice":200.05,"AreaColor":null},{"AreaShortName":"ANG","AreaPrice":0,"AreaColor":null},{"AreaShortName":"BOT","AreaPrice":200.05,"AreaColor":null},{"AreaShortName":"DRC","AreaPrice":200.05,"AreaColor":null},{"AreaShortName":"LES","AreaPrice":200.05,"AreaColor":null},{"AreaShortName":"MAL","AreaPrice":0,"AreaColor":null},{"AreaShortName":"MOZS","AreaPrice":200.05,"AreaColor":null},{"AreaShortName":"NAM","AreaPrice":200.05,"AreaColor":null},{"AreaShortName":"RSAN","AreaPrice":200.05,"AreaColor":null},{"AreaShortName":"RSAS","AreaPrice":200.05,"AreaColor":null},{"AreaShortName":"TAN","AreaPrice":0,"AreaColor":null},{"AreaShortName":"ZAMZ","AreaPrice":200.05,"AreaColor":null},{"AreaShortName":"ZIM","AreaPrice":200.05,"AreaColor":null},{"AreaShortName":"ZIMA","AreaPrice":200.05,"AreaColor":null},{"AreaShortName":"ZAMC","AreaPrice":200.05,"AreaColor":null},{"AreaShortName":"MOZN_EDM","AreaPrice":200.05,"AreaColor":null},{"AreaShortName":"MOZN_HCB","AreaPrice":200.05,"AreaColor":null},{"AreaShortName":"MOZC_EDM","AreaPrice":200.05,"AreaColor":null},{"AreaShortName":"ESW","AreaPrice":200.05,"AreaColor":null},{"AreaShortName":"ZAML","AreaPrice":200.05,"AreaColor":null}],"success":true,"error":"","avgPRZAR":977.94,"avgPRUSD":48.05,"dateToday":"2023/05/21","currenrPrice":48.05,"matchVolume":0,"tradeVolume":0,"rate":0,"mapColors":[{"ColorName":"Red","RGB1":"rgb(168,70,91)","RGB2":"rgb(89,0,19)","AreaName":"ZAMN"},{"ColorName":"Red","RGB1":"rgb(168,70,91)","RGB2":"rgb(89,0,19)","AreaName":"ZAMM"},{"ColorName":"Red","RGB1":"rgb(168,70,91)","RGB2":"rgb(89,0,19)","AreaName":"BOT"},{"ColorName":"Red","RGB1":"rgb(168,70,91)","RGB2":"rgb(89,0,19)","AreaName":"DRC"},{"ColorName":"Red","RGB1":"rgb(168,70,91)","RGB2":"rgb(89,0,19)","AreaName":"LES"},{"ColorName":"Red","RGB1":"rgb(168,70,91)","RGB2":"rgb(89,0,19)","AreaName":"MOZS"},{"ColorName":"Red","RGB1":"rgb(168,70,91)","RGB2":"rgb(89,0,19)","AreaName":"NAM"},{"ColorName":"Red","RGB1":"rgb(168,70,91)","RGB2":"rgb(89,0,19)","AreaName":"RSAN"},{"ColorName":"Red","RGB1":"rgb(168,70,91)","RGB2":"rgb(89,0,19)","AreaName":"RSAS"},{"ColorName":"Red","RGB1":"rgb(168,70,91)","RGB2":"rgb(89,0,19)","AreaName":"ZAMZ"},{"ColorName":"Red","RGB1":"rgb(168,70,91)","RGB2":"rgb(89,0,19)","AreaName":"ZIM"},{"ColorName":"Red","RGB1":"rgb(168,70,91)","RGB2":"rgb(89,0,19)","AreaName":"ZIMA"},{"ColorName":"Red","RGB1":"rgb(168,70,91)","RGB2":"rgb(89,0,19)","AreaName":"ZAMC"},{"ColorName":"Red","RGB1":"rgb(168,70,91)","RGB2":"rgb(89,0,19)","AreaName":"MOZN_EDM"},{"ColorName":"Red","RGB1":"rgb(168,70,91)","RGB2":"rgb(89,0,19)","AreaName":"MOZN_HCB"},{"ColorName":"Red","RGB1":"rgb(168,70,91)","RGB2":"rgb(89,0,19)","AreaName":"MOZC_EDM"},{"ColorName":"Red","RGB1":"rgb(168,70,91)","RGB2":"rgb(89,0,19)","AreaName":"ESW"},{"ColorName":"Red","RGB1":"rgb(168,70,91)","RGB2":"rgb(89,0,19)","AreaName":"ZAML"},{"ColorName":"Yellow","RGB1":"rgb(249,198,103)","RGB2":"rgb(249,116,0)","AreaName":"ANG"},{"ColorName":"Yellow","RGB1":"rgb(249,198,103)","RGB2":"rgb(249,116,0)","AreaName":"MAL"},{"ColorName":"Yellow","RGB1":"rgb(249,198,103)","RGB2":"rgb(249,116,0)","AreaName":"TAN"}],"excelData":[["Area Name","Price"],["ZAMN",200.05],["ZAMM",200.05],["ANG",0],["BOT",200.05],["DRC",200.05],["LES",200.05],["MAL",0],["MOZS",200.05],["NAM",200.05],["RSAN",200.05],["RSAS",200.05],["TAN",0],["ZAMZ",200.05],["ZIM",200.05],["ZIMA",200.05],["ZAMC",200.05],["MOZN_EDM",200.05],["MOZN_HCB",200.05],["MOZC_EDM",200.05],["ESW",200.05],["ZAML",200.05]]}