{"data":[{"AreaShortName":"ZAMN","AreaPrice":34.97,"AreaColor":null},{"AreaShortName":"ZAMM","AreaPrice":34.97,"AreaColor":null},{"AreaShortName":"ANG","AreaPrice":0,"AreaColor":null},{"AreaShortName":"BOT","AreaPrice":34.97,"AreaColor":null},{"AreaShortName":"DRC","AreaPrice":34.97,"AreaColor":null},{"AreaShortName":"LES","AreaPrice":34.97,"AreaColor":null},{"AreaShortName":"MAL","AreaPrice":0,"AreaColor":null},{"AreaShortName":"MOZS","AreaPrice":34.97,"AreaColor":null},{"AreaShortName":"NAM","AreaPrice":34.97,"AreaColor":null},{"AreaShortName":"RSAN","AreaPrice":34.97,"AreaColor":null},{"AreaShortName":"RSAS","AreaPrice":34.97,"AreaColor":null},{"AreaShortName":"TAN","AreaPrice":0,"AreaColor":null},{"AreaShortName":"ZAMZ","AreaPrice":34.97,"AreaColor":null},{"AreaShortName":"ZIM","AreaPrice":34.97,"AreaColor":null},{"AreaShortName":"ZIMA","AreaPrice":34.97,"AreaColor":null},{"AreaShortName":"ZAMC","AreaPrice":34.97,"AreaColor":null},{"AreaShortName":"MOZN_EDM","AreaPrice":34.97,"AreaColor":null},{"AreaShortName":"MOZN_HCB","AreaPrice":34.97,"AreaColor":null},{"AreaShortName":"MOZC_EDM","AreaPrice":34.97,"AreaColor":null},{"AreaShortName":"ESW","AreaPrice":34.97,"AreaColor":null},{"AreaShortName":"ZAML","AreaPrice":34.97,"AreaColor":null}],"success":true,"error":"","avgPRZAR":1804.95,"avgPRUSD":92.76,"dateToday":"2023/05/02","currenrPrice":92.76,"matchVolume":0,"tradeVolume":0,"rate":0,"mapColors":[{"ColorName":"Red","RGB1":"rgb(168,70,91)","RGB2":"rgb(89,0,19)","AreaName":"ZAMN"},{"ColorName":"Red","RGB1":"rgb(168,70,91)","RGB2":"rgb(89,0,19)","AreaName":"ZAMM"},{"ColorName":"Red","RGB1":"rgb(168,70,91)","RGB2":"rgb(89,0,19)","AreaName":"BOT"},{"ColorName":"Red","RGB1":"rgb(168,70,91)","RGB2":"rgb(89,0,19)","AreaName":"DRC"},{"ColorName":"Red","RGB1":"rgb(168,70,91)","RGB2":"rgb(89,0,19)","AreaName":"LES"},{"ColorName":"Red","RGB1":"rgb(168,70,91)","RGB2":"rgb(89,0,19)","AreaName":"MOZS"},{"ColorName":"Red","RGB1":"rgb(168,70,91)","RGB2":"rgb(89,0,19)","AreaName":"NAM"},{"ColorName":"Red","RGB1":"rgb(168,70,91)","RGB2":"rgb(89,0,19)","AreaName":"RSAN"},{"ColorName":"Red","RGB1":"rgb(168,70,91)","RGB2":"rgb(89,0,19)","AreaName":"RSAS"},{"ColorName":"Red","RGB1":"rgb(168,70,91)","RGB2":"rgb(89,0,19)","AreaName":"ZAMZ"},{"ColorName":"Red","RGB1":"rgb(168,70,91)","RGB2":"rgb(89,0,19)","AreaName":"ZIM"},{"ColorName":"Red","RGB1":"rgb(168,70,91)","RGB2":"rgb(89,0,19)","AreaName":"ZIMA"},{"ColorName":"Red","RGB1":"rgb(168,70,91)","RGB2":"rgb(89,0,19)","AreaName":"ZAMC"},{"ColorName":"Red","RGB1":"rgb(168,70,91)","RGB2":"rgb(89,0,19)","AreaName":"MOZN_EDM"},{"ColorName":"Red","RGB1":"rgb(168,70,91)","RGB2":"rgb(89,0,19)","AreaName":"MOZN_HCB"},{"ColorName":"Red","RGB1":"rgb(168,70,91)","RGB2":"rgb(89,0,19)","AreaName":"MOZC_EDM"},{"ColorName":"Red","RGB1":"rgb(168,70,91)","RGB2":"rgb(89,0,19)","AreaName":"ESW"},{"ColorName":"Red","RGB1":"rgb(168,70,91)","RGB2":"rgb(89,0,19)","AreaName":"ZAML"},{"ColorName":"Yellow","RGB1":"rgb(249,198,103)","RGB2":"rgb(249,116,0)","AreaName":"ANG"},{"ColorName":"Yellow","RGB1":"rgb(249,198,103)","RGB2":"rgb(249,116,0)","AreaName":"MAL"},{"ColorName":"Yellow","RGB1":"rgb(249,198,103)","RGB2":"rgb(249,116,0)","AreaName":"TAN"}],"excelData":[["Area Name","Price"],["ZAMN",34.97],["ZAMM",34.97],["ANG",0],["BOT",34.97],["DRC",34.97],["LES",34.97],["MAL",0],["MOZS",34.97],["NAM",34.97],["RSAN",34.97],["RSAS",34.97],["TAN",0],["ZAMZ",34.97],["ZIM",34.97],["ZIMA",34.97],["ZAMC",34.97],["MOZN_EDM",34.97],["MOZN_HCB",34.97],["MOZC_EDM",34.97],["ESW",34.97],["ZAML",34.97]]}