{"data":[{"AreaShortName":"ZAMN","AreaPrice":59.35,"AreaColor":null},{"AreaShortName":"ZAMM","AreaPrice":59.35,"AreaColor":null},{"AreaShortName":"ANG","AreaPrice":0,"AreaColor":null},{"AreaShortName":"BOT","AreaPrice":59.35,"AreaColor":null},{"AreaShortName":"DRC","AreaPrice":59.35,"AreaColor":null},{"AreaShortName":"LES","AreaPrice":59.35,"AreaColor":null},{"AreaShortName":"MAL","AreaPrice":0,"AreaColor":null},{"AreaShortName":"MOZS","AreaPrice":59.35,"AreaColor":null},{"AreaShortName":"NAM","AreaPrice":59.35,"AreaColor":null},{"AreaShortName":"RSAN","AreaPrice":59.35,"AreaColor":null},{"AreaShortName":"RSAS","AreaPrice":59.35,"AreaColor":null},{"AreaShortName":"TAN","AreaPrice":0,"AreaColor":null},{"AreaShortName":"ZAMZ","AreaPrice":59.35,"AreaColor":null},{"AreaShortName":"ZIM","AreaPrice":59.35,"AreaColor":null},{"AreaShortName":"ZIMA","AreaPrice":59.35,"AreaColor":null},{"AreaShortName":"ZAMC","AreaPrice":59.35,"AreaColor":null},{"AreaShortName":"MOZN_EDM","AreaPrice":59.35,"AreaColor":null},{"AreaShortName":"MOZN_HCB","AreaPrice":59.35,"AreaColor":null},{"AreaShortName":"MOZC_EDM","AreaPrice":59.35,"AreaColor":null},{"AreaShortName":"ESW","AreaPrice":59.35,"AreaColor":null},{"AreaShortName":"ZAML","AreaPrice":59.35,"AreaColor":null}],"success":true,"error":"","avgPRZAR":1804.95,"avgPRUSD":92.76,"dateToday":"2023/05/02","currenrPrice":92.76,"matchVolume":0,"tradeVolume":0,"rate":0,"mapColors":[{"ColorName":"Red","RGB1":"rgb(168,70,91)","RGB2":"rgb(89,0,19)","AreaName":"ZAMN"},{"ColorName":"Red","RGB1":"rgb(168,70,91)","RGB2":"rgb(89,0,19)","AreaName":"ZAMM"},{"ColorName":"Red","RGB1":"rgb(168,70,91)","RGB2":"rgb(89,0,19)","AreaName":"BOT"},{"ColorName":"Red","RGB1":"rgb(168,70,91)","RGB2":"rgb(89,0,19)","AreaName":"DRC"},{"ColorName":"Red","RGB1":"rgb(168,70,91)","RGB2":"rgb(89,0,19)","AreaName":"LES"},{"ColorName":"Red","RGB1":"rgb(168,70,91)","RGB2":"rgb(89,0,19)","AreaName":"MOZS"},{"ColorName":"Red","RGB1":"rgb(168,70,91)","RGB2":"rgb(89,0,19)","AreaName":"NAM"},{"ColorName":"Red","RGB1":"rgb(168,70,91)","RGB2":"rgb(89,0,19)","AreaName":"RSAN"},{"ColorName":"Red","RGB1":"rgb(168,70,91)","RGB2":"rgb(89,0,19)","AreaName":"RSAS"},{"ColorName":"Red","RGB1":"rgb(168,70,91)","RGB2":"rgb(89,0,19)","AreaName":"ZAMZ"},{"ColorName":"Red","RGB1":"rgb(168,70,91)","RGB2":"rgb(89,0,19)","AreaName":"ZIM"},{"ColorName":"Red","RGB1":"rgb(168,70,91)","RGB2":"rgb(89,0,19)","AreaName":"ZIMA"},{"ColorName":"Red","RGB1":"rgb(168,70,91)","RGB2":"rgb(89,0,19)","AreaName":"ZAMC"},{"ColorName":"Red","RGB1":"rgb(168,70,91)","RGB2":"rgb(89,0,19)","AreaName":"MOZN_EDM"},{"ColorName":"Red","RGB1":"rgb(168,70,91)","RGB2":"rgb(89,0,19)","AreaName":"MOZN_HCB"},{"ColorName":"Red","RGB1":"rgb(168,70,91)","RGB2":"rgb(89,0,19)","AreaName":"MOZC_EDM"},{"ColorName":"Red","RGB1":"rgb(168,70,91)","RGB2":"rgb(89,0,19)","AreaName":"ESW"},{"ColorName":"Red","RGB1":"rgb(168,70,91)","RGB2":"rgb(89,0,19)","AreaName":"ZAML"},{"ColorName":"Yellow","RGB1":"rgb(249,198,103)","RGB2":"rgb(249,116,0)","AreaName":"ANG"},{"ColorName":"Yellow","RGB1":"rgb(249,198,103)","RGB2":"rgb(249,116,0)","AreaName":"MAL"},{"ColorName":"Yellow","RGB1":"rgb(249,198,103)","RGB2":"rgb(249,116,0)","AreaName":"TAN"}],"excelData":[["Area Name","Price"],["ZAMN",59.35],["ZAMM",59.35],["ANG",0],["BOT",59.35],["DRC",59.35],["LES",59.35],["MAL",0],["MOZS",59.35],["NAM",59.35],["RSAN",59.35],["RSAS",59.35],["TAN",0],["ZAMZ",59.35],["ZIM",59.35],["ZIMA",59.35],["ZAMC",59.35],["MOZN_EDM",59.35],["MOZN_HCB",59.35],["MOZC_EDM",59.35],["ESW",59.35],["ZAML",59.35]]}