{"data":[{"AreaShortName":"ZAMN","AreaPrice":58.99,"AreaColor":null},{"AreaShortName":"ZAMM","AreaPrice":58.99,"AreaColor":null},{"AreaShortName":"ANG","AreaPrice":0,"AreaColor":null},{"AreaShortName":"BOT","AreaPrice":58.99,"AreaColor":null},{"AreaShortName":"DRC","AreaPrice":58.99,"AreaColor":null},{"AreaShortName":"LES","AreaPrice":58.99,"AreaColor":null},{"AreaShortName":"MAL","AreaPrice":0,"AreaColor":null},{"AreaShortName":"MOZS","AreaPrice":58.99,"AreaColor":null},{"AreaShortName":"NAM","AreaPrice":58.99,"AreaColor":null},{"AreaShortName":"RSAN","AreaPrice":58.99,"AreaColor":null},{"AreaShortName":"RSAS","AreaPrice":58.99,"AreaColor":null},{"AreaShortName":"TAN","AreaPrice":0,"AreaColor":null},{"AreaShortName":"ZAMZ","AreaPrice":58.99,"AreaColor":null},{"AreaShortName":"ZIM","AreaPrice":58.99,"AreaColor":null},{"AreaShortName":"ZIMA","AreaPrice":58.99,"AreaColor":null},{"AreaShortName":"ZAMC","AreaPrice":58.99,"AreaColor":null},{"AreaShortName":"MOZN_EDM","AreaPrice":58.99,"AreaColor":null},{"AreaShortName":"MOZN_HCB","AreaPrice":58.99,"AreaColor":null},{"AreaShortName":"MOZC_EDM","AreaPrice":58.99,"AreaColor":null},{"AreaShortName":"ESW","AreaPrice":58.99,"AreaColor":null},{"AreaShortName":"ZAML","AreaPrice":58.99,"AreaColor":null}],"success":true,"error":"","avgPRZAR":1804.95,"avgPRUSD":92.76,"dateToday":"2023/05/02","currenrPrice":92.76,"matchVolume":0,"tradeVolume":0,"rate":0,"mapColors":[{"ColorName":"Red","RGB1":"rgb(168,70,91)","RGB2":"rgb(89,0,19)","AreaName":"ZAMN"},{"ColorName":"Red","RGB1":"rgb(168,70,91)","RGB2":"rgb(89,0,19)","AreaName":"ZAMM"},{"ColorName":"Red","RGB1":"rgb(168,70,91)","RGB2":"rgb(89,0,19)","AreaName":"BOT"},{"ColorName":"Red","RGB1":"rgb(168,70,91)","RGB2":"rgb(89,0,19)","AreaName":"DRC"},{"ColorName":"Red","RGB1":"rgb(168,70,91)","RGB2":"rgb(89,0,19)","AreaName":"LES"},{"ColorName":"Red","RGB1":"rgb(168,70,91)","RGB2":"rgb(89,0,19)","AreaName":"MOZS"},{"ColorName":"Red","RGB1":"rgb(168,70,91)","RGB2":"rgb(89,0,19)","AreaName":"NAM"},{"ColorName":"Red","RGB1":"rgb(168,70,91)","RGB2":"rgb(89,0,19)","AreaName":"RSAN"},{"ColorName":"Red","RGB1":"rgb(168,70,91)","RGB2":"rgb(89,0,19)","AreaName":"RSAS"},{"ColorName":"Red","RGB1":"rgb(168,70,91)","RGB2":"rgb(89,0,19)","AreaName":"ZAMZ"},{"ColorName":"Red","RGB1":"rgb(168,70,91)","RGB2":"rgb(89,0,19)","AreaName":"ZIM"},{"ColorName":"Red","RGB1":"rgb(168,70,91)","RGB2":"rgb(89,0,19)","AreaName":"ZIMA"},{"ColorName":"Red","RGB1":"rgb(168,70,91)","RGB2":"rgb(89,0,19)","AreaName":"ZAMC"},{"ColorName":"Red","RGB1":"rgb(168,70,91)","RGB2":"rgb(89,0,19)","AreaName":"MOZN_EDM"},{"ColorName":"Red","RGB1":"rgb(168,70,91)","RGB2":"rgb(89,0,19)","AreaName":"MOZN_HCB"},{"ColorName":"Red","RGB1":"rgb(168,70,91)","RGB2":"rgb(89,0,19)","AreaName":"MOZC_EDM"},{"ColorName":"Red","RGB1":"rgb(168,70,91)","RGB2":"rgb(89,0,19)","AreaName":"ESW"},{"ColorName":"Red","RGB1":"rgb(168,70,91)","RGB2":"rgb(89,0,19)","AreaName":"ZAML"},{"ColorName":"Yellow","RGB1":"rgb(249,198,103)","RGB2":"rgb(249,116,0)","AreaName":"ANG"},{"ColorName":"Yellow","RGB1":"rgb(249,198,103)","RGB2":"rgb(249,116,0)","AreaName":"MAL"},{"ColorName":"Yellow","RGB1":"rgb(249,198,103)","RGB2":"rgb(249,116,0)","AreaName":"TAN"}],"excelData":[["Area Name","Price"],["ZAMN",58.99],["ZAMM",58.99],["ANG",0],["BOT",58.99],["DRC",58.99],["LES",58.99],["MAL",0],["MOZS",58.99],["NAM",58.99],["RSAN",58.99],["RSAS",58.99],["TAN",0],["ZAMZ",58.99],["ZIM",58.99],["ZIMA",58.99],["ZAMC",58.99],["MOZN_EDM",58.99],["MOZN_HCB",58.99],["MOZC_EDM",58.99],["ESW",58.99],["ZAML",58.99]]}