{"data":[{"AreaShortName":"ZAMN","AreaPrice":156.55,"AreaColor":null},{"AreaShortName":"ZAMM","AreaPrice":156.55,"AreaColor":null},{"AreaShortName":"ANG","AreaPrice":0,"AreaColor":null},{"AreaShortName":"BOT","AreaPrice":156.55,"AreaColor":null},{"AreaShortName":"DRC","AreaPrice":156.55,"AreaColor":null},{"AreaShortName":"LES","AreaPrice":156.55,"AreaColor":null},{"AreaShortName":"MAL","AreaPrice":0,"AreaColor":null},{"AreaShortName":"MOZS","AreaPrice":156.55,"AreaColor":null},{"AreaShortName":"NAM","AreaPrice":156.55,"AreaColor":null},{"AreaShortName":"RSAN","AreaPrice":156.55,"AreaColor":null},{"AreaShortName":"RSAS","AreaPrice":156.55,"AreaColor":null},{"AreaShortName":"TAN","AreaPrice":0,"AreaColor":null},{"AreaShortName":"ZAMZ","AreaPrice":156.55,"AreaColor":null},{"AreaShortName":"ZIM","AreaPrice":156.55,"AreaColor":null},{"AreaShortName":"ZIMA","AreaPrice":156.55,"AreaColor":null},{"AreaShortName":"ZAMC","AreaPrice":156.55,"AreaColor":null},{"AreaShortName":"MOZN_EDM","AreaPrice":156.55,"AreaColor":null},{"AreaShortName":"MOZN_HCB","AreaPrice":156.55,"AreaColor":null},{"AreaShortName":"MOZC_EDM","AreaPrice":156.55,"AreaColor":null},{"AreaShortName":"ESW","AreaPrice":156.55,"AreaColor":null},{"AreaShortName":"ZAML","AreaPrice":156.55,"AreaColor":null}],"success":true,"error":"","avgPRZAR":1804.95,"avgPRUSD":92.76,"dateToday":"2023/05/02","currenrPrice":92.76,"matchVolume":0,"tradeVolume":0,"rate":0,"mapColors":[{"ColorName":"Red","RGB1":"rgb(168,70,91)","RGB2":"rgb(89,0,19)","AreaName":"ZAMN"},{"ColorName":"Red","RGB1":"rgb(168,70,91)","RGB2":"rgb(89,0,19)","AreaName":"ZAMM"},{"ColorName":"Red","RGB1":"rgb(168,70,91)","RGB2":"rgb(89,0,19)","AreaName":"BOT"},{"ColorName":"Red","RGB1":"rgb(168,70,91)","RGB2":"rgb(89,0,19)","AreaName":"DRC"},{"ColorName":"Red","RGB1":"rgb(168,70,91)","RGB2":"rgb(89,0,19)","AreaName":"LES"},{"ColorName":"Red","RGB1":"rgb(168,70,91)","RGB2":"rgb(89,0,19)","AreaName":"MOZS"},{"ColorName":"Red","RGB1":"rgb(168,70,91)","RGB2":"rgb(89,0,19)","AreaName":"NAM"},{"ColorName":"Red","RGB1":"rgb(168,70,91)","RGB2":"rgb(89,0,19)","AreaName":"RSAN"},{"ColorName":"Red","RGB1":"rgb(168,70,91)","RGB2":"rgb(89,0,19)","AreaName":"RSAS"},{"ColorName":"Red","RGB1":"rgb(168,70,91)","RGB2":"rgb(89,0,19)","AreaName":"ZAMZ"},{"ColorName":"Red","RGB1":"rgb(168,70,91)","RGB2":"rgb(89,0,19)","AreaName":"ZIM"},{"ColorName":"Red","RGB1":"rgb(168,70,91)","RGB2":"rgb(89,0,19)","AreaName":"ZIMA"},{"ColorName":"Red","RGB1":"rgb(168,70,91)","RGB2":"rgb(89,0,19)","AreaName":"ZAMC"},{"ColorName":"Red","RGB1":"rgb(168,70,91)","RGB2":"rgb(89,0,19)","AreaName":"MOZN_EDM"},{"ColorName":"Red","RGB1":"rgb(168,70,91)","RGB2":"rgb(89,0,19)","AreaName":"MOZN_HCB"},{"ColorName":"Red","RGB1":"rgb(168,70,91)","RGB2":"rgb(89,0,19)","AreaName":"MOZC_EDM"},{"ColorName":"Red","RGB1":"rgb(168,70,91)","RGB2":"rgb(89,0,19)","AreaName":"ESW"},{"ColorName":"Red","RGB1":"rgb(168,70,91)","RGB2":"rgb(89,0,19)","AreaName":"ZAML"},{"ColorName":"Yellow","RGB1":"rgb(249,198,103)","RGB2":"rgb(249,116,0)","AreaName":"ANG"},{"ColorName":"Yellow","RGB1":"rgb(249,198,103)","RGB2":"rgb(249,116,0)","AreaName":"MAL"},{"ColorName":"Yellow","RGB1":"rgb(249,198,103)","RGB2":"rgb(249,116,0)","AreaName":"TAN"}],"excelData":[["Area Name","Price"],["ZAMN",156.55],["ZAMM",156.55],["ANG",0],["BOT",156.55],["DRC",156.55],["LES",156.55],["MAL",0],["MOZS",156.55],["NAM",156.55],["RSAN",156.55],["RSAS",156.55],["TAN",0],["ZAMZ",156.55],["ZIM",156.55],["ZIMA",156.55],["ZAMC",156.55],["MOZN_EDM",156.55],["MOZN_HCB",156.55],["MOZC_EDM",156.55],["ESW",156.55],["ZAML",156.55]]}