{"data":[{"AreaShortName":"ZAMN","AreaPrice":87.8,"AreaColor":null},{"AreaShortName":"ZAMM","AreaPrice":87.8,"AreaColor":null},{"AreaShortName":"ANG","AreaPrice":0,"AreaColor":null},{"AreaShortName":"BOT","AreaPrice":87.8,"AreaColor":null},{"AreaShortName":"DRC","AreaPrice":87.8,"AreaColor":null},{"AreaShortName":"LES","AreaPrice":87.8,"AreaColor":null},{"AreaShortName":"MAL","AreaPrice":0,"AreaColor":null},{"AreaShortName":"MOZS","AreaPrice":87.8,"AreaColor":null},{"AreaShortName":"NAM","AreaPrice":87.8,"AreaColor":null},{"AreaShortName":"RSAN","AreaPrice":87.8,"AreaColor":null},{"AreaShortName":"RSAS","AreaPrice":87.8,"AreaColor":null},{"AreaShortName":"TAN","AreaPrice":0,"AreaColor":null},{"AreaShortName":"ZAMZ","AreaPrice":87.8,"AreaColor":null},{"AreaShortName":"ZIM","AreaPrice":87.8,"AreaColor":null},{"AreaShortName":"ZIMA","AreaPrice":87.8,"AreaColor":null},{"AreaShortName":"ZAMC","AreaPrice":87.8,"AreaColor":null},{"AreaShortName":"MOZN_EDM","AreaPrice":87.8,"AreaColor":null},{"AreaShortName":"MOZN_HCB","AreaPrice":87.8,"AreaColor":null},{"AreaShortName":"MOZC_EDM","AreaPrice":87.8,"AreaColor":null},{"AreaShortName":"ESW","AreaPrice":87.8,"AreaColor":null},{"AreaShortName":"ZAML","AreaPrice":87.8,"AreaColor":null}],"success":true,"error":"","avgPRZAR":1804.95,"avgPRUSD":92.76,"dateToday":"2023/05/02","currenrPrice":92.76,"matchVolume":0,"tradeVolume":0,"rate":0,"mapColors":[{"ColorName":"Red","RGB1":"rgb(168,70,91)","RGB2":"rgb(89,0,19)","AreaName":"ZAMN"},{"ColorName":"Red","RGB1":"rgb(168,70,91)","RGB2":"rgb(89,0,19)","AreaName":"ZAMM"},{"ColorName":"Red","RGB1":"rgb(168,70,91)","RGB2":"rgb(89,0,19)","AreaName":"BOT"},{"ColorName":"Red","RGB1":"rgb(168,70,91)","RGB2":"rgb(89,0,19)","AreaName":"DRC"},{"ColorName":"Red","RGB1":"rgb(168,70,91)","RGB2":"rgb(89,0,19)","AreaName":"LES"},{"ColorName":"Red","RGB1":"rgb(168,70,91)","RGB2":"rgb(89,0,19)","AreaName":"MOZS"},{"ColorName":"Red","RGB1":"rgb(168,70,91)","RGB2":"rgb(89,0,19)","AreaName":"NAM"},{"ColorName":"Red","RGB1":"rgb(168,70,91)","RGB2":"rgb(89,0,19)","AreaName":"RSAN"},{"ColorName":"Red","RGB1":"rgb(168,70,91)","RGB2":"rgb(89,0,19)","AreaName":"RSAS"},{"ColorName":"Red","RGB1":"rgb(168,70,91)","RGB2":"rgb(89,0,19)","AreaName":"ZAMZ"},{"ColorName":"Red","RGB1":"rgb(168,70,91)","RGB2":"rgb(89,0,19)","AreaName":"ZIM"},{"ColorName":"Red","RGB1":"rgb(168,70,91)","RGB2":"rgb(89,0,19)","AreaName":"ZIMA"},{"ColorName":"Red","RGB1":"rgb(168,70,91)","RGB2":"rgb(89,0,19)","AreaName":"ZAMC"},{"ColorName":"Red","RGB1":"rgb(168,70,91)","RGB2":"rgb(89,0,19)","AreaName":"MOZN_EDM"},{"ColorName":"Red","RGB1":"rgb(168,70,91)","RGB2":"rgb(89,0,19)","AreaName":"MOZN_HCB"},{"ColorName":"Red","RGB1":"rgb(168,70,91)","RGB2":"rgb(89,0,19)","AreaName":"MOZC_EDM"},{"ColorName":"Red","RGB1":"rgb(168,70,91)","RGB2":"rgb(89,0,19)","AreaName":"ESW"},{"ColorName":"Red","RGB1":"rgb(168,70,91)","RGB2":"rgb(89,0,19)","AreaName":"ZAML"},{"ColorName":"Yellow","RGB1":"rgb(249,198,103)","RGB2":"rgb(249,116,0)","AreaName":"ANG"},{"ColorName":"Yellow","RGB1":"rgb(249,198,103)","RGB2":"rgb(249,116,0)","AreaName":"MAL"},{"ColorName":"Yellow","RGB1":"rgb(249,198,103)","RGB2":"rgb(249,116,0)","AreaName":"TAN"}],"excelData":[["Area Name","Price"],["ZAMN",87.8],["ZAMM",87.8],["ANG",0],["BOT",87.8],["DRC",87.8],["LES",87.8],["MAL",0],["MOZS",87.8],["NAM",87.8],["RSAN",87.8],["RSAS",87.8],["TAN",0],["ZAMZ",87.8],["ZIM",87.8],["ZIMA",87.8],["ZAMC",87.8],["MOZN_EDM",87.8],["MOZN_HCB",87.8],["MOZC_EDM",87.8],["ESW",87.8],["ZAML",87.8]]}