,year,month,volume_mean,day_of_week,value_mean,price_max,price_min,price_mean,power_max,power_min,power_mean,price_morning_max,price_evening_max,price_standard,off_price_mean,standard_price_mean,morning_price_mean,evening_price_mean,off_hour_mean,standard_hour_mean,morning_hour_mean,evening_hour_mean,off_value,standard_value,morning_value,evening_value,standard_price_max,off_price_max,morning_price_max,evening_price_max,standard_price_min,off_price_min,morning_price_min,evening_price_min,volume,morning_volume,evening_volume,standard_volume,off_volume,value,off_hour_count,standard_hour_count,morning_hour_count,evening_hour_count,price_weight_mean,off_price_weight_mean,standard_price_weight_mean,morning_price_weight_mean,evening_price_weight_mean,off_power,morning_power,standard_power,evening_power,evening_days,morning_days,days
0,2017,4,105.59333333333332,73.2,4124.475600000002,61.667999999999964,39.05999999999998,53.60604999999995,9.400000000000002,1.5666666666666667,4.561611111111114,62.60999999999995,62.60999999999995,57.89999999999996,39.05999999999997,67.31999999999995,67.31999999999996,67.31999999999996,11.233333333333333,10.2,3.0,2.0,123734.26800000005,0.0,0.0,0.0,67.32,39.06,67.32,67.32,67.31999999999998,39.05999999999998,67.32,67.32,3167.7999999999997,0.0,0.0,0.0,3167.7999999999997,123734.26800000005,337,255.0,60.0,40.0,39.060000000000024,39.060000000000024,,,,9.399999999999999,0.0,0.0,0.0,20.0,20.0,30
1,2017,5,107.09677419354838,65.29032258064517,3970.0774193548395,57.67800000000001,37.070000000000014,50.891763440860224,10.0,1.6129032258064515,4.634408602150536,58.67516129032256,58.67516129032256,55.351290322580624,37.070000000000014,61.875925925925905,61.709999999999994,61.70999999999999,10.193548387096774,10.407407407407407,3.0,2.0,117141.20000000001,4077.699999999999,1112.1,741.4,62.83,37.07000000000002,62.830000000000005,62.83,37.07,37.07,37.07,37.07,3320.0,30.0,20.0,110.0,3160.0,123072.40000000002,316,281.0,69.0,46.0,37.07000000000001,37.07,37.06999999999999,37.07,37.07,10.0,0.43478260869565216,0.3914590747330961,0.43478260869565216,23.0,23.0,31
2,2017,6,26.4,78.0,1176.3840000000002,68.36799999999997,64.39999999999996,66.38399999999996,4.4,0.0,1.1733333333333333,74.32,74.32,74.32,44.56,74.31999999999998,74.32,74.32,6.0,10.0,3.0,3.0,2352.7680000000005,0.0,0.0,0.0,74.31999999999998,44.56,74.32,74.32,74.31999999999998,44.56,74.32,74.32,52.8,0.0,0.0,0.0,52.8,2352.7680000000005,12,20.0,6.0,6.0,44.56000000000001,44.56000000000001,,,,4.3999999999999995,0.0,0.0,0.0,2.0,2.0,2
3,2017,7,273.3333333333333,81.33333333333333,11540.133333333333,68.40400000000002,42.22000000000002,54.766500000000015,20.0,6.666666666666667,12.333333333333334,64.04,64.04,53.129999999999995,42.220000000000006,72.90437500000002,74.95,74.95,13.333333333333334,9.0,3.0,3.0,33776.0,844.4,0.0,0.0,74.95000000000002,42.22000000000002,74.95,74.95,70.85875,42.22,74.95,74.95,820.0,0.0,0.0,20.0,800.0,34620.4,40,18.0,3.0,3.0,42.22,42.22,42.22,,,20.0,0.0,1.1111111111111112,0.0,1.0,1.0,3
4,2017,8,380.8333333333333,78.66666666666667,22038.583333333332,75.40000000000002,33.399999999999984,62.785416666666684,20.0,15.833333333333334,17.20138888888889,77.14999999999999,77.14999999999999,68.39999999999999,33.4,84.58749999999999,85.90000000000002,85.90000000000002,10.0,9.6,3.0,3.0,40080.0,61227.5,15462.0,15462.0,85.89999999999999,33.4,85.90000000000002,85.90000000000002,79.33749999999999,33.399999999999984,85.90000000000002,85.90000000000002,2285.0,180.0,180.0,725.0,1200.0,132231.5,60,48.0,12.0,12.0,57.86936542669584,33.4,84.45172413793104,85.9,85.9,20.0,15.0,15.104166666666666,15.0,4.0,4.0,6
5,2017,9,214.0,70.66666666666667,6623.3,56.446000000000026,30.95,48.00045000000003,20.0,2.6666666666666665,9.299999999999999,58.570666666666654,58.570666666666654,53.259,30.950000000000014,62.819999999999986,62.82,62.82,10.7,10.23076923076923,3.0,2.0,198699.0,0.0,0.0,0.0,62.82000000000001,30.950000000000006,62.82,62.82,62.82,30.949999999999992,62.82,62.82,6420.0,0.0,0.0,0.0,6420.0,198699.0,321,266.0,63.0,42.0,30.95,30.95,,,,20.0,0.0,0.0,0.0,21.0,21.0,30
6,2017,10,214.19354838709677,67.61290322580645,6237.316129032259,54.247999999999976,29.119999999999997,45.89733064516126,20.0,3.225806451612903,9.317204301075266,55.46387096774191,55.46387096774191,51.41096774193546,29.12,60.52999999999998,60.52999999999998,60.52999999999998,10.709677419354838,10.384615384615385,3.0,2.0,193356.80000000002,0.0,0.0,0.0,60.52999999999999,29.12,60.53,60.53,60.52999999999998,29.119999999999997,60.53,60.53,6640.0,0.0,0.0,0.0,6640.0,193356.80000000002,332,270.0,66.0,44.0,29.12,29.12,,,,20.0,0.0,0.0,0.0,22.0,22.0,31
7,2017,11,334.6666666666667,68.4,12981.280000000004,51.62800000000002,27.259999999999994,44.20760555555557,20.0,11.333333333333334,14.436111111111106,53.65866666666668,53.65866666666668,49.597333333333346,27.259999999999994,57.72000000000002,57.72000000000002,57.72000000000002,10.4,10.384615384615385,3.0,2.0,170102.40000000005,155844.0,38095.19999999998,25396.800000000007,57.72000000000002,27.26,57.72,57.72,57.72000000000001,27.259999999999994,57.72,57.72,10040.0,660.0,440.0,2700.0,6240.0,389438.40000000014,312,270.0,66.0,44.0,38.78868525896416,27.26000000000001,57.72,57.71999999999997,57.72000000000001,20.0,10.0,10.0,10.0,22.0,22.0,30
8,2017,12,322.92258064516136,72.25806451612904,11881.127999999999,51.97199999999998,26.740000000000002,43.06958064516128,20.0,10.438709677419357,14.097741935483866,53.19290322580644,53.19290322580644,48.10580645161289,26.740000000000006,58.27999999999998,58.27999999999999,58.27999999999999,11.0,10.23076923076923,3.0,2.0,182366.79999999993,133321.328,31576.103999999996,21050.736,58.27999999999999,26.740000000000006,58.28,58.28,58.27999999999998,26.74,58.28,58.28,10010.600000000002,541.8000000000001,361.1999999999999,2287.599999999999,6820.0,368314.96799999994,341,266.0,63.0,42.0,36.79249675344134,26.73999999999999,58.28000000000003,58.27999999999999,58.28000000000002,20.0,8.600000000000001,8.599999999999996,8.599999999999998,21.0,21.0,31
9,2018,1,214.19354838709677,65.29032258064517,6331.561290322582,55.25599999999997,29.559999999999985,46.79427956989246,20.0,3.225806451612903,9.268817204301072,56.49935483870968,56.49935483870968,52.35483870967741,29.80379506641364,59.810582010582024,60.283478260869565,60.283478260869565,10.193548387096774,10.407407407407407,3.0,2.0,184454.40000000005,8868.0,1773.6,1182.3999999999999,61.67999999999999,31.449411764705882,61.68,61.68,29.56,29.559999999999985,29.56,29.56,6640.0,60.0,40.0,300.0,6240.0,196278.40000000005,316,281.0,69.0,46.0,29.56000000000001,29.56000000000001,29.56,29.56,29.559999999999995,19.746835443037973,0.8695652173913043,1.0676156583629892,0.8695652173913043,23.0,23.0,31
10,2018,2,217.14285714285714,69.0,6781.371428571429,56.80600000000002,31.230000000000008,48.22357738095237,20.0,2.857142857142857,9.369047619047617,58.63285714285717,58.63285714285717,54.06571428571431,31.53998707175179,62.43880952380954,63.200000000000024,63.200000000000024,10.857142857142858,10.333333333333334,3.0,2.0,187379.99999999997,2498.4,0.0,0.0,63.2,33.689230769230775,63.20000000000001,63.2,58.63285714285714,31.229999999999997,63.20000000000001,63.2,6080.0,0.0,0.0,80.0,6000.0,189878.4,304,248.0,60.0,40.0,31.23,31.229999999999997,31.23,,,19.736842105263158,0.0,0.3225806451612903,0.0,20.0,20.0,28
11,2018,3,220.0,70.06451612903226,7161.0,58.19,32.54999999999999,49.12639784946236,20.0,3.225806451612903,9.65591397849462,59.43064516129029,59.43064516129029,54.261290322580614,32.91021748649831,62.56507936507934,63.1431818181818,63.1431818181818,10.483870967741936,10.25925925925926,3.0,2.0,208320.0,10416.0,1953.0,1302.0,64.60000000000001,35.015384615384626,64.6,64.6,32.550000000000004,32.54999999999999,32.55,32.55,6820.0,60.0,40.0,320.0,6400.0,221991.0,325,277.0,66.0,44.0,32.55,32.55,32.55,32.55,32.55,19.692307692307693,0.9090909090909091,1.1552346570397112,0.9090909090909091,22.0,22.0,31
12,2018,4,229.33333333333334,69.2,7274.453333333334,57.320000000000014,31.720000000000017,47.81777777777779,20.0,4.0,9.938888888888888,57.32000000000002,57.32000000000002,53.053333333333356,31.72000000000002,62.44000000000002,62.196190476190495,62.196190476190495,10.933333333333334,10.36,3.0,2.0,208083.2,6978.399999999999,1903.1999999999998,1268.8,63.72000000000002,31.720000000000017,63.72,63.72,31.720000000000006,31.72,31.72,31.72,6880.0,60.0,40.0,220.0,6560.0,218233.6,328,259.0,63.0,42.0,31.720000000000002,31.720000000000002,31.719999999999995,31.719999999999995,31.72,20.0,0.9523809523809523,0.8494208494208494,0.9523809523809523,21.0,21.0,30
13,2018,5,107.09677419354838,67.48387096774194,3422.812903225808,54.992000000000004,31.96,47.53136559139786,10.0,1.6129032258064515,4.591397849462364,56.10645161290323,56.10645161290323,52.39161290322582,31.960000000000015,59.683703703703706,59.49826086956522,59.49826086956522,10.193548387096774,10.407407407407407,3.0,2.0,100993.60000000003,3515.5999999999995,958.8000000000001,639.2,60.75,31.960000000000008,60.75,60.75,31.96,31.959999999999997,31.959999999999997,31.96,3320.0,30.0,20.0,110.0,3160.0,106107.20000000004,316,281.0,69.0,46.0,31.96000000000001,31.96000000000001,31.959999999999994,31.96,31.96,10.0,0.43478260869565216,0.3914590747330961,0.43478260869565216,23.0,23.0,31
14,2018,6,0.0,70.66666666666667,0.0,62.84199999999997,34.09000000000002,53.31789999999997,0.0,0.0,0.0,65.23799999999999,65.23799999999999,59.247999999999976,34.090000000000025,69.16605769230767,70.02999999999999,70.02999999999999,10.533333333333333,9.615384615384615,3.0,3.0,0.0,0.0,0.0,0.0,70.02999999999999,34.090000000000025,70.03,70.03,65.5375,34.09,70.03,70.03,0.0,0.0,0.0,0.0,0.0,0.0,316,250.0,63.0,63.0,,,,,,0.0,0.0,0.0,0.0,21.0,21.0,30
15,2018,7,519.7419354838707,67.61290322580645,46709.20774193546,77.60599999999997,28.549999999999994,61.30345161290322,35.56129032258064,0.0,22.64752688172042,79.9796774193548,79.9796774193548,72.06741935483868,28.549999999999983,88.69076923076918,89.86999999999995,89.86999999999995,10.580645161290322,9.692307692307692,3.0,3.0,0.0,945001.0240000001,251492.2080000001,251492.2080000001,89.87,28.550000000000008,89.87,89.87,82.205,28.549999999999994,89.87,89.87,16111.999999999993,2798.3999999999996,2798.3999999999996,10515.199999999999,0.0,1447985.4399999992,328,252.0,66.0,66.0,89.86999999999999,,89.87000000000002,89.87000000000005,89.87000000000005,0.0,42.39999999999999,41.72698412698412,42.39999999999999,22.0,22.0,31
16,2018,8,0.0,68.7741935483871,0.0,82.46400000000001,29.799999999999994,66.94440053763444,0.0,0.0,0.0,87.13580645161295,87.13580645161295,78.64161290322585,29.799999999999983,94.41092592592597,95.63000000000005,95.63000000000005,10.064516129032258,9.703703703703704,3.0,3.0,0.0,0.0,0.0,0.0,95.63,29.800000000000008,95.63,95.63,87.40124999999999,29.799999999999994,95.63,95.63,0.0,0.0,0.0,0.0,0.0,0.0,312,262.0,69.0,69.0,,,,,,0.0,0.0,0.0,0.0,23.0,23.0,31
17,2018,9,224.66666666666666,73.2,5625.653333333331,54.416,25.040000000000003,43.940599999999996,20.0,3.3333333333333335,9.705555555555552,55.63999999999999,55.63999999999999,49.51999999999999,25.039999999999996,61.76,61.760000000000005,61.760000000000005,11.233333333333333,10.2,3.0,2.0,168769.59999999992,0.0,0.0,0.0,61.76,25.040000000000006,61.76,61.76,61.76,25.039999999999996,61.76,61.76,6740.0,0.0,0.0,0.0,6740.0,168769.59999999992,337,255.0,60.0,40.0,25.03999999999999,25.03999999999999,,,,20.0,0.0,0.0,0.0,20.0,20.0,30
18,2018,10,0.0,65.29032258064517,0.0,62.64399999999997,27.940000000000005,52.33541935483869,0.0,0.0,0.0,65.72258064516126,65.72258064516126,60.12516129032255,27.940000000000023,71.31999999999995,71.31999999999995,71.31999999999995,10.193548387096774,10.407407407407407,3.0,2.0,0.0,0.0,0.0,0.0,71.32,27.940000000000012,71.32,71.32,71.31999999999998,27.94,71.32,71.32,0.0,0.0,0.0,0.0,0.0,0.0,316,281.0,69.0,46.0,,,,,,0.0,0.0,0.0,0.0,23.0,23.0,31
19,2018,11,0.0,69.06666666666666,0.0,53.860000000000014,27.5,45.60419444444447,0.0,0.0,0.0,56.05666666666669,56.05666666666669,51.66333333333335,27.5,60.45000000000003,60.450000000000024,60.450000000000024,10.4,10.384615384615385,3.0,2.0,0.0,0.0,0.0,0.0,60.45,27.5,60.45000000000001,60.45,60.449999999999996,27.5,60.45000000000001,60.45,0.0,0.0,0.0,0.0,0.0,0.0,312,270.0,66.0,44.0,,,,,,0.0,0.0,0.0,0.0,22.0,22.0,30
20,2019,1,0.0,67.48387096774194,0.0,91.67799999999997,23.95,70.695064516129,0.0,0.0,0.0,97.68612903225807,97.68612903225807,84.03129032258063,24.5925806451613,104.53784992784993,108.60999999999999,106.76956521739127,10.193548387096774,10.407407407407407,3.0,2.0,0.0,0.0,0.0,0.0,108.60999999999999,28.929999999999993,108.61,108.61,47.0390909090909,23.949999999999996,108.61,66.28,0.0,0.0,0.0,0.0,0.0,0.0,316,281.0,69.0,46.0,,,,,,0.0,0.0,0.0,0.0,23.0,23.0,31
21,2019,2,0.0,69.28571428571429,0.0,93.76599999999999,24.67,70.63117857142858,0.0,0.0,0.0,98.70142857142855,98.70142857142855,86.36285714285714,25.395798319327728,108.98357142857141,111.03999999999999,111.03999999999999,10.857142857142858,10.333333333333334,3.0,2.0,0.0,0.0,0.0,0.0,111.03999999999998,29.750588235294128,111.04,111.04,98.70142857142856,24.67,111.04,111.04,0.0,0.0,0.0,0.0,0.0,0.0,304,248.0,60.0,40.0,,,,,,0.0,0.0,0.0,0.0,20.0,20.0,28
22,2019,3,0.0,72.25806451612904,0.0,57.4,23.0,45.262903225806454,0.0,0.0,0.0,59.064516129032256,59.064516129032256,52.12903225806452,23.433075463435994,64.81868131868133,66.0,66.0,11.0,10.23076923076923,3.0,2.0,0.0,0.0,0.0,0.0,66.0,26.307692307692307,66.0,66.0,59.857142857142854,23.0,66.0,66.0,0.0,0.0,0.0,0.0,0.0,0.0,341,266.0,63.0,42.0,,,,,,0.0,0.0,0.0,0.0,21.0,21.0,31
23,2019,4,0.0,66.13333333333334,0.0,24.89999999999999,24.89999999999999,24.89999999999998,0.0,0.0,0.0,24.899999999999988,24.899999999999988,24.899999999999988,24.899999999999988,24.89999999999999,24.899999999999988,24.89999999999999,10.4,10.384615384615385,3.0,2.0,0.0,0.0,0.0,0.0,24.900000000000002,24.900000000000002,24.899999999999995,24.9,24.900000000000002,24.89999999999999,24.899999999999995,24.9,0.0,0.0,0.0,0.0,0.0,0.0,312,270.0,66.0,44.0,,,,,,0.0,0.0,0.0,0.0,22.0,22.0,30
24,2019,5,0.0,68.7741935483871,0.0,62.69000000000001,33.45,53.130013440860225,0.0,0.0,0.0,64.10483870967742,64.10483870967742,59.388709677419364,33.45000000000002,68.6462962962963,68.4108695652174,68.4108695652174,10.193548387096774,10.407407407407407,3.0,2.0,0.0,0.0,0.0,0.0,70.0,33.45000000000001,70.0,70.0,33.449999999999996,33.449999999999996,33.45,33.45,0.0,0.0,0.0,0.0,0.0,0.0,316,281.0,69.0,46.0,,,,,,0.0,0.0,0.0,0.0,23.0,23.0,31
25,2019,6,0.0,73.2,0.0,98.67999999999998,50.0,81.3208472222222,0.0,0.0,0.0,100.70833333333329,100.70833333333329,90.56666666666662,50.0,109.32874999999996,110.84999999999995,110.84999999999995,11.066666666666666,9.6,3.0,3.0,0.0,0.0,0.0,0.0,110.85,50.0,110.84999999999998,110.84999999999998,103.24375,50.0,110.84999999999998,110.84999999999998,0.0,0.0,0.0,0.0,0.0,0.0,332,240.0,60.0,60.0,,,,,,0.0,0.0,0.0,0.0,20.0,20.0,30
26,2019,7,254.83870967741936,65.29032258064517,14270.967741935483,181.18400000000003,56.0,143.99896774193553,25.0,3.225806451612903,10.940860215053762,192.2890322580644,192.2890322580644,172.09806451612894,56.0,209.58222222222213,212.47999999999993,212.47999999999993,10.064516129032258,9.703703703703704,3.0,3.0,436800.0,5600.0,0.0,0.0,212.47999999999996,56.0,212.48,212.48,192.92,56.0,212.48,212.48,7900.0,0.0,0.0,100.0,7800.0,442400.0,312,262.0,69.0,69.0,56.0,56.0,56.0,,,25.0,0.0,0.3816793893129771,0.0,23.0,23.0,31
27,2019,8,0.0,70.06451612903226,0.0,115.72999999999998,57.450000000000024,97.00833333333333,0.0,0.0,0.0,120.90000000000005,120.90000000000005,109.15000000000003,57.45000000000003,128.61365740740743,130.30000000000004,130.30000000000004,10.32258064516129,9.62962962962963,3.0,3.0,0.0,0.0,0.0,0.0,130.29999999999998,57.450000000000024,130.3,130.3,121.19375,57.449999999999996,130.3,130.3,0.0,0.0,0.0,0.0,0.0,0.0,320,260.0,66.0,66.0,,,,,,0.0,0.0,0.0,0.0,22.0,22.0,31
28,2019,9,0.0,69.2,0.0,77.19000000000001,45.95000000000002,66.46209722222224,0.0,0.0,0.0,78.49166666666666,78.49166666666666,73.285,45.950000000000024,85.0,85.0,85.0,10.933333333333334,10.36,3.0,2.0,0.0,0.0,0.0,0.0,85.0,45.95000000000002,85.0,85.0,85.0,45.949999999999996,85.0,85.0,0.0,0.0,0.0,0.0,0.0,0.0,328,259.0,63.0,42.0,,,,,,0.0,0.0,0.0,0.0,21.0,21.0,30
29,2019,10,203.8709677419355,67.48387096774194,7129.367741935484,86.994,34.97000000000002,71.82033333333332,20.0,2.5806451612903225,8.666666666666664,91.6090322580645,91.6090322580645,83.21806451612902,34.97000000000002,100.0,100.0,100.0,10.193548387096774,10.407407407407407,3.0,2.0,221010.40000000002,0.0,0.0,0.0,100.0,34.97000000000002,100.0,100.0,100.0,34.97,100.0,100.0,6320.0,0.0,0.0,0.0,6320.0,221010.40000000002,316,281.0,69.0,46.0,34.970000000000006,34.970000000000006,,,,20.0,0.0,0.0,0.0,23.0,23.0,31
30,2019,11,0.0,70.66666666666667,0.0,91.2,56.0,79.53999999999999,0.0,0.0,0.0,94.13333333333334,94.13333333333334,86.8,56.0,100.0,100.0,100.0,10.7,10.23076923076923,3.0,2.0,0.0,0.0,0.0,0.0,100.0,56.0,100.0,100.0,100.0,56.0,100.0,100.0,0.0,0.0,0.0,0.0,0.0,0.0,321,266.0,63.0,42.0,,,,,,0.0,0.0,0.0,0.0,21.0,21.0,30
31,2019,12,352.258064516129,67.61290322580645,21163.66451612904,92.01599999999999,60.07999999999999,79.68587096774193,30.0,6.774193548387097,15.266129032258064,90.98580645161289,90.98580645161289,85.8348387096774,60.07999999999998,96.92923076923077,96.37090909090908,96.37090909090908,10.709677419354838,10.384615384615385,3.0,2.0,598396.8000000003,39652.8,10814.4,7209.599999999999,100.0,60.08000000000001,100.0,100.0,60.08,60.07999999999999,60.080000000000005,60.08,10920.0,180.0,120.0,660.0,9960.0,656073.6000000002,332,270.0,66.0,44.0,60.08000000000002,60.08000000000003,60.080000000000005,60.08,60.08,30.0,2.727272727272727,2.4444444444444446,2.727272727272727,22.0,22.0,31
32,2020,1,214.19354838709677,68.7741935483871,10174.193548387097,91.1,47.5,76.8450268817204,20.0,3.225806451612903,9.231182795698924,93.20967741935483,93.20967741935483,86.1774193548387,47.945482411326815,98.82804232804234,99.6304347826087,99.6304347826087,10.193548387096774,10.407407407407407,3.0,2.0,296400.0,14250.0,2850.0,1900.0,102.0,51.69230769230769,102.0,102.0,47.5,47.5,47.5,47.5,6640.0,60.0,40.0,300.0,6240.0,315400.0,316,281.0,69.0,46.0,47.5,47.5,47.5,47.5,47.5,19.746835443037973,0.8695652173913043,1.0676156583629892,0.8695652173913043,23.0,23.0,31
33,2020,2,218.6206896551724,71.58620689655173,10931.034482758621,91.6,50.0,77.68850574712646,20.0,2.7586206896551726,9.350574712643676,94.82758620689656,94.82758620689656,85.86206896551724,50.59229208924949,100.51428571428572,102.0,102.0,10.931034482758621,10.2,3.0,2.0,312000.0,5000.0,0.0,0.0,102.0,54.0,102.0,102.0,94.57142857142857,50.0,102.0,102.0,6340.0,0.0,0.0,100.0,6240.0,317000.0,317,255.0,60.0,40.0,50.0,50.0,50.0,,,19.684542586750787,0.0,0.39215686274509803,0.0,20.0,20.0,29
34,2020,3,382.22222222222223,123.11111111111111,20257.777777777777,70.15,53.0,59.66944444444445,20.0,11.11111111111111,17.27777777777778,74.77777777777777,74.77777777777777,53.0,54.379587732528904,95.0,,,19.11111111111111,7.0,,,178080.0,4240.0,0.0,0.0,95.0,56.76923076923077,,,95.0,53.0,,,3440.0,0.0,0.0,80.0,3360.0,182320.0,172,28.0,0.0,0.0,53.0,53.0,53.0,,,19.53488372093023,,2.857142857142857,,22.0,22.0,9
35,2020,4,229.33333333333334,68.4,12154.666666666666,92.2,53.0,77.8675,20.0,4.0,9.849999999999998,92.2,92.2,85.66666666666667,53.0,98.23076923076923,97.54545454545455,97.54545454545455,10.4,10.384615384615385,3.0,2.0,330720.0,23320.0,6360.0,4240.0,102.0,53.0,102.0,102.0,53.0,53.0,53.0,53.0,6880.0,120.0,80.0,440.0,6240.0,364640.0,312,270.0,66.0,44.0,53.0,53.0,53.0,53.0,53.0,20.0,1.8181818181818181,1.6296296296296295,1.8181818181818181,21.0,21.0,30
36,2020,5,230.32258064516128,72.25806451612904,6895.858064516126,82.74800000000002,29.94000000000001,62.41266129032262,20.0,3.870967741935484,10.161290322580646,83.17387096774193,83.17387096774193,72.52709677419357,29.940000000000026,93.41115384615385,92.80666666666669,92.80666666666669,11.0,10.23076923076923,3.0,2.0,204190.7999999999,6586.800000000001,1796.4,1197.6000000000001,95.95000000000003,29.940000000000015,95.95,95.95,29.94,29.94,29.94,29.94,7140.0,60.0,40.0,220.0,6820.0,213771.59999999992,341,266.0,63.0,42.0,29.939999999999987,29.939999999999987,29.940000000000005,29.94,29.940000000000005,20.0,0.9523809523809523,0.8270676691729323,0.9523809523809523,22.0,22.0,31
37,2020,6,208.0,66.13333333333334,6233.76,96.826,29.970000000000017,76.30492222222225,20.0,2.6666666666666665,8.911111111111108,102.39733333333331,102.39733333333331,91.25466666666665,29.97000000000002,111.93288461538461,113.53999999999998,113.53999999999998,10.266666666666667,9.692307692307692,3.0,3.0,184615.2,2397.6,0.0,0.0,113.53999999999999,29.970000000000017,113.54,113.54,103.09375,29.97,113.54,113.54,6240.0,0.0,0.0,80.0,6160.0,187012.80000000002,308,252.0,66.0,66.0,29.970000000000002,29.970000000000002,29.97,,,20.0,0.0,0.31746031746031744,0.0,23.0,23.0,30
38,2020,7,842.5806451612904,68.7741935483871,74471.38064516129,91.61999999999999,29.940000000000015,73.44346774193546,46.12903225806452,20.0,36.92741935483871,97.0916129032258,97.0916129032258,87.14322580645161,29.940000000000026,105.6122222222222,107.03999999999998,107.03999999999998,10.064516129032258,9.703703703703704,3.0,3.0,186825.59999999992,1383211.2,369288.0,369288.0,107.03999999999999,29.940000000000015,107.04,107.04,97.4025,29.94,107.04,107.04,26120.0,3450.0,3450.0,12980.0,6240.0,2308612.8,312,262.0,69.0,69.0,88.3848698315467,29.939999999999987,106.56480739599384,107.04,107.04,20.0,50.0,49.541984732824424,50.0,21.0,21.0,31
39,2020,8,220.0,70.83870967741936,6586.7999999999965,91.612,29.94000000000001,70.32935752688171,20.0,3.225806451612903,9.521505376344082,94.5961290322581,94.5961290322581,82.16225806451617,29.940000000000026,105.17687500000004,107.03,107.03,10.838709677419354,9.615384615384615,3.0,3.0,201196.7999999999,2994.0000000000005,0.0,0.0,107.03,29.940000000000015,107.03000000000002,107.03000000000002,97.39375,29.94,107.03000000000002,107.03000000000002,6820.0,0.0,0.0,100.0,6720.0,204190.7999999999,336,250.0,63.0,63.0,29.939999999999987,29.939999999999984,29.940000000000005,,,20.0,0.0,0.4,0.0,22.0,22.0,31
40,2020,9,208.0,67.73333333333333,5187.519999999999,84.98800000000001,24.94000000000001,66.89020000000002,20.0,2.6666666666666665,8.82222222222222,89.992,89.992,79.98400000000001,24.940000000000015,100.0,100.0,100.0,10.4,10.384615384615385,3.0,2.0,155625.59999999995,0.0,0.0,0.0,100.0,24.94000000000001,100.0,100.0,100.0,24.94,100.0,100.0,6240.0,0.0,0.0,0.0,6240.0,155625.59999999995,312,270.0,66.0,44.0,24.93999999999999,24.93999999999999,,,,20.0,0.0,0.0,0.0,22.0,22.0,30
41,2020,10,209.67741935483872,70.06451612903226,5648.709677419353,85.388,26.940000000000005,66.61236559139789,20.0,2.5806451612903225,9.139784946236556,90.57290322580646,90.57290322580646,78.78903225806454,26.940000000000023,100.0,100.0,100.0,10.483870967741936,10.25925925925926,3.0,2.0,175109.99999999994,0.0,0.0,0.0,100.0,26.940000000000012,100.0,100.0,100.0,26.94,100.0,100.0,6500.0,0.0,0.0,0.0,6500.0,175109.99999999994,325,277.0,66.0,44.0,26.93999999999999,26.93999999999999,,,,20.0,0.0,0.0,0.0,21.0,21.0,31
42,2020,11,218.66666666666666,69.2,6546.8799999999965,101.98800000000001,29.94000000000001,77.24651666666666,20.0,3.3333333333333335,9.494444444444442,104.99000000000001,104.99000000000001,92.98200000000001,29.940000000000023,120.0,120.0,120.0,10.933333333333334,10.36,3.0,2.0,196406.3999999999,0.0,0.0,0.0,120.0,29.940000000000015,120.0,120.0,120.0,29.94,120.0,120.0,6560.0,0.0,0.0,0.0,6560.0,196406.3999999999,328,259.0,63.0,42.0,29.939999999999987,29.939999999999987,,,,20.0,0.0,0.0,0.0,23.0,23.0,30
43,2020,12,218.70967741935485,67.48387096774194,9828.812903225806,88.98800000000001,44.940000000000026,74.43854301075272,20.0,3.870967741935484,9.28494623655914,89.34322580645163,89.34322580645163,84.01483870967743,44.94000000000003,95.92148148148148,97.60608695652174,97.60608695652174,10.193548387096774,10.407407407407407,3.0,2.0,284020.79999999993,16178.4,2696.3999999999996,1797.6,100.0,44.940000000000026,100.0,100.0,44.94,44.94,44.94,44.94,6780.0,60.0,40.0,360.0,6320.0,304693.19999999995,316,281.0,69.0,46.0,44.93999999999999,44.93999999999999,44.94,44.93999999999999,44.94,20.0,0.8695652173913043,1.2811387900355873,0.8695652173913043,21.0,21.0,31
44,2021,1,230.32258064516128,72.25806451612904,10120.374193548387,88.78800000000001,43.94000000000002,71.51790322580645,20.0,3.870967741935484,10.161290322580646,89.14967741935484,89.14967741935484,80.10774193548387,44.504609546051704,96.30373626373625,97.33047619047619,97.33047619047619,11.0,10.23076923076923,3.0,2.0,295276.7999999998,14060.799999999996,2636.3999999999996,1757.6,100.0,48.25230769230769,100.0,100.0,43.94,43.94,43.94,43.94,7140.0,60.0,40.0,320.0,6720.0,313731.6,341,266.0,63.0,42.0,43.94,43.93999999999997,43.93999999999998,43.93999999999999,43.94,19.70674486803519,0.9523809523809523,1.2030075187969924,0.9523809523809523,20.0,20.0,31
45,2021,2,116.1714285714285,70.14285714285714,5568.096571428572,89.58600000000001,47.92999999999998,75.88663095238098,10.699999999999994,1.5285714285714285,4.9551190476190445,92.56142857142856,92.56142857142856,85.12285714285713,48.36756302521008,98.76023809523811,100.0,100.0,10.857142857142858,10.333333333333334,3.0,2.0,153855.30000000002,2051.404,0.0,0.0,100.0,50.99294117647057,100.0,100.0,92.56142857142856,47.92999999999998,100.0,100.0,3252.7999999999984,0.0,0.0,42.8,3209.999999999998,155906.70400000003,304,248.0,60.0,40.0,47.930000000000035,47.930000000000035,47.93,,,10.559210526315784,0.0,0.17258064516129032,0.0,23.0,23.0,28
46,2021,3,203.8709677419355,65.29032258064517,10187.432258064517,89.994,49.97000000000001,78.1051505376344,20.0,2.5806451612903225,8.752688172043008,93.54451612903225,93.54451612903225,87.0890322580645,50.34973434535106,98.94116402116403,100.0,100.0,10.193548387096774,10.407407407407407,3.0,2.0,311812.80000000005,3997.6,0.0,0.0,100.0,52.9129411764706,100.0,100.0,92.85285714285715,49.97,100.0,100.0,6320.0,0.0,0.0,80.0,6240.0,315810.4,316,281.0,69.0,46.0,49.970000000000006,49.970000000000006,49.97,,,19.746835443037973,0.0,0.2846975088967972,0.0,22.0,22.0,31
47,2021,4,229.33333333333334,69.06666666666666,9161.866666666667,87.99000000000001,39.95000000000001,70.27525000000001,20.0,4.0,9.899999999999999,87.99,87.99,79.98333333333333,39.950000000000024,95.38076923076923,94.5409090909091,94.5409090909091,10.4,10.384615384615385,3.0,2.0,249288.0,17578.0,4794.0,3196.0,100.0,39.95000000000002,100.0,100.0,39.949999999999996,39.949999999999996,39.95,39.95,6880.0,120.0,80.0,440.0,6240.0,274856.0,312,270.0,66.0,44.0,39.95,39.95,39.95,39.95,39.95,20.0,1.8181818181818181,1.6296296296296295,1.8181818181818181,21.0,21.0,30
48,2021,5,224.51612903225808,70.83870967741936,8969.41935483871,87.99000000000001,39.95000000000001,70.73369623655917,20.0,3.870967741935484,9.747311827956988,88.37741935483871,88.37741935483871,80.62903225806451,39.950000000000024,97.6903846153846,100.0,100.0,11.0,10.23076923076923,3.0,2.0,272459.0,5593.0,0.0,0.0,100.0,39.95000000000002,100.0,100.0,39.949999999999996,39.949999999999996,100.0,100.0,6960.0,0.0,0.0,140.0,6820.0,278052.0,341,266.0,63.0,42.0,39.95,39.95,39.95,,,20.0,0.0,0.5263157894736842,0.0,,,31
