{"data":[{"AreaShortName":"ZAMN","AreaPrice":26.06,"AreaColor":null},{"AreaShortName":"ZAMM","AreaPrice":26.06,"AreaColor":null},{"AreaShortName":"ANG","AreaPrice":0,"AreaColor":null},{"AreaShortName":"BOT","AreaPrice":26.06,"AreaColor":null},{"AreaShortName":"DRC","AreaPrice":26.06,"AreaColor":null},{"AreaShortName":"LES","AreaPrice":26.06,"AreaColor":null},{"AreaShortName":"MAL","AreaPrice":0,"AreaColor":null},{"AreaShortName":"MOZS","AreaPrice":26.06,"AreaColor":null},{"AreaShortName":"NAM","AreaPrice":26.06,"AreaColor":null},{"AreaShortName":"RSAN","AreaPrice":26.06,"AreaColor":null},{"AreaShortName":"RSAS","AreaPrice":26.06,"AreaColor":null},{"AreaShortName":"TAN","AreaPrice":0,"AreaColor":null},{"AreaShortName":"ZAMZ","AreaPrice":26.06,"AreaColor":null},{"AreaShortName":"ZIM","AreaPrice":26.06,"AreaColor":null},{"AreaShortName":"ZIMA","AreaPrice":26.06,"AreaColor":null},{"AreaShortName":"ZAMC","AreaPrice":26.06,"AreaColor":null},{"AreaShortName":"MOZN_EDM","AreaPrice":26.06,"AreaColor":null},{"AreaShortName":"MOZN_HCB","AreaPrice":26.06,"AreaColor":null},{"AreaShortName":"MOZC_EDM","AreaPrice":26.06,"AreaColor":null},{"AreaShortName":"ESW","AreaPrice":26.06,"AreaColor":null},{"AreaShortName":"ZAML","AreaPrice":26.06,"AreaColor":null}],"success":true,"error":"","avgPRZAR":1160.82,"avgPRUSD":57.68,"dateToday":"2023/05/14","currenrPrice":57.68,"matchVolume":0,"tradeVolume":0,"rate":0,"mapColors":[{"ColorName":"Red","RGB1":"rgb(168,70,91)","RGB2":"rgb(89,0,19)","AreaName":"ZAMN"},{"ColorName":"Red","RGB1":"rgb(168,70,91)","RGB2":"rgb(89,0,19)","AreaName":"ZAMM"},{"ColorName":"Red","RGB1":"rgb(168,70,91)","RGB2":"rgb(89,0,19)","AreaName":"BOT"},{"ColorName":"Red","RGB1":"rgb(168,70,91)","RGB2":"rgb(89,0,19)","AreaName":"DRC"},{"ColorName":"Red","RGB1":"rgb(168,70,91)","RGB2":"rgb(89,0,19)","AreaName":"LES"},{"ColorName":"Red","RGB1":"rgb(168,70,91)","RGB2":"rgb(89,0,19)","AreaName":"MOZS"},{"ColorName":"Red","RGB1":"rgb(168,70,91)","RGB2":"rgb(89,0,19)","AreaName":"NAM"},{"ColorName":"Red","RGB1":"rgb(168,70,91)","RGB2":"rgb(89,0,19)","AreaName":"RSAN"},{"ColorName":"Red","RGB1":"rgb(168,70,91)","RGB2":"rgb(89,0,19)","AreaName":"RSAS"},{"ColorName":"Red","RGB1":"rgb(168,70,91)","RGB2":"rgb(89,0,19)","AreaName":"ZAMZ"},{"ColorName":"Red","RGB1":"rgb(168,70,91)","RGB2":"rgb(89,0,19)","AreaName":"ZIM"},{"ColorName":"Red","RGB1":"rgb(168,70,91)","RGB2":"rgb(89,0,19)","AreaName":"ZIMA"},{"ColorName":"Red","RGB1":"rgb(168,70,91)","RGB2":"rgb(89,0,19)","AreaName":"ZAMC"},{"ColorName":"Red","RGB1":"rgb(168,70,91)","RGB2":"rgb(89,0,19)","AreaName":"MOZN_EDM"},{"ColorName":"Red","RGB1":"rgb(168,70,91)","RGB2":"rgb(89,0,19)","AreaName":"MOZN_HCB"},{"ColorName":"Red","RGB1":"rgb(168,70,91)","RGB2":"rgb(89,0,19)","AreaName":"MOZC_EDM"},{"ColorName":"Red","RGB1":"rgb(168,70,91)","RGB2":"rgb(89,0,19)","AreaName":"ESW"},{"ColorName":"Red","RGB1":"rgb(168,70,91)","RGB2":"rgb(89,0,19)","AreaName":"ZAML"},{"ColorName":"Yellow","RGB1":"rgb(249,198,103)","RGB2":"rgb(249,116,0)","AreaName":"ANG"},{"ColorName":"Yellow","RGB1":"rgb(249,198,103)","RGB2":"rgb(249,116,0)","AreaName":"MAL"},{"ColorName":"Yellow","RGB1":"rgb(249,198,103)","RGB2":"rgb(249,116,0)","AreaName":"TAN"}],"excelData":[["Area Name","Price"],["ZAMN",26.06],["ZAMM",26.06],["ANG",0],["BOT",26.06],["DRC",26.06],["LES",26.06],["MAL",0],["MOZS",26.06],["NAM",26.06],["RSAN",26.06],["RSAS",26.06],["TAN",0],["ZAMZ",26.06],["ZIM",26.06],["ZIMA",26.06],["ZAMC",26.06],["MOZN_EDM",26.06],["MOZN_HCB",26.06],["MOZC_EDM",26.06],["ESW",26.06],["ZAML",26.06]]}