{"data":[{"AreaShortName":"ZAMN","AreaPrice":298.11,"AreaColor":null},{"AreaShortName":"ZAMM","AreaPrice":298.11,"AreaColor":null},{"AreaShortName":"ANG","AreaPrice":0,"AreaColor":null},{"AreaShortName":"BOT","AreaPrice":298.11,"AreaColor":null},{"AreaShortName":"DRC","AreaPrice":298.11,"AreaColor":null},{"AreaShortName":"LES","AreaPrice":298.11,"AreaColor":null},{"AreaShortName":"MAL","AreaPrice":0,"AreaColor":null},{"AreaShortName":"MOZS","AreaPrice":298.11,"AreaColor":null},{"AreaShortName":"NAM","AreaPrice":298.11,"AreaColor":null},{"AreaShortName":"RSAN","AreaPrice":298.11,"AreaColor":null},{"AreaShortName":"RSAS","AreaPrice":298.11,"AreaColor":null},{"AreaShortName":"TAN","AreaPrice":0,"AreaColor":null},{"AreaShortName":"ZAMZ","AreaPrice":298.11,"AreaColor":null},{"AreaShortName":"ZIM","AreaPrice":298.11,"AreaColor":null},{"AreaShortName":"ZIMA","AreaPrice":298.11,"AreaColor":null},{"AreaShortName":"ZAMC","AreaPrice":298.11,"AreaColor":null},{"AreaShortName":"MOZN_EDM","AreaPrice":298.11,"AreaColor":null},{"AreaShortName":"MOZN_HCB","AreaPrice":298.11,"AreaColor":null},{"AreaShortName":"MOZC_EDM","AreaPrice":298.11,"AreaColor":null},{"AreaShortName":"ESW","AreaPrice":298.11,"AreaColor":null},{"AreaShortName":"ZAML","AreaPrice":298.11,"AreaColor":null}],"success":true,"error":"","avgPRZAR":1160.82,"avgPRUSD":57.68,"dateToday":"2023/05/14","currenrPrice":57.68,"matchVolume":0,"tradeVolume":0,"rate":0,"mapColors":[{"ColorName":"Red","RGB1":"rgb(168,70,91)","RGB2":"rgb(89,0,19)","AreaName":"ZAMN"},{"ColorName":"Red","RGB1":"rgb(168,70,91)","RGB2":"rgb(89,0,19)","AreaName":"ZAMM"},{"ColorName":"Red","RGB1":"rgb(168,70,91)","RGB2":"rgb(89,0,19)","AreaName":"BOT"},{"ColorName":"Red","RGB1":"rgb(168,70,91)","RGB2":"rgb(89,0,19)","AreaName":"DRC"},{"ColorName":"Red","RGB1":"rgb(168,70,91)","RGB2":"rgb(89,0,19)","AreaName":"LES"},{"ColorName":"Red","RGB1":"rgb(168,70,91)","RGB2":"rgb(89,0,19)","AreaName":"MOZS"},{"ColorName":"Red","RGB1":"rgb(168,70,91)","RGB2":"rgb(89,0,19)","AreaName":"NAM"},{"ColorName":"Red","RGB1":"rgb(168,70,91)","RGB2":"rgb(89,0,19)","AreaName":"RSAN"},{"ColorName":"Red","RGB1":"rgb(168,70,91)","RGB2":"rgb(89,0,19)","AreaName":"RSAS"},{"ColorName":"Red","RGB1":"rgb(168,70,91)","RGB2":"rgb(89,0,19)","AreaName":"ZAMZ"},{"ColorName":"Red","RGB1":"rgb(168,70,91)","RGB2":"rgb(89,0,19)","AreaName":"ZIM"},{"ColorName":"Red","RGB1":"rgb(168,70,91)","RGB2":"rgb(89,0,19)","AreaName":"ZIMA"},{"ColorName":"Red","RGB1":"rgb(168,70,91)","RGB2":"rgb(89,0,19)","AreaName":"ZAMC"},{"ColorName":"Red","RGB1":"rgb(168,70,91)","RGB2":"rgb(89,0,19)","AreaName":"MOZN_EDM"},{"ColorName":"Red","RGB1":"rgb(168,70,91)","RGB2":"rgb(89,0,19)","AreaName":"MOZN_HCB"},{"ColorName":"Red","RGB1":"rgb(168,70,91)","RGB2":"rgb(89,0,19)","AreaName":"MOZC_EDM"},{"ColorName":"Red","RGB1":"rgb(168,70,91)","RGB2":"rgb(89,0,19)","AreaName":"ESW"},{"ColorName":"Red","RGB1":"rgb(168,70,91)","RGB2":"rgb(89,0,19)","AreaName":"ZAML"},{"ColorName":"Yellow","RGB1":"rgb(249,198,103)","RGB2":"rgb(249,116,0)","AreaName":"ANG"},{"ColorName":"Yellow","RGB1":"rgb(249,198,103)","RGB2":"rgb(249,116,0)","AreaName":"MAL"},{"ColorName":"Yellow","RGB1":"rgb(249,198,103)","RGB2":"rgb(249,116,0)","AreaName":"TAN"}],"excelData":[["Area Name","Price"],["ZAMN",298.11],["ZAMM",298.11],["ANG",0],["BOT",298.11],["DRC",298.11],["LES",298.11],["MAL",0],["MOZS",298.11],["NAM",298.11],["RSAN",298.11],["RSAS",298.11],["TAN",0],["ZAMZ",298.11],["ZIM",298.11],["ZIMA",298.11],["ZAMC",298.11],["MOZN_EDM",298.11],["MOZN_HCB",298.11],["MOZC_EDM",298.11],["ESW",298.11],["ZAML",298.11]]}