{"data":[{"AreaShortName":"ZAMN","AreaPrice":32.05,"AreaColor":null},{"AreaShortName":"ZAMM","AreaPrice":32.05,"AreaColor":null},{"AreaShortName":"ANG","AreaPrice":0,"AreaColor":null},{"AreaShortName":"BOT","AreaPrice":32.05,"AreaColor":null},{"AreaShortName":"DRC","AreaPrice":32.05,"AreaColor":null},{"AreaShortName":"LES","AreaPrice":32.05,"AreaColor":null},{"AreaShortName":"MAL","AreaPrice":0,"AreaColor":null},{"AreaShortName":"MOZS","AreaPrice":32.05,"AreaColor":null},{"AreaShortName":"NAM","AreaPrice":32.05,"AreaColor":null},{"AreaShortName":"RSAN","AreaPrice":32.05,"AreaColor":null},{"AreaShortName":"RSAS","AreaPrice":32.05,"AreaColor":null},{"AreaShortName":"TAN","AreaPrice":0,"AreaColor":null},{"AreaShortName":"ZAMZ","AreaPrice":32.05,"AreaColor":null},{"AreaShortName":"ZIM","AreaPrice":32.05,"AreaColor":null},{"AreaShortName":"ZIMA","AreaPrice":32.05,"AreaColor":null},{"AreaShortName":"ZAMC","AreaPrice":32.05,"AreaColor":null},{"AreaShortName":"MOZN_EDM","AreaPrice":32.05,"AreaColor":null},{"AreaShortName":"MOZN_HCB","AreaPrice":32.05,"AreaColor":null},{"AreaShortName":"MOZC_EDM","AreaPrice":32.05,"AreaColor":null},{"AreaShortName":"ESW","AreaPrice":32.05,"AreaColor":null},{"AreaShortName":"ZAML","AreaPrice":32.05,"AreaColor":null}],"success":true,"error":"","avgPRZAR":1317.22,"avgPRUSD":65.45,"dateToday":"2023/05/13","currenrPrice":65.45,"matchVolume":0,"tradeVolume":0,"rate":0,"mapColors":[{"ColorName":"Red","RGB1":"rgb(168,70,91)","RGB2":"rgb(89,0,19)","AreaName":"ZAMN"},{"ColorName":"Red","RGB1":"rgb(168,70,91)","RGB2":"rgb(89,0,19)","AreaName":"ZAMM"},{"ColorName":"Red","RGB1":"rgb(168,70,91)","RGB2":"rgb(89,0,19)","AreaName":"BOT"},{"ColorName":"Red","RGB1":"rgb(168,70,91)","RGB2":"rgb(89,0,19)","AreaName":"DRC"},{"ColorName":"Red","RGB1":"rgb(168,70,91)","RGB2":"rgb(89,0,19)","AreaName":"LES"},{"ColorName":"Red","RGB1":"rgb(168,70,91)","RGB2":"rgb(89,0,19)","AreaName":"MOZS"},{"ColorName":"Red","RGB1":"rgb(168,70,91)","RGB2":"rgb(89,0,19)","AreaName":"NAM"},{"ColorName":"Red","RGB1":"rgb(168,70,91)","RGB2":"rgb(89,0,19)","AreaName":"RSAN"},{"ColorName":"Red","RGB1":"rgb(168,70,91)","RGB2":"rgb(89,0,19)","AreaName":"RSAS"},{"ColorName":"Red","RGB1":"rgb(168,70,91)","RGB2":"rgb(89,0,19)","AreaName":"ZAMZ"},{"ColorName":"Red","RGB1":"rgb(168,70,91)","RGB2":"rgb(89,0,19)","AreaName":"ZIM"},{"ColorName":"Red","RGB1":"rgb(168,70,91)","RGB2":"rgb(89,0,19)","AreaName":"ZIMA"},{"ColorName":"Red","RGB1":"rgb(168,70,91)","RGB2":"rgb(89,0,19)","AreaName":"ZAMC"},{"ColorName":"Red","RGB1":"rgb(168,70,91)","RGB2":"rgb(89,0,19)","AreaName":"MOZN_EDM"},{"ColorName":"Red","RGB1":"rgb(168,70,91)","RGB2":"rgb(89,0,19)","AreaName":"MOZN_HCB"},{"ColorName":"Red","RGB1":"rgb(168,70,91)","RGB2":"rgb(89,0,19)","AreaName":"MOZC_EDM"},{"ColorName":"Red","RGB1":"rgb(168,70,91)","RGB2":"rgb(89,0,19)","AreaName":"ESW"},{"ColorName":"Red","RGB1":"rgb(168,70,91)","RGB2":"rgb(89,0,19)","AreaName":"ZAML"},{"ColorName":"Yellow","RGB1":"rgb(249,198,103)","RGB2":"rgb(249,116,0)","AreaName":"ANG"},{"ColorName":"Yellow","RGB1":"rgb(249,198,103)","RGB2":"rgb(249,116,0)","AreaName":"MAL"},{"ColorName":"Yellow","RGB1":"rgb(249,198,103)","RGB2":"rgb(249,116,0)","AreaName":"TAN"}],"excelData":[["Area Name","Price"],["ZAMN",32.05],["ZAMM",32.05],["ANG",0],["BOT",32.05],["DRC",32.05],["LES",32.05],["MAL",0],["MOZS",32.05],["NAM",32.05],["RSAN",32.05],["RSAS",32.05],["TAN",0],["ZAMZ",32.05],["ZIM",32.05],["ZIMA",32.05],["ZAMC",32.05],["MOZN_EDM",32.05],["MOZN_HCB",32.05],["MOZC_EDM",32.05],["ESW",32.05],["ZAML",32.05]]}