{"data":[{"AreaShortName":"ZAMN","AreaPrice":29.91,"AreaColor":null},{"AreaShortName":"ZAMM","AreaPrice":29.91,"AreaColor":null},{"AreaShortName":"ANG","AreaPrice":0,"AreaColor":null},{"AreaShortName":"BOT","AreaPrice":29.91,"AreaColor":null},{"AreaShortName":"DRC","AreaPrice":29.91,"AreaColor":null},{"AreaShortName":"LES","AreaPrice":29.91,"AreaColor":null},{"AreaShortName":"MAL","AreaPrice":0,"AreaColor":null},{"AreaShortName":"MOZS","AreaPrice":29.91,"AreaColor":null},{"AreaShortName":"NAM","AreaPrice":29.91,"AreaColor":null},{"AreaShortName":"RSAN","AreaPrice":29.91,"AreaColor":null},{"AreaShortName":"RSAS","AreaPrice":29.91,"AreaColor":null},{"AreaShortName":"TAN","AreaPrice":0,"AreaColor":null},{"AreaShortName":"ZAMZ","AreaPrice":29.91,"AreaColor":null},{"AreaShortName":"ZIM","AreaPrice":29.91,"AreaColor":null},{"AreaShortName":"ZIMA","AreaPrice":29.91,"AreaColor":null},{"AreaShortName":"ZAMC","AreaPrice":29.91,"AreaColor":null},{"AreaShortName":"MOZN_EDM","AreaPrice":29.91,"AreaColor":null},{"AreaShortName":"MOZN_HCB","AreaPrice":29.91,"AreaColor":null},{"AreaShortName":"MOZC_EDM","AreaPrice":29.91,"AreaColor":null},{"AreaShortName":"ESW","AreaPrice":29.91,"AreaColor":null},{"AreaShortName":"ZAML","AreaPrice":29.91,"AreaColor":null}],"success":true,"error":"","avgPRZAR":1317.22,"avgPRUSD":65.45,"dateToday":"2023/05/13","currenrPrice":65.45,"matchVolume":0,"tradeVolume":0,"rate":0,"mapColors":[{"ColorName":"Red","RGB1":"rgb(168,70,91)","RGB2":"rgb(89,0,19)","AreaName":"ZAMN"},{"ColorName":"Red","RGB1":"rgb(168,70,91)","RGB2":"rgb(89,0,19)","AreaName":"ZAMM"},{"ColorName":"Red","RGB1":"rgb(168,70,91)","RGB2":"rgb(89,0,19)","AreaName":"BOT"},{"ColorName":"Red","RGB1":"rgb(168,70,91)","RGB2":"rgb(89,0,19)","AreaName":"DRC"},{"ColorName":"Red","RGB1":"rgb(168,70,91)","RGB2":"rgb(89,0,19)","AreaName":"LES"},{"ColorName":"Red","RGB1":"rgb(168,70,91)","RGB2":"rgb(89,0,19)","AreaName":"MOZS"},{"ColorName":"Red","RGB1":"rgb(168,70,91)","RGB2":"rgb(89,0,19)","AreaName":"NAM"},{"ColorName":"Red","RGB1":"rgb(168,70,91)","RGB2":"rgb(89,0,19)","AreaName":"RSAN"},{"ColorName":"Red","RGB1":"rgb(168,70,91)","RGB2":"rgb(89,0,19)","AreaName":"RSAS"},{"ColorName":"Red","RGB1":"rgb(168,70,91)","RGB2":"rgb(89,0,19)","AreaName":"ZAMZ"},{"ColorName":"Red","RGB1":"rgb(168,70,91)","RGB2":"rgb(89,0,19)","AreaName":"ZIM"},{"ColorName":"Red","RGB1":"rgb(168,70,91)","RGB2":"rgb(89,0,19)","AreaName":"ZIMA"},{"ColorName":"Red","RGB1":"rgb(168,70,91)","RGB2":"rgb(89,0,19)","AreaName":"ZAMC"},{"ColorName":"Red","RGB1":"rgb(168,70,91)","RGB2":"rgb(89,0,19)","AreaName":"MOZN_EDM"},{"ColorName":"Red","RGB1":"rgb(168,70,91)","RGB2":"rgb(89,0,19)","AreaName":"MOZN_HCB"},{"ColorName":"Red","RGB1":"rgb(168,70,91)","RGB2":"rgb(89,0,19)","AreaName":"MOZC_EDM"},{"ColorName":"Red","RGB1":"rgb(168,70,91)","RGB2":"rgb(89,0,19)","AreaName":"ESW"},{"ColorName":"Red","RGB1":"rgb(168,70,91)","RGB2":"rgb(89,0,19)","AreaName":"ZAML"},{"ColorName":"Yellow","RGB1":"rgb(249,198,103)","RGB2":"rgb(249,116,0)","AreaName":"ANG"},{"ColorName":"Yellow","RGB1":"rgb(249,198,103)","RGB2":"rgb(249,116,0)","AreaName":"MAL"},{"ColorName":"Yellow","RGB1":"rgb(249,198,103)","RGB2":"rgb(249,116,0)","AreaName":"TAN"}],"excelData":[["Area Name","Price"],["ZAMN",29.91],["ZAMM",29.91],["ANG",0],["BOT",29.91],["DRC",29.91],["LES",29.91],["MAL",0],["MOZS",29.91],["NAM",29.91],["RSAN",29.91],["RSAS",29.91],["TAN",0],["ZAMZ",29.91],["ZIM",29.91],["ZIMA",29.91],["ZAMC",29.91],["MOZN_EDM",29.91],["MOZN_HCB",29.91],["MOZC_EDM",29.91],["ESW",29.91],["ZAML",29.91]]}