{"data":[{"AreaShortName":"ZAMN","AreaPrice":15.42,"AreaColor":null},{"AreaShortName":"ZAMM","AreaPrice":15.42,"AreaColor":null},{"AreaShortName":"ANG","AreaPrice":0,"AreaColor":null},{"AreaShortName":"BOT","AreaPrice":15.42,"AreaColor":null},{"AreaShortName":"DRC","AreaPrice":15.42,"AreaColor":null},{"AreaShortName":"LES","AreaPrice":15.42,"AreaColor":null},{"AreaShortName":"MAL","AreaPrice":0,"AreaColor":null},{"AreaShortName":"MOZS","AreaPrice":15.42,"AreaColor":null},{"AreaShortName":"NAM","AreaPrice":15.42,"AreaColor":null},{"AreaShortName":"RSAN","AreaPrice":15.42,"AreaColor":null},{"AreaShortName":"RSAS","AreaPrice":15.42,"AreaColor":null},{"AreaShortName":"TAN","AreaPrice":0,"AreaColor":null},{"AreaShortName":"ZAMZ","AreaPrice":15.42,"AreaColor":null},{"AreaShortName":"ZIM","AreaPrice":15.42,"AreaColor":null},{"AreaShortName":"ZIMA","AreaPrice":15.42,"AreaColor":null},{"AreaShortName":"ZAMC","AreaPrice":15.42,"AreaColor":null},{"AreaShortName":"MOZN_EDM","AreaPrice":15.42,"AreaColor":null},{"AreaShortName":"MOZN_HCB","AreaPrice":15.42,"AreaColor":null},{"AreaShortName":"MOZC_EDM","AreaPrice":15.42,"AreaColor":null},{"AreaShortName":"ESW","AreaPrice":15.42,"AreaColor":null},{"AreaShortName":"ZAML","AreaPrice":15.42,"AreaColor":null}],"success":true,"error":"","avgPRZAR":1317.22,"avgPRUSD":65.45,"dateToday":"2023/05/13","currenrPrice":65.45,"matchVolume":0,"tradeVolume":0,"rate":0,"mapColors":[{"ColorName":"Red","RGB1":"rgb(168,70,91)","RGB2":"rgb(89,0,19)","AreaName":"ZAMN"},{"ColorName":"Red","RGB1":"rgb(168,70,91)","RGB2":"rgb(89,0,19)","AreaName":"ZAMM"},{"ColorName":"Red","RGB1":"rgb(168,70,91)","RGB2":"rgb(89,0,19)","AreaName":"BOT"},{"ColorName":"Red","RGB1":"rgb(168,70,91)","RGB2":"rgb(89,0,19)","AreaName":"DRC"},{"ColorName":"Red","RGB1":"rgb(168,70,91)","RGB2":"rgb(89,0,19)","AreaName":"LES"},{"ColorName":"Red","RGB1":"rgb(168,70,91)","RGB2":"rgb(89,0,19)","AreaName":"MOZS"},{"ColorName":"Red","RGB1":"rgb(168,70,91)","RGB2":"rgb(89,0,19)","AreaName":"NAM"},{"ColorName":"Red","RGB1":"rgb(168,70,91)","RGB2":"rgb(89,0,19)","AreaName":"RSAN"},{"ColorName":"Red","RGB1":"rgb(168,70,91)","RGB2":"rgb(89,0,19)","AreaName":"RSAS"},{"ColorName":"Red","RGB1":"rgb(168,70,91)","RGB2":"rgb(89,0,19)","AreaName":"ZAMZ"},{"ColorName":"Red","RGB1":"rgb(168,70,91)","RGB2":"rgb(89,0,19)","AreaName":"ZIM"},{"ColorName":"Red","RGB1":"rgb(168,70,91)","RGB2":"rgb(89,0,19)","AreaName":"ZIMA"},{"ColorName":"Red","RGB1":"rgb(168,70,91)","RGB2":"rgb(89,0,19)","AreaName":"ZAMC"},{"ColorName":"Red","RGB1":"rgb(168,70,91)","RGB2":"rgb(89,0,19)","AreaName":"MOZN_EDM"},{"ColorName":"Red","RGB1":"rgb(168,70,91)","RGB2":"rgb(89,0,19)","AreaName":"MOZN_HCB"},{"ColorName":"Red","RGB1":"rgb(168,70,91)","RGB2":"rgb(89,0,19)","AreaName":"MOZC_EDM"},{"ColorName":"Red","RGB1":"rgb(168,70,91)","RGB2":"rgb(89,0,19)","AreaName":"ESW"},{"ColorName":"Red","RGB1":"rgb(168,70,91)","RGB2":"rgb(89,0,19)","AreaName":"ZAML"},{"ColorName":"Yellow","RGB1":"rgb(249,198,103)","RGB2":"rgb(249,116,0)","AreaName":"ANG"},{"ColorName":"Yellow","RGB1":"rgb(249,198,103)","RGB2":"rgb(249,116,0)","AreaName":"MAL"},{"ColorName":"Yellow","RGB1":"rgb(249,198,103)","RGB2":"rgb(249,116,0)","AreaName":"TAN"}],"excelData":[["Area Name","Price"],["ZAMN",15.42],["ZAMM",15.42],["ANG",0],["BOT",15.42],["DRC",15.42],["LES",15.42],["MAL",0],["MOZS",15.42],["NAM",15.42],["RSAN",15.42],["RSAS",15.42],["TAN",0],["ZAMZ",15.42],["ZIM",15.42],["ZIMA",15.42],["ZAMC",15.42],["MOZN_EDM",15.42],["MOZN_HCB",15.42],["MOZC_EDM",15.42],["ESW",15.42],["ZAML",15.42]]}