{"data":[{"AreaShortName":"ZAMN","AreaPrice":297.99,"AreaColor":null},{"AreaShortName":"ZAMM","AreaPrice":297.99,"AreaColor":null},{"AreaShortName":"ANG","AreaPrice":0,"AreaColor":null},{"AreaShortName":"BOT","AreaPrice":297.99,"AreaColor":null},{"AreaShortName":"DRC","AreaPrice":297.99,"AreaColor":null},{"AreaShortName":"LES","AreaPrice":297.99,"AreaColor":null},{"AreaShortName":"MAL","AreaPrice":0,"AreaColor":null},{"AreaShortName":"MOZS","AreaPrice":297.99,"AreaColor":null},{"AreaShortName":"NAM","AreaPrice":297.99,"AreaColor":null},{"AreaShortName":"RSAN","AreaPrice":297.99,"AreaColor":null},{"AreaShortName":"RSAS","AreaPrice":297.99,"AreaColor":null},{"AreaShortName":"TAN","AreaPrice":0,"AreaColor":null},{"AreaShortName":"ZAMZ","AreaPrice":297.99,"AreaColor":null},{"AreaShortName":"ZIM","AreaPrice":297.99,"AreaColor":null},{"AreaShortName":"ZIMA","AreaPrice":297.99,"AreaColor":null},{"AreaShortName":"ZAMC","AreaPrice":297.99,"AreaColor":null},{"AreaShortName":"MOZN_EDM","AreaPrice":297.99,"AreaColor":null},{"AreaShortName":"MOZN_HCB","AreaPrice":297.99,"AreaColor":null},{"AreaShortName":"MOZC_EDM","AreaPrice":297.99,"AreaColor":null},{"AreaShortName":"ESW","AreaPrice":297.99,"AreaColor":null},{"AreaShortName":"ZAML","AreaPrice":297.99,"AreaColor":null}],"success":true,"error":"","avgPRZAR":1317.22,"avgPRUSD":65.45,"dateToday":"2023/05/13","currenrPrice":65.45,"matchVolume":0,"tradeVolume":0,"rate":0,"mapColors":[{"ColorName":"Red","RGB1":"rgb(168,70,91)","RGB2":"rgb(89,0,19)","AreaName":"ZAMN"},{"ColorName":"Red","RGB1":"rgb(168,70,91)","RGB2":"rgb(89,0,19)","AreaName":"ZAMM"},{"ColorName":"Red","RGB1":"rgb(168,70,91)","RGB2":"rgb(89,0,19)","AreaName":"BOT"},{"ColorName":"Red","RGB1":"rgb(168,70,91)","RGB2":"rgb(89,0,19)","AreaName":"DRC"},{"ColorName":"Red","RGB1":"rgb(168,70,91)","RGB2":"rgb(89,0,19)","AreaName":"LES"},{"ColorName":"Red","RGB1":"rgb(168,70,91)","RGB2":"rgb(89,0,19)","AreaName":"MOZS"},{"ColorName":"Red","RGB1":"rgb(168,70,91)","RGB2":"rgb(89,0,19)","AreaName":"NAM"},{"ColorName":"Red","RGB1":"rgb(168,70,91)","RGB2":"rgb(89,0,19)","AreaName":"RSAN"},{"ColorName":"Red","RGB1":"rgb(168,70,91)","RGB2":"rgb(89,0,19)","AreaName":"RSAS"},{"ColorName":"Red","RGB1":"rgb(168,70,91)","RGB2":"rgb(89,0,19)","AreaName":"ZAMZ"},{"ColorName":"Red","RGB1":"rgb(168,70,91)","RGB2":"rgb(89,0,19)","AreaName":"ZIM"},{"ColorName":"Red","RGB1":"rgb(168,70,91)","RGB2":"rgb(89,0,19)","AreaName":"ZIMA"},{"ColorName":"Red","RGB1":"rgb(168,70,91)","RGB2":"rgb(89,0,19)","AreaName":"ZAMC"},{"ColorName":"Red","RGB1":"rgb(168,70,91)","RGB2":"rgb(89,0,19)","AreaName":"MOZN_EDM"},{"ColorName":"Red","RGB1":"rgb(168,70,91)","RGB2":"rgb(89,0,19)","AreaName":"MOZN_HCB"},{"ColorName":"Red","RGB1":"rgb(168,70,91)","RGB2":"rgb(89,0,19)","AreaName":"MOZC_EDM"},{"ColorName":"Red","RGB1":"rgb(168,70,91)","RGB2":"rgb(89,0,19)","AreaName":"ESW"},{"ColorName":"Red","RGB1":"rgb(168,70,91)","RGB2":"rgb(89,0,19)","AreaName":"ZAML"},{"ColorName":"Yellow","RGB1":"rgb(249,198,103)","RGB2":"rgb(249,116,0)","AreaName":"ANG"},{"ColorName":"Yellow","RGB1":"rgb(249,198,103)","RGB2":"rgb(249,116,0)","AreaName":"MAL"},{"ColorName":"Yellow","RGB1":"rgb(249,198,103)","RGB2":"rgb(249,116,0)","AreaName":"TAN"}],"excelData":[["Area Name","Price"],["ZAMN",297.99],["ZAMM",297.99],["ANG",0],["BOT",297.99],["DRC",297.99],["LES",297.99],["MAL",0],["MOZS",297.99],["NAM",297.99],["RSAN",297.99],["RSAS",297.99],["TAN",0],["ZAMZ",297.99],["ZIM",297.99],["ZIMA",297.99],["ZAMC",297.99],["MOZN_EDM",297.99],["MOZN_HCB",297.99],["MOZC_EDM",297.99],["ESW",297.99],["ZAML",297.99]]}