{"data":[{"AreaShortName":"ZAMN","AreaPrice":295.38,"AreaColor":null},{"AreaShortName":"ZAMM","AreaPrice":295.38,"AreaColor":null},{"AreaShortName":"ANG","AreaPrice":0,"AreaColor":null},{"AreaShortName":"BOT","AreaPrice":295.38,"AreaColor":null},{"AreaShortName":"DRC","AreaPrice":295.38,"AreaColor":null},{"AreaShortName":"LES","AreaPrice":295.38,"AreaColor":null},{"AreaShortName":"MAL","AreaPrice":0,"AreaColor":null},{"AreaShortName":"MOZS","AreaPrice":295.38,"AreaColor":null},{"AreaShortName":"NAM","AreaPrice":295.38,"AreaColor":null},{"AreaShortName":"RSAN","AreaPrice":295.38,"AreaColor":null},{"AreaShortName":"RSAS","AreaPrice":295.38,"AreaColor":null},{"AreaShortName":"TAN","AreaPrice":0,"AreaColor":null},{"AreaShortName":"ZAMZ","AreaPrice":295.38,"AreaColor":null},{"AreaShortName":"ZIM","AreaPrice":295.38,"AreaColor":null},{"AreaShortName":"ZIMA","AreaPrice":295.38,"AreaColor":null},{"AreaShortName":"ZAMC","AreaPrice":295.38,"AreaColor":null},{"AreaShortName":"MOZN_EDM","AreaPrice":295.38,"AreaColor":null},{"AreaShortName":"MOZN_HCB","AreaPrice":295.38,"AreaColor":null},{"AreaShortName":"MOZC_EDM","AreaPrice":295.38,"AreaColor":null},{"AreaShortName":"ESW","AreaPrice":295.38,"AreaColor":null},{"AreaShortName":"ZAML","AreaPrice":295.38,"AreaColor":null}],"success":true,"error":"","avgPRZAR":1317.22,"avgPRUSD":65.45,"dateToday":"2023/05/13","currenrPrice":65.45,"matchVolume":0,"tradeVolume":0,"rate":0,"mapColors":[{"ColorName":"Red","RGB1":"rgb(168,70,91)","RGB2":"rgb(89,0,19)","AreaName":"ZAMN"},{"ColorName":"Red","RGB1":"rgb(168,70,91)","RGB2":"rgb(89,0,19)","AreaName":"ZAMM"},{"ColorName":"Red","RGB1":"rgb(168,70,91)","RGB2":"rgb(89,0,19)","AreaName":"BOT"},{"ColorName":"Red","RGB1":"rgb(168,70,91)","RGB2":"rgb(89,0,19)","AreaName":"DRC"},{"ColorName":"Red","RGB1":"rgb(168,70,91)","RGB2":"rgb(89,0,19)","AreaName":"LES"},{"ColorName":"Red","RGB1":"rgb(168,70,91)","RGB2":"rgb(89,0,19)","AreaName":"MOZS"},{"ColorName":"Red","RGB1":"rgb(168,70,91)","RGB2":"rgb(89,0,19)","AreaName":"NAM"},{"ColorName":"Red","RGB1":"rgb(168,70,91)","RGB2":"rgb(89,0,19)","AreaName":"RSAN"},{"ColorName":"Red","RGB1":"rgb(168,70,91)","RGB2":"rgb(89,0,19)","AreaName":"RSAS"},{"ColorName":"Red","RGB1":"rgb(168,70,91)","RGB2":"rgb(89,0,19)","AreaName":"ZAMZ"},{"ColorName":"Red","RGB1":"rgb(168,70,91)","RGB2":"rgb(89,0,19)","AreaName":"ZIM"},{"ColorName":"Red","RGB1":"rgb(168,70,91)","RGB2":"rgb(89,0,19)","AreaName":"ZIMA"},{"ColorName":"Red","RGB1":"rgb(168,70,91)","RGB2":"rgb(89,0,19)","AreaName":"ZAMC"},{"ColorName":"Red","RGB1":"rgb(168,70,91)","RGB2":"rgb(89,0,19)","AreaName":"MOZN_EDM"},{"ColorName":"Red","RGB1":"rgb(168,70,91)","RGB2":"rgb(89,0,19)","AreaName":"MOZN_HCB"},{"ColorName":"Red","RGB1":"rgb(168,70,91)","RGB2":"rgb(89,0,19)","AreaName":"MOZC_EDM"},{"ColorName":"Red","RGB1":"rgb(168,70,91)","RGB2":"rgb(89,0,19)","AreaName":"ESW"},{"ColorName":"Red","RGB1":"rgb(168,70,91)","RGB2":"rgb(89,0,19)","AreaName":"ZAML"},{"ColorName":"Yellow","RGB1":"rgb(249,198,103)","RGB2":"rgb(249,116,0)","AreaName":"ANG"},{"ColorName":"Yellow","RGB1":"rgb(249,198,103)","RGB2":"rgb(249,116,0)","AreaName":"MAL"},{"ColorName":"Yellow","RGB1":"rgb(249,198,103)","RGB2":"rgb(249,116,0)","AreaName":"TAN"}],"excelData":[["Area Name","Price"],["ZAMN",295.38],["ZAMM",295.38],["ANG",0],["BOT",295.38],["DRC",295.38],["LES",295.38],["MAL",0],["MOZS",295.38],["NAM",295.38],["RSAN",295.38],["RSAS",295.38],["TAN",0],["ZAMZ",295.38],["ZIM",295.38],["ZIMA",295.38],["ZAMC",295.38],["MOZN_EDM",295.38],["MOZN_HCB",295.38],["MOZC_EDM",295.38],["ESW",295.38],["ZAML",295.38]]}