{"data":[{"AreaShortName":"ZAMN","AreaPrice":24,"AreaColor":null},{"AreaShortName":"ZAMM","AreaPrice":24,"AreaColor":null},{"AreaShortName":"ANG","AreaPrice":0,"AreaColor":null},{"AreaShortName":"BOT","AreaPrice":24,"AreaColor":null},{"AreaShortName":"DRC","AreaPrice":24,"AreaColor":null},{"AreaShortName":"LES","AreaPrice":24,"AreaColor":null},{"AreaShortName":"MAL","AreaPrice":0,"AreaColor":null},{"AreaShortName":"MOZS","AreaPrice":24,"AreaColor":null},{"AreaShortName":"NAM","AreaPrice":24,"AreaColor":null},{"AreaShortName":"RSAN","AreaPrice":24,"AreaColor":null},{"AreaShortName":"RSAS","AreaPrice":24,"AreaColor":null},{"AreaShortName":"TAN","AreaPrice":0,"AreaColor":null},{"AreaShortName":"ZAMZ","AreaPrice":24,"AreaColor":null},{"AreaShortName":"ZIM","AreaPrice":24,"AreaColor":null},{"AreaShortName":"ZIMA","AreaPrice":24,"AreaColor":null},{"AreaShortName":"ZAMC","AreaPrice":24,"AreaColor":null},{"AreaShortName":"MOZN_EDM","AreaPrice":24,"AreaColor":null},{"AreaShortName":"MOZN_HCB","AreaPrice":24,"AreaColor":null},{"AreaShortName":"MOZC_EDM","AreaPrice":24,"AreaColor":null},{"AreaShortName":"ESW","AreaPrice":24,"AreaColor":null},{"AreaShortName":"ZAML","AreaPrice":24,"AreaColor":null}],"success":true,"error":"","avgPRZAR":1317.22,"avgPRUSD":65.45,"dateToday":"2023/05/13","currenrPrice":65.45,"matchVolume":0,"tradeVolume":0,"rate":0,"mapColors":[{"ColorName":"Red","RGB1":"rgb(168,70,91)","RGB2":"rgb(89,0,19)","AreaName":"ZAMN"},{"ColorName":"Red","RGB1":"rgb(168,70,91)","RGB2":"rgb(89,0,19)","AreaName":"ZAMM"},{"ColorName":"Red","RGB1":"rgb(168,70,91)","RGB2":"rgb(89,0,19)","AreaName":"BOT"},{"ColorName":"Red","RGB1":"rgb(168,70,91)","RGB2":"rgb(89,0,19)","AreaName":"DRC"},{"ColorName":"Red","RGB1":"rgb(168,70,91)","RGB2":"rgb(89,0,19)","AreaName":"LES"},{"ColorName":"Red","RGB1":"rgb(168,70,91)","RGB2":"rgb(89,0,19)","AreaName":"MOZS"},{"ColorName":"Red","RGB1":"rgb(168,70,91)","RGB2":"rgb(89,0,19)","AreaName":"NAM"},{"ColorName":"Red","RGB1":"rgb(168,70,91)","RGB2":"rgb(89,0,19)","AreaName":"RSAN"},{"ColorName":"Red","RGB1":"rgb(168,70,91)","RGB2":"rgb(89,0,19)","AreaName":"RSAS"},{"ColorName":"Red","RGB1":"rgb(168,70,91)","RGB2":"rgb(89,0,19)","AreaName":"ZAMZ"},{"ColorName":"Red","RGB1":"rgb(168,70,91)","RGB2":"rgb(89,0,19)","AreaName":"ZIM"},{"ColorName":"Red","RGB1":"rgb(168,70,91)","RGB2":"rgb(89,0,19)","AreaName":"ZIMA"},{"ColorName":"Red","RGB1":"rgb(168,70,91)","RGB2":"rgb(89,0,19)","AreaName":"ZAMC"},{"ColorName":"Red","RGB1":"rgb(168,70,91)","RGB2":"rgb(89,0,19)","AreaName":"MOZN_EDM"},{"ColorName":"Red","RGB1":"rgb(168,70,91)","RGB2":"rgb(89,0,19)","AreaName":"MOZN_HCB"},{"ColorName":"Red","RGB1":"rgb(168,70,91)","RGB2":"rgb(89,0,19)","AreaName":"MOZC_EDM"},{"ColorName":"Red","RGB1":"rgb(168,70,91)","RGB2":"rgb(89,0,19)","AreaName":"ESW"},{"ColorName":"Red","RGB1":"rgb(168,70,91)","RGB2":"rgb(89,0,19)","AreaName":"ZAML"},{"ColorName":"Yellow","RGB1":"rgb(249,198,103)","RGB2":"rgb(249,116,0)","AreaName":"ANG"},{"ColorName":"Yellow","RGB1":"rgb(249,198,103)","RGB2":"rgb(249,116,0)","AreaName":"MAL"},{"ColorName":"Yellow","RGB1":"rgb(249,198,103)","RGB2":"rgb(249,116,0)","AreaName":"TAN"}],"excelData":[["Area Name","Price"],["ZAMN",24],["ZAMM",24],["ANG",0],["BOT",24],["DRC",24],["LES",24],["MAL",0],["MOZS",24],["NAM",24],["RSAN",24],["RSAS",24],["TAN",0],["ZAMZ",24],["ZIM",24],["ZIMA",24],["ZAMC",24],["MOZN_EDM",24],["MOZN_HCB",24],["MOZC_EDM",24],["ESW",24],["ZAML",24]]}