{"data":[{"AreaShortName":"ZAMN","AreaPrice":23.95,"AreaColor":null},{"AreaShortName":"ZAMM","AreaPrice":23.95,"AreaColor":null},{"AreaShortName":"ANG","AreaPrice":0,"AreaColor":null},{"AreaShortName":"BOT","AreaPrice":23.95,"AreaColor":null},{"AreaShortName":"DRC","AreaPrice":23.95,"AreaColor":null},{"AreaShortName":"LES","AreaPrice":23.95,"AreaColor":null},{"AreaShortName":"MAL","AreaPrice":0,"AreaColor":null},{"AreaShortName":"MOZS","AreaPrice":23.95,"AreaColor":null},{"AreaShortName":"NAM","AreaPrice":23.95,"AreaColor":null},{"AreaShortName":"RSAN","AreaPrice":23.95,"AreaColor":null},{"AreaShortName":"RSAS","AreaPrice":23.95,"AreaColor":null},{"AreaShortName":"TAN","AreaPrice":0,"AreaColor":null},{"AreaShortName":"ZAMZ","AreaPrice":23.95,"AreaColor":null},{"AreaShortName":"ZIM","AreaPrice":23.95,"AreaColor":null},{"AreaShortName":"ZIMA","AreaPrice":23.95,"AreaColor":null},{"AreaShortName":"ZAMC","AreaPrice":23.95,"AreaColor":null},{"AreaShortName":"MOZN_EDM","AreaPrice":23.95,"AreaColor":null},{"AreaShortName":"MOZN_HCB","AreaPrice":23.95,"AreaColor":null},{"AreaShortName":"MOZC_EDM","AreaPrice":23.95,"AreaColor":null},{"AreaShortName":"ESW","AreaPrice":23.95,"AreaColor":null},{"AreaShortName":"ZAML","AreaPrice":23.95,"AreaColor":null}],"success":true,"error":"","avgPRZAR":1317.22,"avgPRUSD":65.45,"dateToday":"2023/05/13","currenrPrice":65.45,"matchVolume":0,"tradeVolume":0,"rate":0,"mapColors":[{"ColorName":"Red","RGB1":"rgb(168,70,91)","RGB2":"rgb(89,0,19)","AreaName":"ZAMN"},{"ColorName":"Red","RGB1":"rgb(168,70,91)","RGB2":"rgb(89,0,19)","AreaName":"ZAMM"},{"ColorName":"Red","RGB1":"rgb(168,70,91)","RGB2":"rgb(89,0,19)","AreaName":"BOT"},{"ColorName":"Red","RGB1":"rgb(168,70,91)","RGB2":"rgb(89,0,19)","AreaName":"DRC"},{"ColorName":"Red","RGB1":"rgb(168,70,91)","RGB2":"rgb(89,0,19)","AreaName":"LES"},{"ColorName":"Red","RGB1":"rgb(168,70,91)","RGB2":"rgb(89,0,19)","AreaName":"MOZS"},{"ColorName":"Red","RGB1":"rgb(168,70,91)","RGB2":"rgb(89,0,19)","AreaName":"NAM"},{"ColorName":"Red","RGB1":"rgb(168,70,91)","RGB2":"rgb(89,0,19)","AreaName":"RSAN"},{"ColorName":"Red","RGB1":"rgb(168,70,91)","RGB2":"rgb(89,0,19)","AreaName":"RSAS"},{"ColorName":"Red","RGB1":"rgb(168,70,91)","RGB2":"rgb(89,0,19)","AreaName":"ZAMZ"},{"ColorName":"Red","RGB1":"rgb(168,70,91)","RGB2":"rgb(89,0,19)","AreaName":"ZIM"},{"ColorName":"Red","RGB1":"rgb(168,70,91)","RGB2":"rgb(89,0,19)","AreaName":"ZIMA"},{"ColorName":"Red","RGB1":"rgb(168,70,91)","RGB2":"rgb(89,0,19)","AreaName":"ZAMC"},{"ColorName":"Red","RGB1":"rgb(168,70,91)","RGB2":"rgb(89,0,19)","AreaName":"MOZN_EDM"},{"ColorName":"Red","RGB1":"rgb(168,70,91)","RGB2":"rgb(89,0,19)","AreaName":"MOZN_HCB"},{"ColorName":"Red","RGB1":"rgb(168,70,91)","RGB2":"rgb(89,0,19)","AreaName":"MOZC_EDM"},{"ColorName":"Red","RGB1":"rgb(168,70,91)","RGB2":"rgb(89,0,19)","AreaName":"ESW"},{"ColorName":"Red","RGB1":"rgb(168,70,91)","RGB2":"rgb(89,0,19)","AreaName":"ZAML"},{"ColorName":"Yellow","RGB1":"rgb(249,198,103)","RGB2":"rgb(249,116,0)","AreaName":"ANG"},{"ColorName":"Yellow","RGB1":"rgb(249,198,103)","RGB2":"rgb(249,116,0)","AreaName":"MAL"},{"ColorName":"Yellow","RGB1":"rgb(249,198,103)","RGB2":"rgb(249,116,0)","AreaName":"TAN"}],"excelData":[["Area Name","Price"],["ZAMN",23.95],["ZAMM",23.95],["ANG",0],["BOT",23.95],["DRC",23.95],["LES",23.95],["MAL",0],["MOZS",23.95],["NAM",23.95],["RSAN",23.95],["RSAS",23.95],["TAN",0],["ZAMZ",23.95],["ZIM",23.95],["ZIMA",23.95],["ZAMC",23.95],["MOZN_EDM",23.95],["MOZN_HCB",23.95],["MOZC_EDM",23.95],["ESW",23.95],["ZAML",23.95]]}