{"data":[{"AreaShortName":"ZAMN","AreaPrice":33.96,"AreaColor":null},{"AreaShortName":"ZAMM","AreaPrice":33.96,"AreaColor":null},{"AreaShortName":"ANG","AreaPrice":0,"AreaColor":null},{"AreaShortName":"BOT","AreaPrice":33.96,"AreaColor":null},{"AreaShortName":"DRC","AreaPrice":33.96,"AreaColor":null},{"AreaShortName":"LES","AreaPrice":33.96,"AreaColor":null},{"AreaShortName":"MAL","AreaPrice":0,"AreaColor":null},{"AreaShortName":"MOZS","AreaPrice":33.96,"AreaColor":null},{"AreaShortName":"NAM","AreaPrice":33.96,"AreaColor":null},{"AreaShortName":"RSAN","AreaPrice":33.96,"AreaColor":null},{"AreaShortName":"RSAS","AreaPrice":33.96,"AreaColor":null},{"AreaShortName":"TAN","AreaPrice":0,"AreaColor":null},{"AreaShortName":"ZAMZ","AreaPrice":33.96,"AreaColor":null},{"AreaShortName":"ZIM","AreaPrice":33.96,"AreaColor":null},{"AreaShortName":"ZIMA","AreaPrice":33.96,"AreaColor":null},{"AreaShortName":"ZAMC","AreaPrice":33.96,"AreaColor":null},{"AreaShortName":"MOZN_EDM","AreaPrice":33.96,"AreaColor":null},{"AreaShortName":"MOZN_HCB","AreaPrice":33.96,"AreaColor":null},{"AreaShortName":"MOZC_EDM","AreaPrice":33.96,"AreaColor":null},{"AreaShortName":"ESW","AreaPrice":33.96,"AreaColor":null},{"AreaShortName":"ZAML","AreaPrice":33.96,"AreaColor":null}],"success":true,"error":"","avgPRZAR":1317.22,"avgPRUSD":65.45,"dateToday":"2023/05/13","currenrPrice":65.45,"matchVolume":0,"tradeVolume":0,"rate":0,"mapColors":[{"ColorName":"Red","RGB1":"rgb(168,70,91)","RGB2":"rgb(89,0,19)","AreaName":"ZAMN"},{"ColorName":"Red","RGB1":"rgb(168,70,91)","RGB2":"rgb(89,0,19)","AreaName":"ZAMM"},{"ColorName":"Red","RGB1":"rgb(168,70,91)","RGB2":"rgb(89,0,19)","AreaName":"BOT"},{"ColorName":"Red","RGB1":"rgb(168,70,91)","RGB2":"rgb(89,0,19)","AreaName":"DRC"},{"ColorName":"Red","RGB1":"rgb(168,70,91)","RGB2":"rgb(89,0,19)","AreaName":"LES"},{"ColorName":"Red","RGB1":"rgb(168,70,91)","RGB2":"rgb(89,0,19)","AreaName":"MOZS"},{"ColorName":"Red","RGB1":"rgb(168,70,91)","RGB2":"rgb(89,0,19)","AreaName":"NAM"},{"ColorName":"Red","RGB1":"rgb(168,70,91)","RGB2":"rgb(89,0,19)","AreaName":"RSAN"},{"ColorName":"Red","RGB1":"rgb(168,70,91)","RGB2":"rgb(89,0,19)","AreaName":"RSAS"},{"ColorName":"Red","RGB1":"rgb(168,70,91)","RGB2":"rgb(89,0,19)","AreaName":"ZAMZ"},{"ColorName":"Red","RGB1":"rgb(168,70,91)","RGB2":"rgb(89,0,19)","AreaName":"ZIM"},{"ColorName":"Red","RGB1":"rgb(168,70,91)","RGB2":"rgb(89,0,19)","AreaName":"ZIMA"},{"ColorName":"Red","RGB1":"rgb(168,70,91)","RGB2":"rgb(89,0,19)","AreaName":"ZAMC"},{"ColorName":"Red","RGB1":"rgb(168,70,91)","RGB2":"rgb(89,0,19)","AreaName":"MOZN_EDM"},{"ColorName":"Red","RGB1":"rgb(168,70,91)","RGB2":"rgb(89,0,19)","AreaName":"MOZN_HCB"},{"ColorName":"Red","RGB1":"rgb(168,70,91)","RGB2":"rgb(89,0,19)","AreaName":"MOZC_EDM"},{"ColorName":"Red","RGB1":"rgb(168,70,91)","RGB2":"rgb(89,0,19)","AreaName":"ESW"},{"ColorName":"Red","RGB1":"rgb(168,70,91)","RGB2":"rgb(89,0,19)","AreaName":"ZAML"},{"ColorName":"Yellow","RGB1":"rgb(249,198,103)","RGB2":"rgb(249,116,0)","AreaName":"ANG"},{"ColorName":"Yellow","RGB1":"rgb(249,198,103)","RGB2":"rgb(249,116,0)","AreaName":"MAL"},{"ColorName":"Yellow","RGB1":"rgb(249,198,103)","RGB2":"rgb(249,116,0)","AreaName":"TAN"}],"excelData":[["Area Name","Price"],["ZAMN",33.96],["ZAMM",33.96],["ANG",0],["BOT",33.96],["DRC",33.96],["LES",33.96],["MAL",0],["MOZS",33.96],["NAM",33.96],["RSAN",33.96],["RSAS",33.96],["TAN",0],["ZAMZ",33.96],["ZIM",33.96],["ZIMA",33.96],["ZAMC",33.96],["MOZN_EDM",33.96],["MOZN_HCB",33.96],["MOZC_EDM",33.96],["ESW",33.96],["ZAML",33.96]]}