{"data":[{"AreaShortName":"ZAMN","AreaPrice":121.02,"AreaColor":null},{"AreaShortName":"ZAMM","AreaPrice":121.02,"AreaColor":null},{"AreaShortName":"ANG","AreaPrice":0,"AreaColor":null},{"AreaShortName":"BOT","AreaPrice":150.09,"AreaColor":null},{"AreaShortName":"DRC","AreaPrice":266.67,"AreaColor":null},{"AreaShortName":"LES","AreaPrice":150.09,"AreaColor":null},{"AreaShortName":"MAL","AreaPrice":0,"AreaColor":null},{"AreaShortName":"MOZS","AreaPrice":150.09,"AreaColor":null},{"AreaShortName":"NAM","AreaPrice":150.09,"AreaColor":null},{"AreaShortName":"RSAN","AreaPrice":150.09,"AreaColor":null},{"AreaShortName":"RSAS","AreaPrice":150.09,"AreaColor":null},{"AreaShortName":"TAN","AreaPrice":0,"AreaColor":null},{"AreaShortName":"ZAMZ","AreaPrice":121.02,"AreaColor":null},{"AreaShortName":"ZIM","AreaPrice":121.02,"AreaColor":null},{"AreaShortName":"ZIMA","AreaPrice":121.02,"AreaColor":null},{"AreaShortName":"ZAMC","AreaPrice":266.67,"AreaColor":null},{"AreaShortName":"MOZN_EDM","AreaPrice":121.02,"AreaColor":null},{"AreaShortName":"MOZN_HCB","AreaPrice":121.02,"AreaColor":null},{"AreaShortName":"MOZC_EDM","AreaPrice":121.02,"AreaColor":null},{"AreaShortName":"ESW","AreaPrice":150.09,"AreaColor":null},{"AreaShortName":"ZAML","AreaPrice":121.02,"AreaColor":null}],"success":true,"error":"","avgPRZAR":889.82,"avgPRUSD":45.93,"dateToday":"2023/05/07","currenrPrice":45.93,"matchVolume":0,"tradeVolume":0,"rate":0,"mapColors":[{"ColorName":"Red","RGB1":"rgb(168,70,91)","RGB2":"rgb(89,0,19)","AreaName":"ZAMN"},{"ColorName":"Red","RGB1":"rgb(168,70,91)","RGB2":"rgb(89,0,19)","AreaName":"ZAMM"},{"ColorName":"Red","RGB1":"rgb(168,70,91)","RGB2":"rgb(89,0,19)","AreaName":"ZAMZ"},{"ColorName":"Red","RGB1":"rgb(168,70,91)","RGB2":"rgb(89,0,19)","AreaName":"ZIM"},{"ColorName":"Red","RGB1":"rgb(168,70,91)","RGB2":"rgb(89,0,19)","AreaName":"ZIMA"},{"ColorName":"Red","RGB1":"rgb(168,70,91)","RGB2":"rgb(89,0,19)","AreaName":"MOZN_EDM"},{"ColorName":"Red","RGB1":"rgb(168,70,91)","RGB2":"rgb(89,0,19)","AreaName":"MOZN_HCB"},{"ColorName":"Red","RGB1":"rgb(168,70,91)","RGB2":"rgb(89,0,19)","AreaName":"MOZC_EDM"},{"ColorName":"Red","RGB1":"rgb(168,70,91)","RGB2":"rgb(89,0,19)","AreaName":"ZAML"},{"ColorName":"Yellow","RGB1":"rgb(249,198,103)","RGB2":"rgb(249,116,0)","AreaName":"ANG"},{"ColorName":"Yellow","RGB1":"rgb(249,198,103)","RGB2":"rgb(249,116,0)","AreaName":"MAL"},{"ColorName":"Yellow","RGB1":"rgb(249,198,103)","RGB2":"rgb(249,116,0)","AreaName":"TAN"},{"ColorName":"Green","RGB1":"rgb(186,221,95)","RGB2":"rgb(57,130,53)","AreaName":"BOT"},{"ColorName":"Green","RGB1":"rgb(186,221,95)","RGB2":"rgb(57,130,53)","AreaName":"LES"},{"ColorName":"Green","RGB1":"rgb(186,221,95)","RGB2":"rgb(57,130,53)","AreaName":"MOZS"},{"ColorName":"Green","RGB1":"rgb(186,221,95)","RGB2":"rgb(57,130,53)","AreaName":"NAM"},{"ColorName":"Green","RGB1":"rgb(186,221,95)","RGB2":"rgb(57,130,53)","AreaName":"RSAN"},{"ColorName":"Green","RGB1":"rgb(186,221,95)","RGB2":"rgb(57,130,53)","AreaName":"RSAS"},{"ColorName":"Green","RGB1":"rgb(186,221,95)","RGB2":"rgb(57,130,53)","AreaName":"ESW"},{"ColorName":"Blue","RGB1":"rgb(118,202,247)","RGB2":"rgb(0,95,122)","AreaName":"DRC"},{"ColorName":"Blue","RGB1":"rgb(118,202,247)","RGB2":"rgb(0,95,122)","AreaName":"ZAMC"}],"excelData":[["Area Name","Price"],["ZAMN",121.02],["ZAMM",121.02],["ANG",0],["BOT",150.09],["DRC",266.67],["LES",150.09],["MAL",0],["MOZS",150.09],["NAM",150.09],["RSAN",150.09],["RSAS",150.09],["TAN",0],["ZAMZ",121.02],["ZIM",121.02],["ZIMA",121.02],["ZAMC",266.67],["MOZN_EDM",121.02],["MOZN_HCB",121.02],["MOZC_EDM",121.02],["ESW",150.09],["ZAML",121.02]]}