{"data":[{"AreaShortName":"ZAMN","AreaPrice":115.5,"AreaColor":null},{"AreaShortName":"ZAMM","AreaPrice":115.5,"AreaColor":null},{"AreaShortName":"ANG","AreaPrice":0,"AreaColor":null},{"AreaShortName":"BOT","AreaPrice":15.06,"AreaColor":null},{"AreaShortName":"DRC","AreaPrice":115.5,"AreaColor":null},{"AreaShortName":"LES","AreaPrice":15.06,"AreaColor":null},{"AreaShortName":"MAL","AreaPrice":0,"AreaColor":null},{"AreaShortName":"MOZS","AreaPrice":15.06,"AreaColor":null},{"AreaShortName":"NAM","AreaPrice":15.06,"AreaColor":null},{"AreaShortName":"RSAN","AreaPrice":15.06,"AreaColor":null},{"AreaShortName":"RSAS","AreaPrice":15.06,"AreaColor":null},{"AreaShortName":"TAN","AreaPrice":0,"AreaColor":null},{"AreaShortName":"ZAMZ","AreaPrice":115.5,"AreaColor":null},{"AreaShortName":"ZIM","AreaPrice":115.5,"AreaColor":null},{"AreaShortName":"ZIMA","AreaPrice":115.5,"AreaColor":null},{"AreaShortName":"ZAMC","AreaPrice":115.5,"AreaColor":null},{"AreaShortName":"MOZN_EDM","AreaPrice":115.5,"AreaColor":null},{"AreaShortName":"MOZN_HCB","AreaPrice":115.5,"AreaColor":null},{"AreaShortName":"MOZC_EDM","AreaPrice":115.5,"AreaColor":null},{"AreaShortName":"ESW","AreaPrice":15.06,"AreaColor":null},{"AreaShortName":"ZAML","AreaPrice":115.5,"AreaColor":null}],"success":true,"error":"","avgPRZAR":889.82,"avgPRUSD":45.93,"dateToday":"2023/05/07","currenrPrice":45.93,"matchVolume":0,"tradeVolume":0,"rate":0,"mapColors":[{"ColorName":"Red","RGB1":"rgb(168,70,91)","RGB2":"rgb(89,0,19)","AreaName":"ZAMN"},{"ColorName":"Red","RGB1":"rgb(168,70,91)","RGB2":"rgb(89,0,19)","AreaName":"ZAMM"},{"ColorName":"Red","RGB1":"rgb(168,70,91)","RGB2":"rgb(89,0,19)","AreaName":"DRC"},{"ColorName":"Red","RGB1":"rgb(168,70,91)","RGB2":"rgb(89,0,19)","AreaName":"ZAMZ"},{"ColorName":"Red","RGB1":"rgb(168,70,91)","RGB2":"rgb(89,0,19)","AreaName":"ZIM"},{"ColorName":"Red","RGB1":"rgb(168,70,91)","RGB2":"rgb(89,0,19)","AreaName":"ZIMA"},{"ColorName":"Red","RGB1":"rgb(168,70,91)","RGB2":"rgb(89,0,19)","AreaName":"ZAMC"},{"ColorName":"Red","RGB1":"rgb(168,70,91)","RGB2":"rgb(89,0,19)","AreaName":"MOZN_EDM"},{"ColorName":"Red","RGB1":"rgb(168,70,91)","RGB2":"rgb(89,0,19)","AreaName":"MOZN_HCB"},{"ColorName":"Red","RGB1":"rgb(168,70,91)","RGB2":"rgb(89,0,19)","AreaName":"MOZC_EDM"},{"ColorName":"Red","RGB1":"rgb(168,70,91)","RGB2":"rgb(89,0,19)","AreaName":"ZAML"},{"ColorName":"Yellow","RGB1":"rgb(249,198,103)","RGB2":"rgb(249,116,0)","AreaName":"ANG"},{"ColorName":"Yellow","RGB1":"rgb(249,198,103)","RGB2":"rgb(249,116,0)","AreaName":"MAL"},{"ColorName":"Yellow","RGB1":"rgb(249,198,103)","RGB2":"rgb(249,116,0)","AreaName":"TAN"},{"ColorName":"Green","RGB1":"rgb(186,221,95)","RGB2":"rgb(57,130,53)","AreaName":"BOT"},{"ColorName":"Green","RGB1":"rgb(186,221,95)","RGB2":"rgb(57,130,53)","AreaName":"LES"},{"ColorName":"Green","RGB1":"rgb(186,221,95)","RGB2":"rgb(57,130,53)","AreaName":"MOZS"},{"ColorName":"Green","RGB1":"rgb(186,221,95)","RGB2":"rgb(57,130,53)","AreaName":"NAM"},{"ColorName":"Green","RGB1":"rgb(186,221,95)","RGB2":"rgb(57,130,53)","AreaName":"RSAN"},{"ColorName":"Green","RGB1":"rgb(186,221,95)","RGB2":"rgb(57,130,53)","AreaName":"RSAS"},{"ColorName":"Green","RGB1":"rgb(186,221,95)","RGB2":"rgb(57,130,53)","AreaName":"ESW"}],"excelData":[["Area Name","Price"],["ZAMN",115.5],["ZAMM",115.5],["ANG",0],["BOT",15.06],["DRC",115.5],["LES",15.06],["MAL",0],["MOZS",15.06],["NAM",15.06],["RSAN",15.06],["RSAS",15.06],["TAN",0],["ZAMZ",115.5],["ZIM",115.5],["ZIMA",115.5],["ZAMC",115.5],["MOZN_EDM",115.5],["MOZN_HCB",115.5],["MOZC_EDM",115.5],["ESW",15.06],["ZAML",115.5]]}