{"data":[{"ConnectionName":"ANGtoDRC","FromAreaName":"ANG","ToAreaName":"DRC","FlowResult":0,"LineDirection":"line1"},{"ConnectionName":"ANGtoNAM","FromAreaName":"ANG","ToAreaName":"NAM","FlowResult":0,"LineDirection":"line2"},{"ConnectionName":"BOTtoRSAN","FromAreaName":"BOT","ToAreaName":"RSAN","FlowResult":0,"LineDirection":"line2"},{"ConnectionName":"BOTtoZIMA","FromAreaName":"BOT","ToAreaName":"ZIMA","FlowResult":0,"LineDirection":"line2"},{"ConnectionName":"DRCtoANG","FromAreaName":"DRC","ToAreaName":"ANG","FlowResult":0,"LineDirection":"line2"},{"ConnectionName":"DRCtoZAMC","FromAreaName":"DRC","ToAreaName":"ZAMC","FlowResult":0,"LineDirection":"line2"},{"ConnectionName":"ESWtoMOZS","FromAreaName":"ESW","ToAreaName":"MOZS","FlowResult":0,"LineDirection":"line1"},{"ConnectionName":"ESWtoRSAN","FromAreaName":"ESW","ToAreaName":"RSAN","FlowResult":0,"LineDirection":"line1"},{"ConnectionName":"LEStoRSAN","FromAreaName":"LES","ToAreaName":"RSAN","FlowResult":0,"LineDirection":"line1"},{"ConnectionName":"MALtoMOZN_EDM","FromAreaName":"MAL","ToAreaName":"MOZN_EDM","FlowResult":0,"LineDirection":"line2"},{"ConnectionName":"MOZC_EDMtoZIMA","FromAreaName":"MOZC_EDM","ToAreaName":"ZIMA","FlowResult":0,"LineDirection":"line2"},{"ConnectionName":"MOZN_EDMtoMAL","FromAreaName":"MOZN_EDM","ToAreaName":"MAL","FlowResult":0,"LineDirection":"line1"},{"ConnectionName":"MOZN_EDMtoZIMA","FromAreaName":"MOZN_EDM","ToAreaName":"ZIMA","FlowResult":104,"LineDirection":"line1"},{"ConnectionName":"MOZN_EDMtoMOZN_HCB","FromAreaName":"MOZN_EDM","ToAreaName":"MOZN_HCB","FlowResult":0,"LineDirection":"line1"},{"ConnectionName":"MOZN_HCBtoRSAN","FromAreaName":"MOZN_HCB","ToAreaName":"RSAN","FlowResult":0,"LineDirection":"line2"},{"ConnectionName":"MOZN_HCBtoMOZN_EDM","FromAreaName":"MOZN_HCB","ToAreaName":"MOZN_EDM","FlowResult":0,"LineDirection":"line2"},{"ConnectionName":"MOZStoRSAN","FromAreaName":"MOZS","ToAreaName":"RSAN","FlowResult":0,"LineDirection":"line2"},{"ConnectionName":"MOZStoESW","FromAreaName":"MOZS","ToAreaName":"ESW","FlowResult":0,"LineDirection":"line2"},{"ConnectionName":"NAMtoRSAS","FromAreaName":"NAM","ToAreaName":"RSAS","FlowResult":0,"LineDirection":"line2"},{"ConnectionName":"NAMtoZAMZ","FromAreaName":"NAM","ToAreaName":"ZAMZ","FlowResult":0,"LineDirection":"line1"},{"ConnectionName":"NAMtoANG","FromAreaName":"NAM","ToAreaName":"ANG","FlowResult":0,"LineDirection":"line1"},{"ConnectionName":"RSANtoLES","FromAreaName":"RSAN","ToAreaName":"LES","FlowResult":0,"LineDirection":"line2"},{"ConnectionName":"RSANtoBOT","FromAreaName":"RSAN","ToAreaName":"BOT","FlowResult":0,"LineDirection":"line1"},{"ConnectionName":"RSANtoMOZS","FromAreaName":"RSAN","ToAreaName":"MOZS","FlowResult":0,"LineDirection":"line1"},{"ConnectionName":"RSANtoRSAS","FromAreaName":"RSAN","ToAreaName":"RSAS","FlowResult":0,"LineDirection":"line2"},{"ConnectionName":"RSANtoMOZN_HCB","FromAreaName":"RSAN","ToAreaName":"MOZN_HCB","FlowResult":0,"LineDirection":"line1"},{"ConnectionName":"RSANtoESW","FromAreaName":"RSAN","ToAreaName":"ESW","FlowResult":0,"LineDirection":"line2"},{"ConnectionName":"RSAStoNAM","FromAreaName":"RSAS","ToAreaName":"NAM","FlowResult":0,"LineDirection":"line1"},{"ConnectionName":"RSAStoRSAN","FromAreaName":"RSAS","ToAreaName":"RSAN","FlowResult":0,"LineDirection":"line1"},{"ConnectionName":"TANtoZAMZ","FromAreaName":"TAN","ToAreaName":"ZAMZ","FlowResult":0,"LineDirection":"line2"},{"ConnectionName":"ZAMCtoZAMN","FromAreaName":"ZAMC","ToAreaName":"ZAMN","FlowResult":0,"LineDirection":"line2"},{"ConnectionName":"ZAMCtoDRC","FromAreaName":"ZAMC","ToAreaName":"DRC","FlowResult":0,"LineDirection":"line1"},{"ConnectionName":"ZAMCtoZAMZ","FromAreaName":"ZAMC","ToAreaName":"ZAMZ","FlowResult":-104,"LineDirection":"line2"},{"ConnectionName":"ZAMLtoZAMZ","FromAreaName":"ZAML","ToAreaName":"ZAMZ","FlowResult":0,"LineDirection":"line1"},{"ConnectionName":"ZAMMtoZAMZ","FromAreaName":"ZAMM","ToAreaName":"ZAMZ","FlowResult":0,"LineDirection":"line1"},{"ConnectionName":"ZAMNtoZAMZ","FromAreaName":"ZAMN","ToAreaName":"ZAMZ","FlowResult":0,"LineDirection":"line1"},{"ConnectionName":"ZAMNtoZAMC","FromAreaName":"ZAMN","ToAreaName":"ZAMC","FlowResult":0,"LineDirection":"line1"},{"ConnectionName":"ZAMZtoZAMN","FromAreaName":"ZAMZ","ToAreaName":"ZAMN","FlowResult":0,"LineDirection":"line2"},{"ConnectionName":"ZAMZtoZAMM","FromAreaName":"ZAMZ","ToAreaName":"ZAMM","FlowResult":0,"LineDirection":"line2"},{"ConnectionName":"ZAMZtoNAM","FromAreaName":"ZAMZ","ToAreaName":"NAM","FlowResult":0,"LineDirection":"line2"},{"ConnectionName":"ZAMZtoTAN","FromAreaName":"ZAMZ","ToAreaName":"TAN","FlowResult":0,"LineDirection":"line1"},{"ConnectionName":"ZAMZtoZAMC","FromAreaName":"ZAMZ","ToAreaName":"ZAMC","FlowResult":104,"LineDirection":"line2"},{"ConnectionName":"ZAMZtoZIM","FromAreaName":"ZAMZ","ToAreaName":"ZIM","FlowResult":-104,"LineDirection":"line2"},{"ConnectionName":"ZAMZtoZAML","FromAreaName":"ZAMZ","ToAreaName":"ZAML","FlowResult":0,"LineDirection":"line2"},{"ConnectionName":"ZIMtoZAMZ","FromAreaName":"ZIM","ToAreaName":"ZAMZ","FlowResult":104,"LineDirection":"line2"},{"ConnectionName":"ZIMtoZIMA","FromAreaName":"ZIM","ToAreaName":"ZIMA","FlowResult":-104,"LineDirection":"line1"},{"ConnectionName":"ZIMAtoBOT","FromAreaName":"ZIMA","ToAreaName":"BOT","FlowResult":0,"LineDirection":"line1"},{"ConnectionName":"ZIMAtoZIM","FromAreaName":"ZIMA","ToAreaName":"ZIM","FlowResult":104,"LineDirection":"line1"},{"ConnectionName":"ZIMAtoMOZN_EDM","FromAreaName":"ZIMA","ToAreaName":"MOZN_EDM","FlowResult":-104,"LineDirection":"line1"},{"ConnectionName":"ZIMAtoMOZC_EDM","FromAreaName":"ZIMA","ToAreaName":"MOZC_EDM","FlowResult":0,"LineDirection":"line1"}],"success":true,"error":"","excelData":[["From Area","To Area","Flow Result"],["ANG","DRC",0],["ANG","NAM",0],["BOT","RSAN",0],["BOT","ZIMA",0],["DRC","ANG",0],["DRC","ZAMC",0],["ESW","MOZS",0],["ESW","RSAN",0],["LES","RSAN",0],["MAL","MOZN_EDM",0],["MOZC_EDM","ZIMA",0],["MOZN_EDM","MAL",0],["MOZN_EDM","ZIMA",104],["MOZN_EDM","MOZN_HCB",0],["MOZN_HCB","RSAN",0],["MOZN_HCB","MOZN_EDM",0],["MOZS","RSAN",0],["MOZS","ESW",0],["NAM","RSAS",0],["NAM","ZAMZ",0],["NAM","ANG",0],["RSAN","LES",0],["RSAN","BOT",0],["RSAN","MOZS",0],["RSAN","RSAS",0],["RSAN","MOZN_HCB",0],["RSAN","ESW",0],["RSAS","NAM",0],["RSAS","RSAN",0],["TAN","ZAMZ",0],["ZAMC","ZAMN",0],["ZAMC","DRC",0],["ZAMC","ZAMZ",-104],["ZAML","ZAMZ",0],["ZAMM","ZAMZ",0],["ZAMN","ZAMZ",0],["ZAMN","ZAMC",0],["ZAMZ","ZAMN",0],["ZAMZ","ZAMM",0],["ZAMZ","NAM",0],["ZAMZ","TAN",0],["ZAMZ","ZAMC",104],["ZAMZ","ZIM",-104],["ZAMZ","ZAML",0],["ZIM","ZAMZ",104],["ZIM","ZIMA",-104],["ZIMA","BOT",0],["ZIMA","ZIM",104],["ZIMA","MOZN_EDM",-104],["ZIMA","MOZC_EDM",0]],"validAreadata":[{"Id":82,"CountryId":12,"AreaName":"Zambia-NECL","AreaShortName":"ZAMN","MapColour":"#ffffff","IsOptimisationArea":false,"HasWheelingSettlement":true,"ValidFromInclDate":"/Date(1622412000000)/","ValidToInclDate":"/Date(1924898400000)/","CreatorId":"00000000-0000-0000-0000-000000000003","CreationTime":"/Date(1622026875000)/","LastModifierId":"00000000-0000-0000-0000-000000000003","LastModificationTime":"/Date(1622026875000)/"},{"Id":122,"CountryId":12,"AreaName":"ZAMBIA - MCL","AreaShortName":"ZAMM","MapColour":"#ffffff","IsOptimisationArea":false,"HasWheelingSettlement":false,"ValidFromInclDate":"/Date(1672264800000)/","ValidToInclDate":"/Date(1924898400000)/","CreatorId":"00000000-0000-0000-0000-000000000003","CreationTime":"/Date(1671542315000)/","LastModifierId":"00000000-0000-0000-0000-000000000003","LastModificationTime":"/Date(1672307519000)/"},{"Id":1,"CountryId":3,"AreaName":"Angola","AreaShortName":"ANG","MapColour":"ee16d2","IsOptimisationArea":false,"HasWheelingSettlement":true,"ValidFromInclDate":"/Date(1388527200000)/","ValidToInclDate":"/Date(1924898400000)/","CreatorId":"00000000-0000-0000-0000-000000000001","CreationTime":"/Date(1417593004000)/","LastModifierId":"00000000-0000-0000-0000-000000000001","LastModificationTime":"/Date(1417593004000)/"},{"Id":2,"CountryId":4,"AreaName":"Botswana","AreaShortName":"BOT","MapColour":"6b92d5","IsOptimisationArea":false,"HasWheelingSettlement":true,"ValidFromInclDate":"/Date(1388527200000)/","ValidToInclDate":"/Date(1924898400000)/","CreatorId":"00000000-0000-0000-0000-000000000004","CreationTime":"/Date(1421998803000)/","LastModifierId":"00000000-0000-0000-0000-000000000004","LastModificationTime":"/Date(1421998803000)/"},{"Id":3,"CountryId":5,"AreaName":"Democratic Republic Congo","AreaShortName":"DRC","MapColour":"a349a4","IsOptimisationArea":false,"HasWheelingSettlement":true,"ValidFromInclDate":"/Date(1388527200000)/","ValidToInclDate":"/Date(1924898400000)/","CreatorId":"00000000-0000-0000-0000-000000000001","CreationTime":"/Date(1415712775000)/","LastModifierId":"00000000-0000-0000-0000-000000000001","LastModificationTime":"/Date(1415712775000)/"},{"Id":4,"CountryId":6,"AreaName":"Lesotho","AreaShortName":"LES","MapColour":"ffaec9","IsOptimisationArea":false,"HasWheelingSettlement":true,"ValidFromInclDate":"/Date(1388527200000)/","ValidToInclDate":"/Date(1924898400000)/","CreatorId":"00000000-0000-0000-0000-000000000001","CreationTime":"/Date(1404165600000)/","LastModifierId":"00000000-0000-0000-0000-000000000001","LastModificationTime":"/Date(1404165600000)/"},{"Id":5,"CountryId":7,"AreaName":"Malawi","AreaShortName":"MAL","MapColour":"c3c3c3","IsOptimisationArea":false,"HasWheelingSettlement":true,"ValidFromInclDate":"/Date(1388527200000)/","ValidToInclDate":"/Date(1924898400000)/","CreatorId":"00000000-0000-0000-0000-000000000001","CreationTime":"/Date(1404165600000)/","LastModifierId":"00000000-0000-0000-0000-000000000001","LastModificationTime":"/Date(1404165600000)/"},{"Id":7,"CountryId":8,"AreaName":"Mozambique-South","AreaShortName":"MOZS","MapColour":"efe4b0","IsOptimisationArea":false,"HasWheelingSettlement":true,"ValidFromInclDate":"/Date(1388527200000)/","ValidToInclDate":"/Date(1924898400000)/","CreatorId":"00000000-0000-0000-0000-000000000001","CreationTime":"/Date(1404165600000)/","LastModifierId":"00000000-0000-0000-0000-000000000001","LastModificationTime":"/Date(1404165600000)/"},{"Id":8,"CountryId":9,"AreaName":"Namibia","AreaShortName":"NAM","MapColour":"d9220a","IsOptimisationArea":false,"HasWheelingSettlement":true,"ValidFromInclDate":"/Date(1388527200000)/","ValidToInclDate":"/Date(1924898400000)/","CreatorId":"00000000-0000-0000-0000-000000000003","CreationTime":"/Date(1418030056000)/","LastModifierId":"00000000-0000-0000-0000-000000000003","LastModificationTime":"/Date(1418030056000)/"},{"Id":9,"CountryId":1,"AreaName":"South-Africa-North","AreaShortName":"RSAN","MapColour":"ffc90e","IsOptimisationArea":false,"HasWheelingSettlement":true,"ValidFromInclDate":"/Date(1388527200000)/","ValidToInclDate":"/Date(1924898400000)/","CreatorId":"00000000-0000-0000-0000-000000000001","CreationTime":"/Date(1404165600000)/","LastModifierId":"00000000-0000-0000-0000-000000000001","LastModificationTime":"/Date(1404165600000)/"},{"Id":10,"CountryId":1,"AreaName":"South-Africa-South","AreaShortName":"RSAS","MapColour":"fff200","IsOptimisationArea":false,"HasWheelingSettlement":true,"ValidFromInclDate":"/Date(1388527200000)/","ValidToInclDate":"/Date(1924898400000)/","CreatorId":"00000000-0000-0000-0000-000000000001","CreationTime":"/Date(1404165600000)/","LastModifierId":"00000000-0000-0000-0000-000000000001","LastModificationTime":"/Date(1404165600000)/"},{"Id":12,"CountryId":11,"AreaName":"Tanzania","AreaShortName":"TAN","MapColour":"ed1c24","IsOptimisationArea":false,"HasWheelingSettlement":true,"ValidFromInclDate":"/Date(1388527200000)/","ValidToInclDate":"/Date(1924898400000)/","CreatorId":"00000000-0000-0000-0000-000000000001","CreationTime":"/Date(1404165600000)/","LastModifierId":"00000000-0000-0000-0000-000000000001","LastModificationTime":"/Date(1404165600000)/"},{"Id":13,"CountryId":12,"AreaName":"Zambia-Zesco","AreaShortName":"ZAMZ","MapColour":"7092be","IsOptimisationArea":false,"HasWheelingSettlement":true,"ValidFromInclDate":"/Date(1388527200000)/","ValidToInclDate":"/Date(1924898400000)/","CreatorId":"00000000-0000-0000-0000-000000000001","CreationTime":"/Date(1414076773000)/","LastModifierId":"00000000-0000-0000-0000-000000000001","LastModificationTime":"/Date(1414076773000)/"},{"Id":14,"CountryId":2,"AreaName":"Zimbabwe","AreaShortName":"ZIM","MapColour":"22b14c","IsOptimisationArea":false,"HasWheelingSettlement":true,"ValidFromInclDate":"/Date(1388527200000)/","ValidToInclDate":"/Date(1924898400000)/","CreatorId":"00000000-0000-0000-0000-000000000001","CreationTime":"/Date(1404165600000)/","LastModifierId":"00000000-0000-0000-0000-000000000001","LastModificationTime":"/Date(1404165600000)/"},{"Id":18,"CountryId":2,"AreaName":"Zimbabwe-optimzation area","AreaShortName":"ZIMA","MapColour":"22b14c","IsOptimisationArea":true,"HasWheelingSettlement":true,"ValidFromInclDate":"/Date(1388527200000)/","ValidToInclDate":"/Date(1924898400000)/","CreatorId":"00000000-0000-0000-0000-000000000001","CreationTime":"/Date(1414054950000)/","LastModifierId":"00000000-0000-0000-0000-000000000001","LastModificationTime":"/Date(1414054950000)/"},{"Id":68,"CountryId":12,"AreaName":"Zambia-CEC","AreaShortName":"ZAMC","MapColour":"b5e61d","IsOptimisationArea":false,"HasWheelingSettlement":true,"ValidFromInclDate":"/Date(1388527200000)/","ValidToInclDate":"/Date(1924898400000)/","CreatorId":"00000000-0000-0000-0000-000000000001","CreationTime":"/Date(1414076749000)/","LastModifierId":"00000000-0000-0000-0000-000000000001","LastModificationTime":"/Date(1414076749000)/"},{"Id":77,"CountryId":8,"AreaName":"Mozambique North - EDM","AreaShortName":"MOZN_EDM","MapColour":"f97808","IsOptimisationArea":false,"HasWheelingSettlement":true,"ValidFromInclDate":"/Date(1435701600000)/","ValidToInclDate":"/Date(1924898400000)/","CreatorId":"00000000-0000-0000-0000-000000000061","CreationTime":"/Date(1435586217000)/","LastModifierId":"00000000-0000-0000-0000-000000000061","LastModificationTime":"/Date(1435586217000)/"},{"Id":78,"CountryId":8,"AreaName":"Mozambique North - HCB","AreaShortName":"MOZN_HCB","MapColour":"081cd1","IsOptimisationArea":false,"HasWheelingSettlement":true,"ValidFromInclDate":"/Date(1435701600000)/","ValidToInclDate":"/Date(1924898400000)/","CreatorId":"00000000-0000-0000-0000-000000000061","CreationTime":"/Date(1435586252000)/","LastModifierId":"00000000-0000-0000-0000-000000000061","LastModificationTime":"/Date(1435586252000)/"},{"Id":79,"CountryId":8,"AreaName":"Mozambique Central - EDM","AreaShortName":"MOZC_EDM","MapColour":"#ffffff","IsOptimisationArea":false,"HasWheelingSettlement":true,"ValidFromInclDate":"/Date(1514671200000)/","ValidToInclDate":"/Date(1924898400000)/","CreatorId":"00000000-0000-0000-0000-000000000003","CreationTime":"/Date(1511445781000)/","LastModifierId":"00000000-0000-0000-0000-000000000003","LastModificationTime":"/Date(1511445781000)/"},{"Id":80,"CountryId":13,"AreaName":"Eswatini","AreaShortName":"ESW","MapColour":"#ffffff","IsOptimisationArea":false,"HasWheelingSettlement":true,"ValidFromInclDate":"/Date(1577743200000)/","ValidToInclDate":"/Date(1924898400000)/","CreatorId":"00000000-0000-0000-0000-000000000003","CreationTime":"/Date(1576581573000)/","LastModifierId":"00000000-0000-0000-0000-000000000003","LastModificationTime":"/Date(1576581573000)/"},{"Id":81,"CountryId":12,"AreaName":"Zambia-LHPC","AreaShortName":"ZAML","MapColour":"#ffffff","IsOptimisationArea":false,"HasWheelingSettlement":true,"ValidFromInclDate":"/Date(1588197600000)/","ValidToInclDate":"/Date(1924898400000)/","CreatorId":"00000000-0000-0000-0000-000000000003","CreationTime":"/Date(1588080028000)/","LastModifierId":"00000000-0000-0000-0000-000000000003","LastModificationTime":"/Date(1588080028000)/"}]}